source_dataset,threshold_minutes,scenario,n_removed,removed_service_municipio,newly_uncovered_complete_case,newly_uncovered_upper_bound,adult_population_complete_case,adult_population_missing_anchor,adult_population_covered,adult_population_uncovered,adult_population_uncovered_upper_bound,n_complete_case_municipality_year,n_missing_anchor_municipality_year,newly_uncovered_complete_case_display,newly_uncovered_upper_bound_display,source_artifact,source_sha256
targeted_structural_stress_test,120,sequential_top_B_in_strength,1,355030,8408.0,8408.0,801096930.0,3973.0,621156047.0,179940883.0,179944856.0,27850,1,8408,8408,aim3_resilience_sequential_display_v2.csv,c187c0857fbb8a084f8c7e383b4afa8c4151caf7e2f4a454593cfabeb24f6563
targeted_structural_stress_test,120,sequential_top_B_in_strength,2,292740,77314.0,77314.0,801096930.0,3973.0,621087141.0,180009789.0,180013762.0,27850,1,77314,77314,aim3_resilience_sequential_display_v2.csv,c187c0857fbb8a084f8c7e383b4afa8c4151caf7e2f4a454593cfabeb24f6563
targeted_structural_stress_test,120,sequential_top_B_in_strength,3,240310,1540067.0,1540067.0,801096930.0,3973.0,619624388.0,181472542.0,181476515.0,27850,1,1540067,1540067,aim3_resilience_sequential_display_v2.csv,c187c0857fbb8a084f8c7e383b4afa8c4151caf7e2f4a454593cfabeb24f6563
targeted_structural_stress_test,120,sequential_top_B_in_strength,4,230440,18457403.0,18457403.0,801096930.0,3973.0,602707052.0,198389878.0,198393851.0,27850,1,18457403,18457403,aim3_resilience_sequential_display_v2.csv,c187c0857fbb8a084f8c7e383b4afa8c4151caf7e2f4a454593cfabeb24f6563
targeted_structural_stress_test,120,sequential_top_B_in_strength,5,261160,20525680.0,20525680.0,801096930.0,3973.0,600638775.0,200458155.0,200462128.0,27850,1,20525680,20525680,aim3_resilience_sequential_display_v2.csv,c187c0857fbb8a084f8c7e383b4afa8c4151caf7e2f4a454593cfabeb24f6563
targeted_structural_stress_test,120,sequential_top_B_in_strength,6,310620,23163747.0,23163747.0,801096930.0,3973.0,598000708.0,203096222.0,203100195.0,27850,1,23163747,23163747,aim3_resilience_sequential_display_v2.csv,c187c0857fbb8a084f8c7e383b4afa8c4151caf7e2f4a454593cfabeb24f6563
targeted_structural_stress_test,120,sequential_top_B_in_strength,7,260410,30538016.0,30538016.0,801096930.0,3973.0,590626439.0,210470491.0,210474464.0,27850,1,30538016,30538016,aim3_resilience_sequential_display_v2.csv,c187c0857fbb8a084f8c7e383b4afa8c4151caf7e2f4a454593cfabeb24f6563
targeted_structural_stress_test,120,sequential_top_B_in_strength,8,431490,36134877.0,36134877.0,801096930.0,3973.0,585029578.0,216067352.0,216071325.0,27850,1,36134877,36134877,aim3_resilience_sequential_display_v2.csv,c187c0857fbb8a084f8c7e383b4afa8c4151caf7e2f4a454593cfabeb24f6563
targeted_structural_stress_test,120,sequential_top_B_in_strength,9,130260,44514054.0,44514054.0,801096930.0,3973.0,576650401.0,224446529.0,224450502.0,27850,1,44514054,44514054,aim3_resilience_sequential_display_v2.csv,c187c0857fbb8a084f8c7e383b4afa8c4151caf7e2f4a454593cfabeb24f6563
targeted_structural_stress_test,120,sequential_top_B_in_strength,10,330455,44604594.0,44604594.0,801096930.0,3973.0,576559861.0,224537069.0,224541042.0,27850,1,44604594,44604594,aim3_resilience_sequential_display_v2.csv,c187c0857fbb8a084f8c7e383b4afa8c4151caf7e2f4a454593cfabeb24f6563
targeted_structural_stress_test,120,sequential_top_B_in_strength,11,354980,44708822.0,44708822.0,801096930.0,3973.0,576455633.0,224641297.0,224645270.0,27850,1,44708822,44708822,aim3_resilience_sequential_display_v2.csv,c187c0857fbb8a084f8c7e383b4afa8c4151caf7e2f4a454593cfabeb24f6563
targeted_structural_stress_test,120,sequential_top_B_in_strength,12,211130,51016900.0,51016900.0,801096930.0,3973.0,570147555.0,230949375.0,230953348.0,27850,1,51016900,51016900,aim3_resilience_sequential_display_v2.csv,c187c0857fbb8a084f8c7e383b4afa8c4151caf7e2f4a454593cfabeb24f6563
targeted_structural_stress_test,120,sequential_top_B_in_strength,13,431690,52198971.0,52198971.0,801096930.0,3973.0,568965484.0,232131446.0,232135419.0,27850,1,52198971,52198971,aim3_resilience_sequential_display_v2.csv,c187c0857fbb8a084f8c7e383b4afa8c4151caf7e2f4a454593cfabeb24f6563
targeted_structural_stress_test,120,sequential_top_B_in_strength,14,411370,52221741.0,52221741.0,801096930.0,3973.0,568942714.0,232154216.0,232158189.0,27850,1,52221741,52221741,aim3_resilience_sequential_display_v2.csv,c187c0857fbb8a084f8c7e383b4afa8c4151caf7e2f4a454593cfabeb24f6563
targeted_structural_stress_test,120,sequential_top_B_in_strength,15,320530,52261924.0,52261924.0,801096930.0,3973.0,568902531.0,232194399.0,232198372.0,27850,1,52261924,52261924,aim3_resilience_sequential_display_v2.csv,c187c0857fbb8a084f8c7e383b4afa8c4151caf7e2f4a454593cfabeb24f6563
targeted_structural_stress_test,120,sequential_top_B_in_strength,16,350950,52261924.0,52261924.0,801096930.0,3973.0,568902531.0,232194399.0,232198372.0,27850,1,52261924,52261924,aim3_resilience_sequential_display_v2.csv,c187c0857fbb8a084f8c7e383b4afa8c4151caf7e2f4a454593cfabeb24f6563
targeted_structural_stress_test,120,sequential_top_B_in_strength,17,350600,52261924.0,52261924.0,801096930.0,3973.0,568902531.0,232194399.0,232198372.0,27850,1,52261924,52261924,aim3_resilience_sequential_display_v2.csv,c187c0857fbb8a084f8c7e383b4afa8c4151caf7e2f4a454593cfabeb24f6563
targeted_structural_stress_test,120,sequential_top_B_in_strength,18,354140,53494595.0,53494595.0,801096930.0,3973.0,567669860.0,233427070.0,233431043.0,27850,1,53494595,53494595,aim3_resilience_sequential_display_v2.csv,c187c0857fbb8a084f8c7e383b4afa8c4151caf7e2f4a454593cfabeb24f6563
targeted_structural_stress_test,120,sequential_top_B_in_strength,19,410690,53749846.0,53749846.0,801096930.0,3973.0,567414609.0,233682321.0,233686294.0,27850,1,53749846,53749846,aim3_resilience_sequential_display_v2.csv,c187c0857fbb8a084f8c7e383b4afa8c4151caf7e2f4a454593cfabeb24f6563
targeted_structural_stress_test,120,sequential_top_B_in_strength,20,520870,54186965.0,54186965.0,801096930.0,3973.0,566977490.0,234119440.0,234123413.0,27850,1,54186965,54186965,aim3_resilience_sequential_display_v2.csv,c187c0857fbb8a084f8c7e383b4afa8c4151caf7e2f4a454593cfabeb24f6563
targeted_structural_stress_test,120,sequential_top_B_in_strength,21,313670,55123033.0,55123033.0,801096930.0,3973.0,566041422.0,235055508.0,235059481.0,27850,1,55123033,55123033,aim3_resilience_sequential_display_v2.csv,c187c0857fbb8a084f8c7e383b4afa8c4151caf7e2f4a454593cfabeb24f6563
targeted_structural_stress_test,120,sequential_top_B_in_strength,22,320500,57489252.0,57489252.0,801096930.0,3973.0,563675203.0,237421727.0,237425700.0,27850,1,57489252,57489252,aim3_resilience_sequential_display_v2.csv,c187c0857fbb8a084f8c7e383b4afa8c4151caf7e2f4a454593cfabeb24f6563
targeted_structural_stress_test,120,sequential_top_B_in_strength,23,530010,70864398.0,70864398.0,801096930.0,3973.0,550300057.0,250796873.0,250800846.0,27850,1,70864398,70864398,aim3_resilience_sequential_display_v2.csv,c187c0857fbb8a084f8c7e383b4afa8c4151caf7e2f4a454593cfabeb24f6563
targeted_structural_stress_test,120,sequential_top_B_in_strength,24,150140,75837811.0,75837811.0,801096930.0,3973.0,545326644.0,255770286.0,255774259.0,27850,1,75837811,75837811,aim3_resilience_sequential_display_v2.csv,c187c0857fbb8a084f8c7e383b4afa8c4151caf7e2f4a454593cfabeb24f6563
targeted_structural_stress_test,120,sequential_top_B_in_strength,25,355220,76084547.0,76084547.0,801096930.0,3973.0,545079908.0,256017022.0,256020995.0,27850,1,76084547,76084547,aim3_resilience_sequential_display_v2.csv,c187c0857fbb8a084f8c7e383b4afa8c4151caf7e2f4a454593cfabeb24f6563
targeted_structural_stress_test,120,sequential_top_B_in_strength,26,291080,94480674.0,94480674.0,801096930.0,3973.0,526683781.0,274413149.0,274417122.0,27850,1,94480674,94480674,aim3_resilience_sequential_display_v2.csv,c187c0857fbb8a084f8c7e383b4afa8c4151caf7e2f4a454593cfabeb24f6563
targeted_structural_stress_test,120,sequential_top_B_in_strength,27,317020,96403936.0,96403936.0,801096930.0,3973.0,524760519.0,276336411.0,276340384.0,27850,1,96403936,96403936,aim3_resilience_sequential_display_v2.csv,c187c0857fbb8a084f8c7e383b4afa8c4151caf7e2f4a454593cfabeb24f6563
targeted_structural_stress_test,120,sequential_top_B_in_strength,28,280030,103920699.0,103920699.0,801096930.0,3973.0,517243756.0,283853174.0,283857147.0,27850,1,103920699,103920699,aim3_resilience_sequential_display_v2.csv,c187c0857fbb8a084f8c7e383b4afa8c4151caf7e2f4a454593cfabeb24f6563
targeted_structural_stress_test,120,sequential_top_B_in_strength,29,420540,103920699.0,103920699.0,801096930.0,3973.0,517243756.0,283853174.0,283857147.0,27850,1,103920699,103920699,aim3_resilience_sequential_display_v2.csv,c187c0857fbb8a084f8c7e383b4afa8c4151caf7e2f4a454593cfabeb24f6563
targeted_structural_stress_test,120,sequential_top_B_in_strength,30,420290,103975245.0,103975245.0,801096930.0,3973.0,517189210.0,283907720.0,283911693.0,27850,1,103975245,103975245,aim3_resilience_sequential_display_v2.csv,c187c0857fbb8a084f8c7e383b4afa8c4151caf7e2f4a454593cfabeb24f6563
targeted_structural_stress_test,120,sequential_top_B_in_strength,31,410480,105014434.0,105014434.0,801096930.0,3973.0,516150021.0,284946909.0,284950882.0,27850,1,105014434,105014434,aim3_resilience_sequential_display_v2.csv,c187c0857fbb8a084f8c7e383b4afa8c4151caf7e2f4a454593cfabeb24f6563
targeted_structural_stress_test,120,sequential_top_B_in_strength,32,510340,108172292.0,108172292.0,801096930.0,3973.0,512992163.0,288104767.0,288108740.0,27850,1,108172292,108172292,aim3_resilience_sequential_display_v2.csv,c187c0857fbb8a084f8c7e383b4afa8c4151caf7e2f4a454593cfabeb24f6563
targeted_structural_stress_test,120,sequential_top_B_in_strength,33,430510,108619768.0,108619768.0,801096930.0,3973.0,512544687.0,288552243.0,288556216.0,27850,1,108619768,108619768,aim3_resilience_sequential_display_v2.csv,c187c0857fbb8a084f8c7e383b4afa8c4151caf7e2f4a454593cfabeb24f6563
targeted_structural_stress_test,120,sequential_top_B_in_strength,34,351880,108619768.0,108619768.0,801096930.0,3973.0,512544687.0,288552243.0,288556216.0,27850,1,108619768,108619768,aim3_resilience_sequential_display_v2.csv,c187c0857fbb8a084f8c7e383b4afa8c4151caf7e2f4a454593cfabeb24f6563
targeted_structural_stress_test,120,sequential_top_B_in_strength,35,352590,108619768.0,108619768.0,801096930.0,3973.0,512544687.0,288552243.0,288556216.0,27850,1,108619768,108619768,aim3_resilience_sequential_display_v2.csv,c187c0857fbb8a084f8c7e383b4afa8c4151caf7e2f4a454593cfabeb24f6563
targeted_structural_stress_test,120,sequential_top_B_in_strength,36,500270,112202571.0,112202571.0,801096930.0,3973.0,508961884.0,292135046.0,292139019.0,27850,1,112202571,112202571,aim3_resilience_sequential_display_v2.csv,c187c0857fbb8a084f8c7e383b4afa8c4151caf7e2f4a454593cfabeb24f6563
targeted_structural_stress_test,120,sequential_top_B_in_strength,37,221100,117181471.0,117181471.0,801096930.0,3973.0,503982984.0,297113946.0,297117919.0,27850,1,117181471,117181471,aim3_resilience_sequential_display_v2.csv,c187c0857fbb8a084f8c7e383b4afa8c4151caf7e2f4a454593cfabeb24f6563
targeted_structural_stress_test,120,sequential_top_B_in_strength,38,521930,117772802.0,117772802.0,801096930.0,3973.0,503391653.0,297705277.0,297709250.0,27850,1,117772802,117772802,aim3_resilience_sequential_display_v2.csv,c187c0857fbb8a084f8c7e383b4afa8c4151caf7e2f4a454593cfabeb24f6563
targeted_structural_stress_test,120,sequential_top_B_in_strength,39,315250,118213348.0,118213348.0,801096930.0,3973.0,502951107.0,298145823.0,298149796.0,27850,1,118213348,118213348,aim3_resilience_sequential_display_v2.csv,c187c0857fbb8a084f8c7e383b4afa8c4151caf7e2f4a454593cfabeb24f6563
targeted_structural_stress_test,120,sequential_top_B_in_strength,40,430860,121722368.0,121722368.0,801096930.0,3973.0,499442087.0,301654843.0,301658816.0,27850,1,121722368,121722368,aim3_resilience_sequential_display_v2.csv,c187c0857fbb8a084f8c7e383b4afa8c4151caf7e2f4a454593cfabeb24f6563
targeted_structural_stress_test,120,sequential_top_B_in_strength,41,521150,122320819.0,122320819.0,801096930.0,3973.0,498843636.0,302253294.0,302257267.0,27850,1,122320819,122320819,aim3_resilience_sequential_display_v2.csv,c187c0857fbb8a084f8c7e383b4afa8c4151caf7e2f4a454593cfabeb24f6563
targeted_structural_stress_test,120,sequential_top_B_in_strength,42,320120,123016245.0,123016245.0,801096930.0,3973.0,498148210.0,302948720.0,302952693.0,27850,1,123016245,123016245,aim3_resilience_sequential_display_v2.csv,c187c0857fbb8a084f8c7e383b4afa8c4151caf7e2f4a454593cfabeb24f6563
targeted_structural_stress_test,120,sequential_top_B_in_strength,43,354340,123016245.0,123016245.0,801096930.0,3973.0,498148210.0,302948720.0,302952693.0,27850,1,123016245,123016245,aim3_resilience_sequential_display_v2.csv,c187c0857fbb8a084f8c7e383b4afa8c4151caf7e2f4a454593cfabeb24f6563
targeted_structural_stress_test,120,sequential_top_B_in_strength,44,150680,124394304.0,124394304.0,801096930.0,3973.0,496770151.0,304326779.0,304330752.0,27850,1,124394304,124394304,aim3_resilience_sequential_display_v2.csv,c187c0857fbb8a084f8c7e383b4afa8c4151caf7e2f4a454593cfabeb24f6563
targeted_structural_stress_test,120,sequential_top_B_in_strength,45,354850,124516763.0,124516763.0,801096930.0,3973.0,496647692.0,304449238.0,304453211.0,27850,1,124516763,124516763,aim3_resilience_sequential_display_v2.csv,c187c0857fbb8a084f8c7e383b4afa8c4151caf7e2f4a454593cfabeb24f6563
targeted_structural_stress_test,120,sequential_top_B_in_strength,46,350570,124516763.0,124516763.0,801096930.0,3973.0,496647692.0,304449238.0,304453211.0,27850,1,124516763,124516763,aim3_resilience_sequential_display_v2.csv,c187c0857fbb8a084f8c7e383b4afa8c4151caf7e2f4a454593cfabeb24f6563
targeted_structural_stress_test,120,sequential_top_B_in_strength,47,354990,124516763.0,124516763.0,801096930.0,3973.0,496647692.0,304449238.0,304453211.0,27850,1,124516763,124516763,aim3_resilience_sequential_display_v2.csv,c187c0857fbb8a084f8c7e383b4afa8c4151caf7e2f4a454593cfabeb24f6563
targeted_structural_stress_test,120,sequential_top_B_in_strength,48,421010,125388303.0,125388303.0,801096930.0,3973.0,495776152.0,305320778.0,305324751.0,27850,1,125388303,125388303,aim3_resilience_sequential_display_v2.csv,c187c0857fbb8a084f8c7e383b4afa8c4151caf7e2f4a454593cfabeb24f6563
targeted_structural_stress_test,120,sequential_top_B_in_strength,49,420910,125831460.0,125831460.0,801096930.0,3973.0,495332995.0,305763935.0,305767908.0,27850,1,125831460,125831460,aim3_resilience_sequential_display_v2.csv,c187c0857fbb8a084f8c7e383b4afa8c4151caf7e2f4a454593cfabeb24f6563
targeted_structural_stress_test,120,sequential_top_B_in_strength,50,330390,128364741.0,128364741.0,801096930.0,3973.0,492799714.0,308297216.0,308301189.0,27850,1,128364741,128364741,aim3_resilience_sequential_display_v2.csv,c187c0857fbb8a084f8c7e383b4afa8c4151caf7e2f4a454593cfabeb24f6563
targeted_structural_stress_test,120,sequential_top_B_in_strength,51,312770,131528122.0,131528122.0,801096930.0,3973.0,489636333.0,311460597.0,311464570.0,27850,1,131528122,131528122,aim3_resilience_sequential_display_v2.csv,c187c0857fbb8a084f8c7e383b4afa8c4151caf7e2f4a454593cfabeb24f6563
targeted_structural_stress_test,120,sequential_top_B_in_strength,52,351620,131781607.0,131781607.0,801096930.0,3973.0,489382848.0,311714082.0,311718055.0,27850,1,131781607,131781607,aim3_resilience_sequential_display_v2.csv,c187c0857fbb8a084f8c7e383b4afa8c4151caf7e2f4a454593cfabeb24f6563
targeted_structural_stress_test,120,sequential_top_B_in_strength,53,411520,132310556.0,132310556.0,801096930.0,3973.0,488853899.0,312243031.0,312247004.0,27850,1,132310556,132310556,aim3_resilience_sequential_display_v2.csv,c187c0857fbb8a084f8c7e383b4afa8c4151caf7e2f4a454593cfabeb24f6563
targeted_structural_stress_test,120,sequential_top_B_in_strength,54,355280,132319055.0,132319055.0,801096930.0,3973.0,488845400.0,312251530.0,312255503.0,27850,1,132319055,132319055,aim3_resilience_sequential_display_v2.csv,c187c0857fbb8a084f8c7e383b4afa8c4151caf7e2f4a454593cfabeb24f6563
targeted_structural_stress_test,120,sequential_top_B_in_strength,55,410830,133645342.0,133645342.0,801096930.0,3973.0,487519113.0,313577817.0,313581790.0,27850,1,133645342,133645342,aim3_resilience_sequential_display_v2.csv,c187c0857fbb8a084f8c7e383b4afa8c4151caf7e2f4a454593cfabeb24f6563
targeted_structural_stress_test,120,sequential_top_B_in_strength,56,353870,133645342.0,133645342.0,801096930.0,3973.0,487519113.0,313577817.0,313581790.0,27850,1,133645342,133645342,aim3_resilience_sequential_display_v2.csv,c187c0857fbb8a084f8c7e383b4afa8c4151caf7e2f4a454593cfabeb24f6563
targeted_structural_stress_test,120,sequential_top_B_in_strength,57,250750,149608391.0,149608391.0,801096930.0,3973.0,471556064.0,329540866.0,329544839.0,27850,1,149608391,149608391,aim3_resilience_sequential_display_v2.csv,c187c0857fbb8a084f8c7e383b4afa8c4151caf7e2f4a454593cfabeb24f6563
targeted_structural_stress_test,120,sequential_top_B_in_strength,58,350760,149875276.0,149875276.0,801096930.0,3973.0,471289179.0,329807751.0,329811724.0,27850,1,149875276,149875276,aim3_resilience_sequential_display_v2.csv,c187c0857fbb8a084f8c7e383b4afa8c4151caf7e2f4a454593cfabeb24f6563
targeted_structural_stress_test,120,sequential_top_B_in_strength,59,420300,150689897.0,150689897.0,801096930.0,3973.0,470474558.0,330622372.0,330626345.0,27850,1,150689897,150689897,aim3_resilience_sequential_display_v2.csv,c187c0857fbb8a084f8c7e383b4afa8c4151caf7e2f4a454593cfabeb24f6563
targeted_structural_stress_test,120,sequential_top_B_in_strength,60,350750,150901510.0,150901510.0,801096930.0,3973.0,470262945.0,330833985.0,330837958.0,27850,1,150901510,150901510,aim3_resilience_sequential_display_v2.csv,c187c0857fbb8a084f8c7e383b4afa8c4151caf7e2f4a454593cfabeb24f6563
targeted_structural_stress_test,120,sequential_top_B_in_strength,61,421720,151538951.0,151538951.0,801096930.0,3973.0,469625504.0,331471426.0,331475399.0,27850,1,151538951,151538951,aim3_resilience_sequential_display_v2.csv,c187c0857fbb8a084f8c7e383b4afa8c4151caf7e2f4a454593cfabeb24f6563
targeted_structural_stress_test,120,sequential_top_B_in_strength,62,411990,154152293.0,154152293.0,801096930.0,3973.0,467012162.0,334084768.0,334088741.0,27850,1,154152293,154152293,aim3_resilience_sequential_display_v2.csv,c187c0857fbb8a084f8c7e383b4afa8c4151caf7e2f4a454593cfabeb24f6563
targeted_structural_stress_test,120,sequential_top_B_in_strength,63,231290,155885923.0,155885923.0,801096930.0,3973.0,465278532.0,335818398.0,335822371.0,27850,1,155885923,155885923,aim3_resilience_sequential_display_v2.csv,c187c0857fbb8a084f8c7e383b4afa8c4151caf7e2f4a454593cfabeb24f6563
targeted_structural_stress_test,120,sequential_top_B_in_strength,64,410150,156887418.0,156887418.0,801096930.0,3973.0,464277037.0,336819893.0,336823866.0,27850,1,156887418,156887418,aim3_resilience_sequential_display_v2.csv,c187c0857fbb8a084f8c7e383b4afa8c4151caf7e2f4a454593cfabeb24f6563
targeted_structural_stress_test,120,sequential_top_B_in_strength,65,160030,157953626.0,157953626.0,801096930.0,3973.0,463210829.0,337886101.0,337890074.0,27850,1,157953626,157953626,aim3_resilience_sequential_display_v2.csv,c187c0857fbb8a084f8c7e383b4afa8c4151caf7e2f4a454593cfabeb24f6563
targeted_structural_stress_test,120,sequential_top_B_in_strength,66,314330,160329126.0,160329126.0,801096930.0,3973.0,460835329.0,340261601.0,340265574.0,27850,1,160329126,160329126,aim3_resilience_sequential_display_v2.csv,c187c0857fbb8a084f8c7e383b4afa8c4151caf7e2f4a454593cfabeb24f6563
targeted_structural_stress_test,120,sequential_top_B_in_strength,67,354870,160329126.0,160329126.0,801096930.0,3973.0,460835329.0,340261601.0,340265574.0,27850,1,160329126,160329126,aim3_resilience_sequential_display_v2.csv,c187c0857fbb8a084f8c7e383b4afa8c4151caf7e2f4a454593cfabeb24f6563
targeted_structural_stress_test,120,sequential_top_B_in_strength,68,355410,160424712.0,160424712.0,801096930.0,3973.0,460739743.0,340357187.0,340361160.0,27850,1,160424712,160424712,aim3_resilience_sequential_display_v2.csv,c187c0857fbb8a084f8c7e383b4afa8c4151caf7e2f4a454593cfabeb24f6563
targeted_structural_stress_test,120,sequential_top_B_in_strength,69,351340,161311486.0,161311486.0,801096930.0,3973.0,459852969.0,341243961.0,341247934.0,27850,1,161311486,161311486,aim3_resilience_sequential_display_v2.csv,c187c0857fbb8a084f8c7e383b4afa8c4151caf7e2f4a454593cfabeb24f6563
targeted_structural_stress_test,120,sequential_top_B_in_strength,70,250400,167084581.0,167084581.0,801096930.0,3973.0,454079874.0,347017056.0,347021029.0,27850,1,167084581,167084581,aim3_resilience_sequential_display_v2.csv,c187c0857fbb8a084f8c7e383b4afa8c4151caf7e2f4a454593cfabeb24f6563
targeted_structural_stress_test,120,sequential_top_B_in_strength,71,172100,168457839.0,168457839.0,801096930.0,3973.0,452706616.0,348390314.0,348394287.0,27850,1,168457839,168457839,aim3_resilience_sequential_display_v2.csv,c187c0857fbb8a084f8c7e383b4afa8c4151caf7e2f4a454593cfabeb24f6563
targeted_structural_stress_test,120,sequential_top_B_in_strength,72,293135,170263075.0,170263075.0,801096930.0,3973.0,450901380.0,350195550.0,350199523.0,27850,1,170263075,170263075,aim3_resilience_sequential_display_v2.csv,c187c0857fbb8a084f8c7e383b4afa8c4151caf7e2f4a454593cfabeb24f6563
targeted_structural_stress_test,120,sequential_top_B_in_strength,73,330350,170284355.0,170284355.0,801096930.0,3973.0,450880100.0,350216830.0,350220803.0,27850,1,170284355,170284355,aim3_resilience_sequential_display_v2.csv,c187c0857fbb8a084f8c7e383b4afa8c4151caf7e2f4a454593cfabeb24f6563
targeted_structural_stress_test,120,sequential_top_B_in_strength,74,291800,172409620.0,172409620.0,801096930.0,3973.0,448754835.0,352342095.0,352346068.0,27850,1,172409620,172409620,aim3_resilience_sequential_display_v2.csv,c187c0857fbb8a084f8c7e383b4afa8c4151caf7e2f4a454593cfabeb24f6563
targeted_structural_stress_test,120,sequential_top_B_in_strength,75,431410,175542527.0,175542527.0,801096930.0,3973.0,445621928.0,355475002.0,355478975.0,27850,1,175542527,175542527,aim3_resilience_sequential_display_v2.csv,c187c0857fbb8a084f8c7e383b4afa8c4151caf7e2f4a454593cfabeb24f6563
targeted_structural_stress_test,120,sequential_top_B_in_strength,76,231140,176396473.0,176396473.0,801096930.0,3973.0,444767982.0,356328948.0,356332921.0,27850,1,176396473,176396473,aim3_resilience_sequential_display_v2.csv,c187c0857fbb8a084f8c7e383b4afa8c4151caf7e2f4a454593cfabeb24f6563
targeted_structural_stress_test,120,sequential_top_B_in_strength,77,150420,176807185.0,176807185.0,801096930.0,3973.0,444357270.0,356739660.0,356743633.0,27850,1,176807185,176807185,aim3_resilience_sequential_display_v2.csv,c187c0857fbb8a084f8c7e383b4afa8c4151caf7e2f4a454593cfabeb24f6563
targeted_structural_stress_test,120,sequential_top_B_in_strength,78,330240,177324209.0,177324209.0,801096930.0,3973.0,443840246.0,357256684.0,357260657.0,27850,1,177324209,177324209,aim3_resilience_sequential_display_v2.csv,c187c0857fbb8a084f8c7e383b4afa8c4151caf7e2f4a454593cfabeb24f6563
targeted_structural_stress_test,120,sequential_top_B_in_strength,79,352530,179156674.0,179156674.0,801096930.0,3973.0,442007781.0,359089149.0,359093122.0,27850,1,179156674,179156674,aim3_resilience_sequential_display_v2.csv,c187c0857fbb8a084f8c7e383b4afa8c4151caf7e2f4a454593cfabeb24f6563
targeted_structural_stress_test,120,sequential_top_B_in_strength,80,410430,181067618.0,181067618.0,801096930.0,3973.0,440096837.0,361000093.0,361004066.0,27850,1,181067618,181067618,aim3_resilience_sequential_display_v2.csv,c187c0857fbb8a084f8c7e383b4afa8c4151caf7e2f4a454593cfabeb24f6563
targeted_structural_stress_test,120,sequential_top_B_in_strength,81,352690,181343364.0,181343364.0,801096930.0,3973.0,439821091.0,361275839.0,361279812.0,27850,1,181343364,181343364,aim3_resilience_sequential_display_v2.csv,c187c0857fbb8a084f8c7e383b4afa8c4151caf7e2f4a454593cfabeb24f6563
targeted_structural_stress_test,120,sequential_top_B_in_strength,82,430460,184835607.0,184835607.0,801096930.0,3973.0,436328848.0,364768082.0,364772055.0,27850,1,184835607,184835607,aim3_resilience_sequential_display_v2.csv,c187c0857fbb8a084f8c7e383b4afa8c4151caf7e2f4a454593cfabeb24f6563
targeted_structural_stress_test,120,sequential_top_B_in_strength,83,110020,186797588.0,186797588.0,801096930.0,3973.0,434366867.0,366730063.0,366734036.0,27850,1,186797588,186797588,aim3_resilience_sequential_display_v2.csv,c187c0857fbb8a084f8c7e383b4afa8c4151caf7e2f4a454593cfabeb24f6563
targeted_structural_stress_test,120,sequential_top_B_in_strength,84,330490,187279155.0,187279155.0,801096930.0,3973.0,433885300.0,367211630.0,367215603.0,27850,1,187279155,187279155,aim3_resilience_sequential_display_v2.csv,c187c0857fbb8a084f8c7e383b4afa8c4151caf7e2f4a454593cfabeb24f6563
targeted_structural_stress_test,120,sequential_top_B_in_strength,85,230730,189720443.0,189720443.0,801096930.0,3973.0,431444012.0,369652918.0,369656891.0,27850,1,189720443,189720443,aim3_resilience_sequential_display_v2.csv,c187c0857fbb8a084f8c7e383b4afa8c4151caf7e2f4a454593cfabeb24f6563
targeted_structural_stress_test,120,sequential_top_B_in_strength,86,270430,194666254.0,194666254.0,801096930.0,3973.0,426498201.0,374598729.0,374602702.0,27850,1,194666254,194666254,aim3_resilience_sequential_display_v2.csv,c187c0857fbb8a084f8c7e383b4afa8c4151caf7e2f4a454593cfabeb24f6563
targeted_structural_stress_test,120,sequential_top_B_in_strength,87,261390,195582531.0,195582531.0,801096930.0,3973.0,425581924.0,375515006.0,375518979.0,27850,1,195582531,195582531,aim3_resilience_sequential_display_v2.csv,c187c0857fbb8a084f8c7e383b4afa8c4151caf7e2f4a454593cfabeb24f6563
targeted_structural_stress_test,120,sequential_top_B_in_strength,88,352900,196735293.0,196735293.0,801096930.0,3973.0,424429162.0,376667768.0,376671741.0,27850,1,196735293,196735293,aim3_resilience_sequential_display_v2.csv,c187c0857fbb8a084f8c7e383b4afa8c4151caf7e2f4a454593cfabeb24f6563
targeted_structural_stress_test,120,sequential_top_B_in_strength,89,510792,197006154.0,197006154.0,801096930.0,3973.0,424158301.0,376938629.0,376942602.0,27850,1,197006154,197006154,aim3_resilience_sequential_display_v2.csv,c187c0857fbb8a084f8c7e383b4afa8c4151caf7e2f4a454593cfabeb24f6563
targeted_structural_stress_test,120,sequential_top_B_in_strength,90,240810,205544694.0,205544694.0,801096930.0,3973.0,415619761.0,385477169.0,385481142.0,27850,1,205544694,205544694,aim3_resilience_sequential_display_v2.csv,c187c0857fbb8a084f8c7e383b4afa8c4151caf7e2f4a454593cfabeb24f6563
targeted_structural_stress_test,120,sequential_top_B_in_strength,91,500830,206006772.0,206006772.0,801096930.0,3973.0,415157683.0,385939247.0,385943220.0,27850,1,206006772,206006772,aim3_resilience_sequential_display_v2.csv,c187c0857fbb8a084f8c7e383b4afa8c4151caf7e2f4a454593cfabeb24f6563
targeted_structural_stress_test,120,sequential_top_B_in_strength,92,420930,206516915.0,206516915.0,801096930.0,3973.0,414647540.0,386449390.0,386453363.0,27850,1,206516915,206516915,aim3_resilience_sequential_display_v2.csv,c187c0857fbb8a084f8c7e383b4afa8c4151caf7e2f4a454593cfabeb24f6563
targeted_structural_stress_test,120,sequential_top_B_in_strength,93,420900,208299194.0,208299194.0,801096930.0,3973.0,412865261.0,388231669.0,388235642.0,27850,1,208299194,208299194,aim3_resilience_sequential_display_v2.csv,c187c0857fbb8a084f8c7e383b4afa8c4151caf7e2f4a454593cfabeb24f6563
targeted_structural_stress_test,120,sequential_top_B_in_strength,94,316720,209133225.0,209133225.0,801096930.0,3973.0,412031230.0,389065700.0,389069673.0,27850,1,209133225,209133225,aim3_resilience_sequential_display_v2.csv,c187c0857fbb8a084f8c7e383b4afa8c4151caf7e2f4a454593cfabeb24f6563
targeted_structural_stress_test,120,sequential_top_B_in_strength,95,352440,209903745.0,209903745.0,801096930.0,3973.0,411260710.0,389836220.0,389840193.0,27850,1,209903745,209903745,aim3_resilience_sequential_display_v2.csv,c187c0857fbb8a084f8c7e383b4afa8c4151caf7e2f4a454593cfabeb24f6563
targeted_structural_stress_test,120,sequential_top_B_in_strength,96,150543,209983563.0,209983563.0,801096930.0,3973.0,411180892.0,389916038.0,389920011.0,27850,1,209983563,209983563,aim3_resilience_sequential_display_v2.csv,c187c0857fbb8a084f8c7e383b4afa8c4151caf7e2f4a454593cfabeb24f6563
targeted_structural_stress_test,120,sequential_top_B_in_strength,97,150060,210451892.0,210451892.0,801096930.0,3973.0,410712563.0,390384367.0,390388340.0,27850,1,210451892,210451892,aim3_resilience_sequential_display_v2.csv,c187c0857fbb8a084f8c7e383b4afa8c4151caf7e2f4a454593cfabeb24f6563
targeted_structural_stress_test,120,sequential_top_B_in_strength,98,291360,212335364.0,212335364.0,801096930.0,3973.0,408829091.0,392267839.0,392271812.0,27850,1,212335364,212335364,aim3_resilience_sequential_display_v2.csv,c187c0857fbb8a084f8c7e383b4afa8c4151caf7e2f4a454593cfabeb24f6563
targeted_structural_stress_test,120,sequential_top_B_in_strength,99,351110,212843381.0,212843381.0,801096930.0,3973.0,408321074.0,392775856.0,392779829.0,27850,1,212843381,212843381,aim3_resilience_sequential_display_v2.csv,c187c0857fbb8a084f8c7e383b4afa8c4151caf7e2f4a454593cfabeb24f6563
targeted_structural_stress_test,120,sequential_top_B_in_strength,100,431680,215823970.0,215823970.0,801096930.0,3973.0,405340485.0,395756445.0,395760418.0,27850,1,215823970,215823970,aim3_resilience_sequential_display_v2.csv,c187c0857fbb8a084f8c7e383b4afa8c4151caf7e2f4a454593cfabeb24f6563
targeted_structural_stress_test,120,sequential_top_B_in_strength,101,310160,216422002.0,216422002.0,801096930.0,3973.0,404742453.0,396354477.0,396358450.0,27850,1,216422002,216422002,aim3_resilience_sequential_display_v2.csv,c187c0857fbb8a084f8c7e383b4afa8c4151caf7e2f4a454593cfabeb24f6563
targeted_structural_stress_test,120,sequential_top_B_in_strength,102,510760,217356105.0,217356105.0,801096930.0,3973.0,403808350.0,397288580.0,397292553.0,27850,1,217356105,217356105,aim3_resilience_sequential_display_v2.csv,c187c0857fbb8a084f8c7e383b4afa8c4151caf7e2f4a454593cfabeb24f6563
targeted_structural_stress_test,120,sequential_top_B_in_strength,103,350550,220762223.0,220762223.0,801096930.0,3973.0,400402232.0,400694698.0,400698671.0,27850,1,220762223,220762223,aim3_resilience_sequential_display_v2.csv,c187c0857fbb8a084f8c7e383b4afa8c4151caf7e2f4a454593cfabeb24f6563
targeted_structural_stress_test,120,sequential_top_B_in_strength,104,410400,229121573.0,229121573.0,801096930.0,3973.0,392042882.0,409054048.0,409058021.0,27850,1,229121573,229121573,aim3_resilience_sequential_display_v2.csv,c187c0857fbb8a084f8c7e383b4afa8c4151caf7e2f4a454593cfabeb24f6563
targeted_structural_stress_test,120,sequential_top_B_in_strength,105,431020,229195815.0,229195815.0,801096930.0,3973.0,391968640.0,409128290.0,409132263.0,27850,1,229195815,229195815,aim3_resilience_sequential_display_v2.csv,c187c0857fbb8a084f8c7e383b4afa8c4151caf7e2f4a454593cfabeb24f6563
targeted_structural_stress_test,120,sequential_top_B_in_strength,106,352310,229307413.0,229307413.0,801096930.0,3973.0,391857042.0,409239888.0,409243861.0,27850,1,229307413,229307413,aim3_resilience_sequential_display_v2.csv,c187c0857fbb8a084f8c7e383b4afa8c4151caf7e2f4a454593cfabeb24f6563
targeted_structural_stress_test,120,sequential_top_B_in_strength,107,291840,229933334.0,229933334.0,801096930.0,3973.0,391231121.0,409865809.0,409869782.0,27850,1,229933334,229933334,aim3_resilience_sequential_display_v2.csv,c187c0857fbb8a084f8c7e383b4afa8c4151caf7e2f4a454593cfabeb24f6563
targeted_structural_stress_test,120,sequential_top_B_in_strength,108,522160,230270840.0,230270840.0,801096930.0,3973.0,390893615.0,410203315.0,410207288.0,27850,1,230270840,230270840,aim3_resilience_sequential_display_v2.csv,c187c0857fbb8a084f8c7e383b4afa8c4151caf7e2f4a454593cfabeb24f6563
targeted_structural_stress_test,120,sequential_top_B_in_strength,109,352220,230323153.0,230323153.0,801096930.0,3973.0,390841302.0,410255628.0,410259601.0,27850,1,230323153,230323153,aim3_resilience_sequential_display_v2.csv,c187c0857fbb8a084f8c7e383b4afa8c4151caf7e2f4a454593cfabeb24f6563
targeted_structural_stress_test,120,sequential_top_B_in_strength,110,320520,230365319.0,230365319.0,801096930.0,3973.0,390799136.0,410297794.0,410301767.0,27850,1,230365319,230365319,aim3_resilience_sequential_display_v2.csv,c187c0857fbb8a084f8c7e383b4afa8c4151caf7e2f4a454593cfabeb24f6563
targeted_structural_stress_test,120,sequential_top_B_in_strength,111,350400,235247567.0,235247567.0,801096930.0,3973.0,385916888.0,415180042.0,415184015.0,27850,1,235247567,235247567,aim3_resilience_sequential_display_v2.csv,c187c0857fbb8a084f8c7e383b4afa8c4151caf7e2f4a454593cfabeb24f6563
targeted_structural_stress_test,120,sequential_top_B_in_strength,112,521880,236198522.0,236198522.0,801096930.0,3973.0,384965933.0,416130997.0,416134970.0,27850,1,236198522,236198522,aim3_resilience_sequential_display_v2.csv,c187c0857fbb8a084f8c7e383b4afa8c4151caf7e2f4a454593cfabeb24f6563
targeted_structural_stress_test,120,sequential_top_B_in_strength,113,354890,236204280.0,236204280.0,801096930.0,3973.0,384960175.0,416136755.0,416140728.0,27850,1,236204280,236204280,aim3_resilience_sequential_display_v2.csv,c187c0857fbb8a084f8c7e383b4afa8c4151caf7e2f4a454593cfabeb24f6563
targeted_structural_stress_test,120,sequential_top_B_in_strength,114,430800,236604737.0,236604737.0,801096930.0,3973.0,384559718.0,416537212.0,416541185.0,27850,1,236604737,236604737,aim3_resilience_sequential_display_v2.csv,c187c0857fbb8a084f8c7e383b4afa8c4151caf7e2f4a454593cfabeb24f6563
targeted_structural_stress_test,120,sequential_top_B_in_strength,115,420240,240149641.0,240149641.0,801096930.0,3973.0,381014814.0,420082116.0,420086089.0,27850,1,240149641,240149641,aim3_resilience_sequential_display_v2.csv,c187c0857fbb8a084f8c7e383b4afa8c4151caf7e2f4a454593cfabeb24f6563
targeted_structural_stress_test,120,sequential_top_B_in_strength,116,510790,240676643.0,240676643.0,801096930.0,3973.0,380487812.0,420609118.0,420613091.0,27850,1,240676643,240676643,aim3_resilience_sequential_display_v2.csv,c187c0857fbb8a084f8c7e383b4afa8c4151caf7e2f4a454593cfabeb24f6563
targeted_structural_stress_test,120,sequential_top_B_in_strength,117,170210,241767609.0,241767609.0,801096930.0,3973.0,379396846.0,421700084.0,421704057.0,27850,1,241767609,241767609,aim3_resilience_sequential_display_v2.csv,c187c0857fbb8a084f8c7e383b4afa8c4151caf7e2f4a454593cfabeb24f6563
targeted_structural_stress_test,120,sequential_top_B_in_strength,118,293330,242988409.0,242988409.0,801096930.0,3973.0,378176046.0,422920884.0,422924857.0,27850,1,242988409,242988409,aim3_resilience_sequential_display_v2.csv,c187c0857fbb8a084f8c7e383b4afa8c4151caf7e2f4a454593cfabeb24f6563
targeted_structural_stress_test,120,sequential_top_B_in_strength,119,431440,243399268.0,243399268.0,801096930.0,3973.0,377765187.0,423331743.0,423335716.0,27850,1,243399268,243399268,aim3_resilience_sequential_display_v2.csv,c187c0857fbb8a084f8c7e383b4afa8c4151caf7e2f4a454593cfabeb24f6563
targeted_structural_stress_test,120,sequential_top_B_in_strength,120,330100,245356926.0,245356926.0,801096930.0,3973.0,375807529.0,425289401.0,425293374.0,27850,1,245356926,245356926,aim3_resilience_sequential_display_v2.csv,c187c0857fbb8a084f8c7e383b4afa8c4151caf7e2f4a454593cfabeb24f6563
targeted_structural_stress_test,120,sequential_top_B_in_strength,121,520140,256130151.0,256130151.0,801096930.0,3973.0,365034304.0,436062626.0,436066599.0,27850,1,256130151,256130151,aim3_resilience_sequential_display_v2.csv,c187c0857fbb8a084f8c7e383b4afa8c4151caf7e2f4a454593cfabeb24f6563
targeted_structural_stress_test,120,sequential_top_B_in_strength,122,351640,256213082.0,256213082.0,801096930.0,3973.0,364951373.0,436145557.0,436149530.0,27850,1,256213082,256213082,aim3_resilience_sequential_display_v2.csv,c187c0857fbb8a084f8c7e383b4afa8c4151caf7e2f4a454593cfabeb24f6563
targeted_structural_stress_test,120,sequential_top_B_in_strength,123,431560,258718616.0,258718616.0,801096930.0,3973.0,362445839.0,438651091.0,438655064.0,27850,1,258718616,258718616,aim3_resilience_sequential_display_v2.csv,c187c0857fbb8a084f8c7e383b4afa8c4151caf7e2f4a454593cfabeb24f6563
targeted_structural_stress_test,120,sequential_top_B_in_strength,124,120020,258880401.0,258880401.0,801096930.0,3973.0,362284054.0,438812876.0,438816849.0,27850,1,258880401,258880401,aim3_resilience_sequential_display_v2.csv,c187c0857fbb8a084f8c7e383b4afa8c4151caf7e2f4a454593cfabeb24f6563
targeted_structural_stress_test,120,sequential_top_B_in_strength,125,310350,259537122.0,259537122.0,801096930.0,3973.0,361627333.0,439469597.0,439473570.0,27850,1,259537122,259537122,aim3_resilience_sequential_display_v2.csv,c187c0857fbb8a084f8c7e383b4afa8c4151caf7e2f4a454593cfabeb24f6563
targeted_structural_stress_test,120,sequential_top_B_in_strength,126,330330,272228066.0,272228066.0,801096930.0,3973.0,348936389.0,452160541.0,452164514.0,27850,1,272228066,272228066,aim3_resilience_sequential_display_v2.csv,c187c0857fbb8a084f8c7e383b4afa8c4151caf7e2f4a454593cfabeb24f6563
targeted_structural_stress_test,120,sequential_top_B_in_strength,127,420460,273745196.0,273745196.0,801096930.0,3973.0,347419259.0,453677671.0,453681644.0,27850,1,273745196,273745196,aim3_resilience_sequential_display_v2.csv,c187c0857fbb8a084f8c7e383b4afa8c4151caf7e2f4a454593cfabeb24f6563
targeted_structural_stress_test,120,sequential_top_B_in_strength,128,421660,281145320.0,281145320.0,801096930.0,3973.0,340019135.0,461077795.0,461081768.0,27850,1,281145320,281145320,aim3_resilience_sequential_display_v2.csv,c187c0857fbb8a084f8c7e383b4afa8c4151caf7e2f4a454593cfabeb24f6563
targeted_structural_stress_test,120,sequential_top_B_in_strength,129,350280,283102259.0,283102259.0,801096930.0,3973.0,338062196.0,463034734.0,463038707.0,27850,1,283102259,283102259,aim3_resilience_sequential_display_v2.csv,c187c0857fbb8a084f8c7e383b4afa8c4151caf7e2f4a454593cfabeb24f6563
targeted_structural_stress_test,120,sequential_top_B_in_strength,130,354260,283656165.0,283656165.0,801096930.0,3973.0,337508290.0,463588640.0,463592613.0,27850,1,283656165,283656165,aim3_resilience_sequential_display_v2.csv,c187c0857fbb8a084f8c7e383b4afa8c4151caf7e2f4a454593cfabeb24f6563
targeted_structural_stress_test,120,sequential_top_B_in_strength,131,510840,284470241.0,284470241.0,801096930.0,3973.0,336694214.0,464402716.0,464406689.0,27850,1,284470241,284470241,aim3_resilience_sequential_display_v2.csv,c187c0857fbb8a084f8c7e383b4afa8c4151caf7e2f4a454593cfabeb24f6563
targeted_structural_stress_test,120,sequential_top_B_in_strength,132,210530,285885181.0,285885181.0,801096930.0,3973.0,335279274.0,465817656.0,465821629.0,27850,1,285885181,285885181,aim3_resilience_sequential_display_v2.csv,c187c0857fbb8a084f8c7e383b4afa8c4151caf7e2f4a454593cfabeb24f6563
targeted_structural_stress_test,120,sequential_top_B_in_strength,133,350320,287979812.0,287979812.0,801096930.0,3973.0,333184643.0,467912287.0,467916260.0,27850,1,287979812,287979812,aim3_resilience_sequential_display_v2.csv,c187c0857fbb8a084f8c7e383b4afa8c4151caf7e2f4a454593cfabeb24f6563
targeted_structural_stress_test,120,sequential_top_B_in_strength,134,351060,288574488.0,288574488.0,801096930.0,3973.0,332589967.0,468506963.0,468510936.0,27850,1,288574488,288574488,aim3_resilience_sequential_display_v2.csv,c187c0857fbb8a084f8c7e383b4afa8c4151caf7e2f4a454593cfabeb24f6563
targeted_structural_stress_test,120,sequential_top_B_in_strength,135,430700,288919600.0,288919600.0,801096930.0,3973.0,332244855.0,468852075.0,468856048.0,27850,1,288919600,288919600,aim3_resilience_sequential_display_v2.csv,c187c0857fbb8a084f8c7e383b4afa8c4151caf7e2f4a454593cfabeb24f6563
targeted_structural_stress_test,120,sequential_top_B_in_strength,136,110030,289157836.0,289157836.0,801096930.0,3973.0,332006619.0,469090311.0,469094284.0,27850,1,289157836,289157836,aim3_resilience_sequential_display_v2.csv,c187c0857fbb8a084f8c7e383b4afa8c4151caf7e2f4a454593cfabeb24f6563
targeted_structural_stress_test,120,sequential_top_B_in_strength,137,354880,289264765.0,289264765.0,801096930.0,3973.0,331899690.0,469197240.0,469201213.0,27850,1,289264765,289264765,aim3_resilience_sequential_display_v2.csv,c187c0857fbb8a084f8c7e383b4afa8c4151caf7e2f4a454593cfabeb24f6563
targeted_structural_stress_test,120,sequential_top_B_in_strength,138,421770,289456289.0,289456289.0,801096930.0,3973.0,331708166.0,469388764.0,469392737.0,27850,1,289456289,289456289,aim3_resilience_sequential_display_v2.csv,c187c0857fbb8a084f8c7e383b4afa8c4151caf7e2f4a454593cfabeb24f6563
targeted_structural_stress_test,120,sequential_top_B_in_strength,139,351050,290208902.0,290208902.0,801096930.0,3973.0,330955553.0,470141377.0,470145350.0,27850,1,290208902,290208902,aim3_resilience_sequential_display_v2.csv,c187c0857fbb8a084f8c7e383b4afa8c4151caf7e2f4a454593cfabeb24f6563
targeted_structural_stress_test,120,sequential_top_B_in_strength,140,510525,290504628.0,290504628.0,801096930.0,3973.0,330659827.0,470437103.0,470441076.0,27850,1,290504628,290504628,aim3_resilience_sequential_display_v2.csv,c187c0857fbb8a084f8c7e383b4afa8c4151caf7e2f4a454593cfabeb24f6563
targeted_structural_stress_test,120,sequential_top_B_in_strength,141,260120,291182891.0,291182891.0,801096930.0,3973.0,329981564.0,471115366.0,471119339.0,27850,1,291182891,291182891,aim3_resilience_sequential_display_v2.csv,c187c0857fbb8a084f8c7e383b4afa8c4151caf7e2f4a454593cfabeb24f6563
targeted_structural_stress_test,120,sequential_top_B_in_strength,142,412550,295348304.0,295348304.0,801096930.0,3973.0,325816151.0,475280779.0,475284752.0,27850,1,295348304,295348304,aim3_resilience_sequential_display_v2.csv,c187c0857fbb8a084f8c7e383b4afa8c4151caf7e2f4a454593cfabeb24f6563
targeted_structural_stress_test,120,sequential_top_B_in_strength,143,251620,296132600.0,296132600.0,801096930.0,3973.0,325031855.0,476065075.0,476069048.0,27850,1,296132600,296132600,aim3_resilience_sequential_display_v2.csv,c187c0857fbb8a084f8c7e383b4afa8c4151caf7e2f4a454593cfabeb24f6563
targeted_structural_stress_test,120,sequential_top_B_in_strength,144,353440,298010550.0,298010550.0,801096930.0,3973.0,323153905.0,477943025.0,477946998.0,27850,1,298010550,298010550,aim3_resilience_sequential_display_v2.csv,c187c0857fbb8a084f8c7e383b4afa8c4151caf7e2f4a454593cfabeb24f6563
targeted_structural_stress_test,120,sequential_top_B_in_strength,145,231340,299443170.0,299443170.0,801096930.0,3973.0,321721285.0,479375645.0,479379618.0,27850,1,299443170,299443170,aim3_resilience_sequential_display_v2.csv,c187c0857fbb8a084f8c7e383b4afa8c4151caf7e2f4a454593cfabeb24f6563
targeted_structural_stress_test,120,sequential_top_B_in_strength,146,410140,302481507.0,302481507.0,801096930.0,3973.0,318682948.0,482413982.0,482417955.0,27850,1,302481507,302481507,aim3_resilience_sequential_display_v2.csv,c187c0857fbb8a084f8c7e383b4afa8c4151caf7e2f4a454593cfabeb24f6563
targeted_structural_stress_test,120,sequential_top_B_in_strength,147,150240,306239899.0,306239899.0,801096930.0,3973.0,314924556.0,486172374.0,486176347.0,27850,1,306239899,306239899,aim3_resilience_sequential_display_v2.csv,c187c0857fbb8a084f8c7e383b4afa8c4151caf7e2f4a454593cfabeb24f6563
targeted_structural_stress_test,120,sequential_top_B_in_strength,148,330170,317976789.0,317976789.0,801096930.0,3973.0,303187666.0,497909264.0,497913237.0,27850,1,317976789,317976789,aim3_resilience_sequential_display_v2.csv,c187c0857fbb8a084f8c7e383b4afa8c4151caf7e2f4a454593cfabeb24f6563
targeted_structural_stress_test,120,sequential_top_B_in_strength,149,352390,318225550.0,318225550.0,801096930.0,3973.0,302938905.0,498158025.0,498161998.0,27850,1,318225550,318225550,aim3_resilience_sequential_display_v2.csv,c187c0857fbb8a084f8c7e383b4afa8c4151caf7e2f4a454593cfabeb24f6563
targeted_structural_stress_test,120,sequential_top_B_in_strength,150,150360,318499527.0,318499527.0,801096930.0,3973.0,302664928.0,498432002.0,498435975.0,27850,1,318499527,318499527,aim3_resilience_sequential_display_v2.csv,c187c0857fbb8a084f8c7e383b4afa8c4151caf7e2f4a454593cfabeb24f6563
targeted_structural_stress_test,120,sequential_top_B_in_strength,151,314790,321981445.0,321981445.0,801096930.0,3973.0,299183010.0,501913920.0,501917893.0,27850,1,321981445,321981445,aim3_resilience_sequential_display_v2.csv,c187c0857fbb8a084f8c7e383b4afa8c4151caf7e2f4a454593cfabeb24f6563
targeted_structural_stress_test,120,sequential_top_B_in_strength,152,350330,330223651.0,330223651.0,801096930.0,3973.0,290940804.0,510156126.0,510160099.0,27850,1,330223651,330223651,aim3_resilience_sequential_display_v2.csv,c187c0857fbb8a084f8c7e383b4afa8c4151caf7e2f4a454593cfabeb24f6563
targeted_structural_stress_test,120,sequential_top_B_in_strength,153,351840,330223651.0,330223651.0,801096930.0,3973.0,290940804.0,510156126.0,510160099.0,27850,1,330223651,330223651,aim3_resilience_sequential_display_v2.csv,c187c0857fbb8a084f8c7e383b4afa8c4151caf7e2f4a454593cfabeb24f6563
targeted_structural_stress_test,120,sequential_top_B_in_strength,154,353060,331809395.0,331809395.0,801096930.0,3973.0,289355060.0,511741870.0,511745843.0,27850,1,331809395,331809395,aim3_resilience_sequential_display_v2.csv,c187c0857fbb8a084f8c7e383b4afa8c4151caf7e2f4a454593cfabeb24f6563
targeted_structural_stress_test,120,sequential_top_B_in_strength,155,410420,334856220.0,334856220.0,801096930.0,3973.0,286308235.0,514788695.0,514792668.0,27850,1,334856220,334856220,aim3_resilience_sequential_display_v2.csv,c187c0857fbb8a084f8c7e383b4afa8c4151caf7e2f4a454593cfabeb24f6563
targeted_structural_stress_test,120,sequential_top_B_in_strength,156,310900,335750297.0,335750297.0,801096930.0,3973.0,285414158.0,515682772.0,515686745.0,27850,1,335750297,335750297,aim3_resilience_sequential_display_v2.csv,c187c0857fbb8a084f8c7e383b4afa8c4151caf7e2f4a454593cfabeb24f6563
targeted_structural_stress_test,120,sequential_top_B_in_strength,157,315180,337861237.0,337861237.0,801096930.0,3973.0,283303218.0,517793712.0,517797685.0,27850,1,337861237,337861237,aim3_resilience_sequential_display_v2.csv,c187c0857fbb8a084f8c7e383b4afa8c4151caf7e2f4a454593cfabeb24f6563
targeted_structural_stress_test,120,sequential_top_B_in_strength,158,355710,339838458.0,339838458.0,801096930.0,3973.0,281325997.0,519770933.0,519774906.0,27850,1,339838458,339838458,aim3_resilience_sequential_display_v2.csv,c187c0857fbb8a084f8c7e383b4afa8c4151caf7e2f4a454593cfabeb24f6563
targeted_structural_stress_test,120,sequential_top_B_in_strength,159,500660,340291708.0,340291708.0,801096930.0,3973.0,280872747.0,520224183.0,520228156.0,27850,1,340291708,340291708,aim3_resilience_sequential_display_v2.csv,c187c0857fbb8a084f8c7e383b4afa8c4151caf7e2f4a454593cfabeb24f6563
targeted_structural_stress_test,120,sequential_top_B_in_strength,160,317010,344202726.0,344202726.0,801096930.0,3973.0,276961729.0,524135201.0,524139174.0,27850,1,344202726,344202726,aim3_resilience_sequential_display_v2.csv,c187c0857fbb8a084f8c7e383b4afa8c4151caf7e2f4a454593cfabeb24f6563
targeted_structural_stress_test,120,sequential_top_B_in_strength,161,330070,345405121.0,345405121.0,801096930.0,3973.0,275759334.0,525337596.0,525341569.0,27850,1,345405121,345405121,aim3_resilience_sequential_display_v2.csv,c187c0857fbb8a084f8c7e383b4afa8c4151caf7e2f4a454593cfabeb24f6563
targeted_structural_stress_test,120,sequential_top_B_in_strength,162,410590,348627196.0,348627196.0,801096930.0,3973.0,272537259.0,528559671.0,528563644.0,27850,1,348627196,348627196,aim3_resilience_sequential_display_v2.csv,c187c0857fbb8a084f8c7e383b4afa8c4151caf7e2f4a454593cfabeb24f6563
targeted_structural_stress_test,120,sequential_top_B_in_strength,163,314700,349396732.0,349396732.0,801096930.0,3973.0,271767723.0,529329207.0,529333180.0,27850,1,349396732,349396732,aim3_resilience_sequential_display_v2.csv,c187c0857fbb8a084f8c7e383b4afa8c4151caf7e2f4a454593cfabeb24f6563
targeted_structural_stress_test,120,sequential_top_B_in_strength,164,330220,349745385.0,349745385.0,801096930.0,3973.0,271419070.0,529677860.0,529681833.0,27850,1,349745385,349745385,aim3_resilience_sequential_display_v2.csv,c187c0857fbb8a084f8c7e383b4afa8c4151caf7e2f4a454593cfabeb24f6563
targeted_structural_stress_test,120,sequential_top_B_in_strength,165,352720,351530533.0,351530533.0,801096930.0,3973.0,269633922.0,531463008.0,531466981.0,27850,1,351530533,351530533,aim3_resilience_sequential_display_v2.csv,c187c0857fbb8a084f8c7e383b4afa8c4151caf7e2f4a454593cfabeb24f6563
targeted_structural_stress_test,120,sequential_top_B_in_strength,166,420890,353797600.0,353797600.0,801096930.0,3973.0,267366855.0,533730075.0,533734048.0,27850,1,353797600,353797600,aim3_resilience_sequential_display_v2.csv,c187c0857fbb8a084f8c7e383b4afa8c4151caf7e2f4a454593cfabeb24f6563
targeted_structural_stress_test,120,sequential_top_B_in_strength,167,291920,357688598.0,357688598.0,801096930.0,3973.0,263475857.0,537621073.0,537625046.0,27850,1,357688598,357688598,aim3_resilience_sequential_display_v2.csv,c187c0857fbb8a084f8c7e383b4afa8c4151caf7e2f4a454593cfabeb24f6563
targeted_structural_stress_test,120,sequential_top_B_in_strength,168,313240,360932483.0,360932483.0,801096930.0,3973.0,260231972.0,540864958.0,540868931.0,27850,1,360932483,360932483,aim3_resilience_sequential_display_v2.csv,c187c0857fbb8a084f8c7e383b4afa8c4151caf7e2f4a454593cfabeb24f6563
targeted_structural_stress_test,120,sequential_top_B_in_strength,169,330630,386642679.0,386642679.0,801096930.0,3973.0,234521776.0,566575154.0,566579127.0,27850,1,386642679,386642679,aim3_resilience_sequential_display_v2.csv,c187c0857fbb8a084f8c7e383b4afa8c4151caf7e2f4a454593cfabeb24f6563
targeted_structural_stress_test,120,sequential_top_B_in_strength,170,421870,392154425.0,392154425.0,801096930.0,3973.0,229010030.0,572086900.0,572090873.0,27850,1,392154425,392154425,aim3_resilience_sequential_display_v2.csv,c187c0857fbb8a084f8c7e383b4afa8c4151caf7e2f4a454593cfabeb24f6563
targeted_structural_stress_test,120,sequential_top_B_in_strength,171,521310,392388123.0,392388123.0,801096930.0,3973.0,228776332.0,572320598.0,572324571.0,27850,1,392388123,392388123,aim3_resilience_sequential_display_v2.csv,c187c0857fbb8a084f8c7e383b4afa8c4151caf7e2f4a454593cfabeb24f6563
targeted_structural_stress_test,120,sequential_top_B_in_strength,172,316990,393298566.0,393298566.0,801096930.0,3973.0,227865889.0,573231041.0,573235014.0,27850,1,393298566,393298566,aim3_resilience_sequential_display_v2.csv,c187c0857fbb8a084f8c7e383b4afa8c4151caf7e2f4a454593cfabeb24f6563
targeted_structural_stress_test,120,sequential_top_B_in_strength,173,317070,396109827.0,396109827.0,801096930.0,3973.0,225054628.0,576042302.0,576046275.0,27850,1,396109827,396109827,aim3_resilience_sequential_display_v2.csv,c187c0857fbb8a084f8c7e383b4afa8c4151caf7e2f4a454593cfabeb24f6563
targeted_structural_stress_test,120,sequential_top_B_in_strength,174,431350,396332626.0,396332626.0,801096930.0,3973.0,224831829.0,576265101.0,576269074.0,27850,1,396332626,396332626,aim3_resilience_sequential_display_v2.csv,c187c0857fbb8a084f8c7e383b4afa8c4151caf7e2f4a454593cfabeb24f6563
targeted_structural_stress_test,120,sequential_top_B_in_strength,175,313380,415522454.0,415522454.0,801096930.0,3973.0,205642001.0,595454929.0,595458902.0,27850,1,415522454,415522454,aim3_resilience_sequential_display_v2.csv,c187c0857fbb8a084f8c7e383b4afa8c4151caf7e2f4a454593cfabeb24f6563
targeted_structural_stress_test,120,sequential_top_B_in_strength,176,320480,416038641.0,416038641.0,801096930.0,3973.0,205125814.0,595971116.0,595975089.0,27850,1,416038641,416038641,aim3_resilience_sequential_display_v2.csv,c187c0857fbb8a084f8c7e383b4afa8c4151caf7e2f4a454593cfabeb24f6563
targeted_structural_stress_test,120,sequential_top_B_in_strength,177,330010,418749928.0,418749928.0,801096930.0,3973.0,202414527.0,598682403.0,598686376.0,27850,1,418749928,418749928,aim3_resilience_sequential_display_v2.csv,c187c0857fbb8a084f8c7e383b4afa8c4151caf7e2f4a454593cfabeb24f6563
targeted_structural_stress_test,120,sequential_top_B_in_strength,178,330060,419359361.0,419359361.0,801096930.0,3973.0,201805094.0,599291836.0,599295809.0,27850,1,419359361,419359361,aim3_resilience_sequential_display_v2.csv,c187c0857fbb8a084f8c7e383b4afa8c4151caf7e2f4a454593cfabeb24f6563
targeted_structural_stress_test,120,sequential_top_B_in_strength,179,421480,420945986.0,420945986.0,801096930.0,3973.0,200218469.0,600878461.0,600882434.0,27850,1,420945986,420945986,aim3_resilience_sequential_display_v2.csv,c187c0857fbb8a084f8c7e383b4afa8c4151caf7e2f4a454593cfabeb24f6563
targeted_structural_stress_test,120,sequential_top_B_in_strength,180,500370,422633346.0,422633346.0,801096930.0,3973.0,198531109.0,602565821.0,602569794.0,27850,1,422633346,422633346,aim3_resilience_sequential_display_v2.csv,c187c0857fbb8a084f8c7e383b4afa8c4151caf7e2f4a454593cfabeb24f6563
targeted_structural_stress_test,120,sequential_top_B_in_strength,181,240800,423661317.0,423661317.0,801096930.0,3973.0,197503138.0,603593792.0,603597765.0,27850,1,423661317,423661317,aim3_resilience_sequential_display_v2.csv,c187c0857fbb8a084f8c7e383b4afa8c4151caf7e2f4a454593cfabeb24f6563
targeted_structural_stress_test,120,sequential_top_B_in_strength,182,290320,423965328.0,423965328.0,801096930.0,3973.0,197199127.0,603897803.0,603901776.0,27850,1,423965328,423965328,aim3_resilience_sequential_display_v2.csv,c187c0857fbb8a084f8c7e383b4afa8c4151caf7e2f4a454593cfabeb24f6563
targeted_structural_stress_test,120,sequential_top_B_in_strength,183,313510,424155248.0,424155248.0,801096930.0,3973.0,197009207.0,604087723.0,604091696.0,27850,1,424155248,424155248,aim3_resilience_sequential_display_v2.csv,c187c0857fbb8a084f8c7e383b4afa8c4151caf7e2f4a454593cfabeb24f6563
targeted_structural_stress_test,120,sequential_top_B_in_strength,184,315120,424379221.0,424379221.0,801096930.0,3973.0,196785234.0,604311696.0,604315669.0,27850,1,424379221,424379221,aim3_resilience_sequential_display_v2.csv,c187c0857fbb8a084f8c7e383b4afa8c4151caf7e2f4a454593cfabeb24f6563
targeted_structural_stress_test,120,sequential_top_B_in_strength,185,352730,498213888.0,498213888.0,801096930.0,3973.0,122950567.0,678146363.0,678150336.0,27850,1,498213888,498213888,aim3_resilience_sequential_display_v2.csv,c187c0857fbb8a084f8c7e383b4afa8c4151caf7e2f4a454593cfabeb24f6563
targeted_structural_stress_test,120,sequential_top_B_in_strength,186,412770,500903977.0,500903977.0,801096930.0,3973.0,120260478.0,680836452.0,680840425.0,27850,1,500903977,500903977,aim3_resilience_sequential_display_v2.csv,c187c0857fbb8a084f8c7e383b4afa8c4151caf7e2f4a454593cfabeb24f6563
targeted_structural_stress_test,120,sequential_top_B_in_strength,187,431405,500938831.0,500938831.0,801096930.0,3973.0,120225624.0,680871306.0,680875279.0,27850,1,500938831,500938831,aim3_resilience_sequential_display_v2.csv,c187c0857fbb8a084f8c7e383b4afa8c4151caf7e2f4a454593cfabeb24f6563
targeted_structural_stress_test,120,sequential_top_B_in_strength,188,521250,501433563.0,501433563.0,801096930.0,3973.0,119730892.0,681366038.0,681370011.0,27850,1,501433563,501433563,aim3_resilience_sequential_display_v2.csv,c187c0857fbb8a084f8c7e383b4afa8c4151caf7e2f4a454593cfabeb24f6563
targeted_structural_stress_test,120,sequential_top_B_in_strength,189,150080,503842326.0,503842326.0,801096930.0,3973.0,117322129.0,683774801.0,683778774.0,27850,1,503842326,503842326,aim3_resilience_sequential_display_v2.csv,c187c0857fbb8a084f8c7e383b4afa8c4151caf7e2f4a454593cfabeb24f6563
targeted_structural_stress_test,120,sequential_top_B_in_strength,190,150120,503967036.0,503967036.0,801096930.0,3973.0,117197419.0,683899511.0,683903484.0,27850,1,503967036,503967036,aim3_resilience_sequential_display_v2.csv,c187c0857fbb8a084f8c7e383b4afa8c4151caf7e2f4a454593cfabeb24f6563
targeted_structural_stress_test,120,sequential_top_B_in_strength,191,150810,504068798.0,504068798.0,801096930.0,3973.0,117095657.0,684001273.0,684005246.0,27850,1,504068798,504068798,aim3_resilience_sequential_display_v2.csv,c187c0857fbb8a084f8c7e383b4afa8c4151caf7e2f4a454593cfabeb24f6563
targeted_structural_stress_test,120,sequential_top_B_in_strength,192,261070,509419638.0,509419638.0,801096930.0,3973.0,111744817.0,689352113.0,689356086.0,27850,1,509419638,509419638,aim3_resilience_sequential_display_v2.csv,c187c0857fbb8a084f8c7e383b4afa8c4151caf7e2f4a454593cfabeb24f6563
targeted_structural_stress_test,120,sequential_top_B_in_strength,193,313130,510334931.0,510334931.0,801096930.0,3973.0,110829524.0,690267406.0,690271379.0,27850,1,510334931,510334931,aim3_resilience_sequential_display_v2.csv,c187c0857fbb8a084f8c7e383b4afa8c4151caf7e2f4a454593cfabeb24f6563
targeted_structural_stress_test,120,sequential_top_B_in_strength,194,314390,515039094.0,515039094.0,801096930.0,3973.0,106125361.0,694971569.0,694975542.0,27850,1,515039094,515039094,aim3_resilience_sequential_display_v2.csv,c187c0857fbb8a084f8c7e383b4afa8c4151caf7e2f4a454593cfabeb24f6563
targeted_structural_stress_test,120,sequential_top_B_in_strength,195,316860,515227086.0,515227086.0,801096930.0,3973.0,105937369.0,695159561.0,695163534.0,27850,1,515227086,515227086,aim3_resilience_sequential_display_v2.csv,c187c0857fbb8a084f8c7e383b4afa8c4151caf7e2f4a454593cfabeb24f6563
targeted_structural_stress_test,120,sequential_top_B_in_strength,196,330452,517221014.0,517221014.0,801096930.0,3973.0,103943441.0,697153489.0,697157462.0,27850,1,517221014,517221014,aim3_resilience_sequential_display_v2.csv,c187c0857fbb8a084f8c7e383b4afa8c4151caf7e2f4a454593cfabeb24f6563
targeted_structural_stress_test,120,sequential_top_B_in_strength,197,351380,518696725.0,518696725.0,801096930.0,3973.0,102467730.0,698629200.0,698633173.0,27850,1,518696725,518696725,aim3_resilience_sequential_display_v2.csv,c187c0857fbb8a084f8c7e383b4afa8c4151caf7e2f4a454593cfabeb24f6563
targeted_structural_stress_test,120,sequential_top_B_in_strength,198,352480,525769500.0,525769500.0,801096930.0,3973.0,95394955.0,705701975.0,705705948.0,27850,1,525769500,525769500,aim3_resilience_sequential_display_v2.csv,c187c0857fbb8a084f8c7e383b4afa8c4151caf7e2f4a454593cfabeb24f6563
targeted_structural_stress_test,120,sequential_top_B_in_strength,199,412810,527121144.0,527121144.0,801096930.0,3973.0,94043311.0,707053619.0,707057592.0,27850,1,527121144,527121144,aim3_resilience_sequential_display_v2.csv,c187c0857fbb8a084f8c7e383b4afa8c4151caf7e2f4a454593cfabeb24f6563
targeted_structural_stress_test,120,sequential_top_B_in_strength,200,430210,531644854.0,531644854.0,801096930.0,3973.0,89519601.0,711577329.0,711581302.0,27850,1,531644854,531644854,aim3_resilience_sequential_display_v2.csv,c187c0857fbb8a084f8c7e383b4afa8c4151caf7e2f4a454593cfabeb24f6563
targeted_structural_stress_test,120,sequential_top_B_in_strength,201,431530,531933255.0,531933255.0,801096930.0,3973.0,89231200.0,711865730.0,711869703.0,27850,1,531933255,531933255,aim3_resilience_sequential_display_v2.csv,c187c0857fbb8a084f8c7e383b4afa8c4151caf7e2f4a454593cfabeb24f6563
targeted_structural_stress_test,120,sequential_top_B_in_strength,202,431750,533643456.0,533643456.0,801096930.0,3973.0,87520999.0,713575931.0,713579904.0,27850,1,533643456,533643456,aim3_resilience_sequential_display_v2.csv,c187c0857fbb8a084f8c7e383b4afa8c4151caf7e2f4a454593cfabeb24f6563
targeted_structural_stress_test,120,sequential_top_B_in_strength,203,431870,538237598.0,538237598.0,801096930.0,3973.0,82926857.0,718170073.0,718174046.0,27850,1,538237598,538237598,aim3_resilience_sequential_display_v2.csv,c187c0857fbb8a084f8c7e383b4afa8c4151caf7e2f4a454593cfabeb24f6563
targeted_structural_stress_test,120,sequential_top_B_in_strength,204,510704,538372344.0,538372344.0,801096930.0,3973.0,82792111.0,718304819.0,718308792.0,27850,1,538372344,538372344,aim3_resilience_sequential_display_v2.csv,c187c0857fbb8a084f8c7e383b4afa8c4151caf7e2f4a454593cfabeb24f6563
targeted_structural_stress_test,180,sequential_top_B_in_strength,1,355030,0.0,0.0,801096930.0,3973.0,690642893.0,110454037.0,110458010.0,27850,1,<5,<5,aim3_resilience_sequential_display_v2.csv,c187c0857fbb8a084f8c7e383b4afa8c4151caf7e2f4a454593cfabeb24f6563
targeted_structural_stress_test,180,sequential_top_B_in_strength,2,292740,0.0,0.0,801096930.0,3973.0,690642893.0,110454037.0,110458010.0,27850,1,<5,<5,aim3_resilience_sequential_display_v2.csv,c187c0857fbb8a084f8c7e383b4afa8c4151caf7e2f4a454593cfabeb24f6563
targeted_structural_stress_test,180,sequential_top_B_in_strength,3,240310,1565697.0,1565697.0,801096930.0,3973.0,689077196.0,112019734.0,112023707.0,27850,1,1565697,1565697,aim3_resilience_sequential_display_v2.csv,c187c0857fbb8a084f8c7e383b4afa8c4151caf7e2f4a454593cfabeb24f6563
targeted_structural_stress_test,180,sequential_top_B_in_strength,4,230440,11241109.0,11241109.0,801096930.0,3973.0,679401784.0,121695146.0,121699119.0,27850,1,11241109,11241109,aim3_resilience_sequential_display_v2.csv,c187c0857fbb8a084f8c7e383b4afa8c4151caf7e2f4a454593cfabeb24f6563
targeted_structural_stress_test,180,sequential_top_B_in_strength,5,261160,11252967.0,11252967.0,801096930.0,3973.0,679389926.0,121707004.0,121710977.0,27850,1,11252967,11252967,aim3_resilience_sequential_display_v2.csv,c187c0857fbb8a084f8c7e383b4afa8c4151caf7e2f4a454593cfabeb24f6563
targeted_structural_stress_test,180,sequential_top_B_in_strength,6,310620,12194338.0,12194338.0,801096930.0,3973.0,678448555.0,122648375.0,122652348.0,27850,1,12194338,12194338,aim3_resilience_sequential_display_v2.csv,c187c0857fbb8a084f8c7e383b4afa8c4151caf7e2f4a454593cfabeb24f6563
targeted_structural_stress_test,180,sequential_top_B_in_strength,7,260410,16656184.0,16656184.0,801096930.0,3973.0,673986709.0,127110221.0,127114194.0,27850,1,16656184,16656184,aim3_resilience_sequential_display_v2.csv,c187c0857fbb8a084f8c7e383b4afa8c4151caf7e2f4a454593cfabeb24f6563
targeted_structural_stress_test,180,sequential_top_B_in_strength,8,431490,16922570.0,16922570.0,801096930.0,3973.0,673720323.0,127376607.0,127380580.0,27850,1,16922570,16922570,aim3_resilience_sequential_display_v2.csv,c187c0857fbb8a084f8c7e383b4afa8c4151caf7e2f4a454593cfabeb24f6563
targeted_structural_stress_test,180,sequential_top_B_in_strength,9,130260,25467392.0,25467392.0,801096930.0,3973.0,665175501.0,135921429.0,135925402.0,27850,1,25467392,25467392,aim3_resilience_sequential_display_v2.csv,c187c0857fbb8a084f8c7e383b4afa8c4151caf7e2f4a454593cfabeb24f6563
targeted_structural_stress_test,180,sequential_top_B_in_strength,10,330455,25467392.0,25467392.0,801096930.0,3973.0,665175501.0,135921429.0,135925402.0,27850,1,25467392,25467392,aim3_resilience_sequential_display_v2.csv,c187c0857fbb8a084f8c7e383b4afa8c4151caf7e2f4a454593cfabeb24f6563
targeted_structural_stress_test,180,sequential_top_B_in_strength,11,354980,25467392.0,25467392.0,801096930.0,3973.0,665175501.0,135921429.0,135925402.0,27850,1,25467392,25467392,aim3_resilience_sequential_display_v2.csv,c187c0857fbb8a084f8c7e383b4afa8c4151caf7e2f4a454593cfabeb24f6563
targeted_structural_stress_test,180,sequential_top_B_in_strength,12,211130,32584524.0,32584524.0,801096930.0,3973.0,658058369.0,143038561.0,143042534.0,27850,1,32584524,32584524,aim3_resilience_sequential_display_v2.csv,c187c0857fbb8a084f8c7e383b4afa8c4151caf7e2f4a454593cfabeb24f6563
targeted_structural_stress_test,180,sequential_top_B_in_strength,13,431690,33040844.0,33040844.0,801096930.0,3973.0,657602049.0,143494881.0,143498854.0,27850,1,33040844,33040844,aim3_resilience_sequential_display_v2.csv,c187c0857fbb8a084f8c7e383b4afa8c4151caf7e2f4a454593cfabeb24f6563
targeted_structural_stress_test,180,sequential_top_B_in_strength,14,411370,33066969.0,33066969.0,801096930.0,3973.0,657575924.0,143521006.0,143524979.0,27850,1,33066969,33066969,aim3_resilience_sequential_display_v2.csv,c187c0857fbb8a084f8c7e383b4afa8c4151caf7e2f4a454593cfabeb24f6563
targeted_structural_stress_test,180,sequential_top_B_in_strength,15,320530,33096001.0,33096001.0,801096930.0,3973.0,657546892.0,143550038.0,143554011.0,27850,1,33096001,33096001,aim3_resilience_sequential_display_v2.csv,c187c0857fbb8a084f8c7e383b4afa8c4151caf7e2f4a454593cfabeb24f6563
targeted_structural_stress_test,180,sequential_top_B_in_strength,16,350950,33096001.0,33096001.0,801096930.0,3973.0,657546892.0,143550038.0,143554011.0,27850,1,33096001,33096001,aim3_resilience_sequential_display_v2.csv,c187c0857fbb8a084f8c7e383b4afa8c4151caf7e2f4a454593cfabeb24f6563
targeted_structural_stress_test,180,sequential_top_B_in_strength,17,350600,33096001.0,33096001.0,801096930.0,3973.0,657546892.0,143550038.0,143554011.0,27850,1,33096001,33096001,aim3_resilience_sequential_display_v2.csv,c187c0857fbb8a084f8c7e383b4afa8c4151caf7e2f4a454593cfabeb24f6563
targeted_structural_stress_test,180,sequential_top_B_in_strength,18,354140,33284737.0,33284737.0,801096930.0,3973.0,657358156.0,143738774.0,143742747.0,27850,1,33284737,33284737,aim3_resilience_sequential_display_v2.csv,c187c0857fbb8a084f8c7e383b4afa8c4151caf7e2f4a454593cfabeb24f6563
targeted_structural_stress_test,180,sequential_top_B_in_strength,19,410690,33305040.0,33305040.0,801096930.0,3973.0,657337853.0,143759077.0,143763050.0,27850,1,33305040,33305040,aim3_resilience_sequential_display_v2.csv,c187c0857fbb8a084f8c7e383b4afa8c4151caf7e2f4a454593cfabeb24f6563
targeted_structural_stress_test,180,sequential_top_B_in_strength,20,520870,33475341.0,33475341.0,801096930.0,3973.0,657167552.0,143929378.0,143933351.0,27850,1,33475341,33475341,aim3_resilience_sequential_display_v2.csv,c187c0857fbb8a084f8c7e383b4afa8c4151caf7e2f4a454593cfabeb24f6563
targeted_structural_stress_test,180,sequential_top_B_in_strength,21,313670,33717246.0,33717246.0,801096930.0,3973.0,656925647.0,144171283.0,144175256.0,27850,1,33717246,33717246,aim3_resilience_sequential_display_v2.csv,c187c0857fbb8a084f8c7e383b4afa8c4151caf7e2f4a454593cfabeb24f6563
targeted_structural_stress_test,180,sequential_top_B_in_strength,22,320500,36524890.0,36524890.0,801096930.0,3973.0,654118003.0,146978927.0,146982900.0,27850,1,36524890,36524890,aim3_resilience_sequential_display_v2.csv,c187c0857fbb8a084f8c7e383b4afa8c4151caf7e2f4a454593cfabeb24f6563
targeted_structural_stress_test,180,sequential_top_B_in_strength,23,530010,44881602.0,44881602.0,801096930.0,3973.0,645761291.0,155335639.0,155339612.0,27850,1,44881602,44881602,aim3_resilience_sequential_display_v2.csv,c187c0857fbb8a084f8c7e383b4afa8c4151caf7e2f4a454593cfabeb24f6563
targeted_structural_stress_test,180,sequential_top_B_in_strength,24,150140,49657264.0,49657264.0,801096930.0,3973.0,640985629.0,160111301.0,160115274.0,27850,1,49657264,49657264,aim3_resilience_sequential_display_v2.csv,c187c0857fbb8a084f8c7e383b4afa8c4151caf7e2f4a454593cfabeb24f6563
targeted_structural_stress_test,180,sequential_top_B_in_strength,25,355220,49794028.0,49794028.0,801096930.0,3973.0,640848865.0,160248065.0,160252038.0,27850,1,49794028,49794028,aim3_resilience_sequential_display_v2.csv,c187c0857fbb8a084f8c7e383b4afa8c4151caf7e2f4a454593cfabeb24f6563
targeted_structural_stress_test,180,sequential_top_B_in_strength,26,291080,69336689.0,69336689.0,801096930.0,3973.0,621306204.0,179790726.0,179794699.0,27850,1,69336689,69336689,aim3_resilience_sequential_display_v2.csv,c187c0857fbb8a084f8c7e383b4afa8c4151caf7e2f4a454593cfabeb24f6563
targeted_structural_stress_test,180,sequential_top_B_in_strength,27,317020,70345211.0,70345211.0,801096930.0,3973.0,620297682.0,180799248.0,180803221.0,27850,1,70345211,70345211,aim3_resilience_sequential_display_v2.csv,c187c0857fbb8a084f8c7e383b4afa8c4151caf7e2f4a454593cfabeb24f6563
targeted_structural_stress_test,180,sequential_top_B_in_strength,28,280030,80229594.0,80229594.0,801096930.0,3973.0,610413299.0,190683631.0,190687604.0,27850,1,80229594,80229594,aim3_resilience_sequential_display_v2.csv,c187c0857fbb8a084f8c7e383b4afa8c4151caf7e2f4a454593cfabeb24f6563
targeted_structural_stress_test,180,sequential_top_B_in_strength,29,420540,80229594.0,80229594.0,801096930.0,3973.0,610413299.0,190683631.0,190687604.0,27850,1,80229594,80229594,aim3_resilience_sequential_display_v2.csv,c187c0857fbb8a084f8c7e383b4afa8c4151caf7e2f4a454593cfabeb24f6563
targeted_structural_stress_test,180,sequential_top_B_in_strength,30,420290,80229594.0,80229594.0,801096930.0,3973.0,610413299.0,190683631.0,190687604.0,27850,1,80229594,80229594,aim3_resilience_sequential_display_v2.csv,c187c0857fbb8a084f8c7e383b4afa8c4151caf7e2f4a454593cfabeb24f6563
targeted_structural_stress_test,180,sequential_top_B_in_strength,31,410480,80794921.0,80794921.0,801096930.0,3973.0,609847972.0,191248958.0,191252931.0,27850,1,80794921,80794921,aim3_resilience_sequential_display_v2.csv,c187c0857fbb8a084f8c7e383b4afa8c4151caf7e2f4a454593cfabeb24f6563
targeted_structural_stress_test,180,sequential_top_B_in_strength,32,510340,84013409.0,84013409.0,801096930.0,3973.0,606629484.0,194467446.0,194471419.0,27850,1,84013409,84013409,aim3_resilience_sequential_display_v2.csv,c187c0857fbb8a084f8c7e383b4afa8c4151caf7e2f4a454593cfabeb24f6563
targeted_structural_stress_test,180,sequential_top_B_in_strength,33,430510,84154306.0,84154306.0,801096930.0,3973.0,606488587.0,194608343.0,194612316.0,27850,1,84154306,84154306,aim3_resilience_sequential_display_v2.csv,c187c0857fbb8a084f8c7e383b4afa8c4151caf7e2f4a454593cfabeb24f6563
targeted_structural_stress_test,180,sequential_top_B_in_strength,34,351880,84154306.0,84154306.0,801096930.0,3973.0,606488587.0,194608343.0,194612316.0,27850,1,84154306,84154306,aim3_resilience_sequential_display_v2.csv,c187c0857fbb8a084f8c7e383b4afa8c4151caf7e2f4a454593cfabeb24f6563
targeted_structural_stress_test,180,sequential_top_B_in_strength,35,352590,84154306.0,84154306.0,801096930.0,3973.0,606488587.0,194608343.0,194612316.0,27850,1,84154306,84154306,aim3_resilience_sequential_display_v2.csv,c187c0857fbb8a084f8c7e383b4afa8c4151caf7e2f4a454593cfabeb24f6563
targeted_structural_stress_test,180,sequential_top_B_in_strength,36,500270,84811674.0,84811674.0,801096930.0,3973.0,605831219.0,195265711.0,195269684.0,27850,1,84811674,84811674,aim3_resilience_sequential_display_v2.csv,c187c0857fbb8a084f8c7e383b4afa8c4151caf7e2f4a454593cfabeb24f6563
targeted_structural_stress_test,180,sequential_top_B_in_strength,37,221100,91383234.0,91383234.0,801096930.0,3973.0,599259659.0,201837271.0,201841244.0,27850,1,91383234,91383234,aim3_resilience_sequential_display_v2.csv,c187c0857fbb8a084f8c7e383b4afa8c4151caf7e2f4a454593cfabeb24f6563
targeted_structural_stress_test,180,sequential_top_B_in_strength,38,521930,91843842.0,91843842.0,801096930.0,3973.0,598799051.0,202297879.0,202301852.0,27850,1,91843842,91843842,aim3_resilience_sequential_display_v2.csv,c187c0857fbb8a084f8c7e383b4afa8c4151caf7e2f4a454593cfabeb24f6563
targeted_structural_stress_test,180,sequential_top_B_in_strength,39,315250,91843842.0,91843842.0,801096930.0,3973.0,598799051.0,202297879.0,202301852.0,27850,1,91843842,91843842,aim3_resilience_sequential_display_v2.csv,c187c0857fbb8a084f8c7e383b4afa8c4151caf7e2f4a454593cfabeb24f6563
targeted_structural_stress_test,180,sequential_top_B_in_strength,40,430860,92201173.0,92201173.0,801096930.0,3973.0,598441720.0,202655210.0,202659183.0,27850,1,92201173,92201173,aim3_resilience_sequential_display_v2.csv,c187c0857fbb8a084f8c7e383b4afa8c4151caf7e2f4a454593cfabeb24f6563
targeted_structural_stress_test,180,sequential_top_B_in_strength,41,521150,92227045.0,92227045.0,801096930.0,3973.0,598415848.0,202681082.0,202685055.0,27850,1,92227045,92227045,aim3_resilience_sequential_display_v2.csv,c187c0857fbb8a084f8c7e383b4afa8c4151caf7e2f4a454593cfabeb24f6563
targeted_structural_stress_test,180,sequential_top_B_in_strength,42,320120,92240751.0,92240751.0,801096930.0,3973.0,598402142.0,202694788.0,202698761.0,27850,1,92240751,92240751,aim3_resilience_sequential_display_v2.csv,c187c0857fbb8a084f8c7e383b4afa8c4151caf7e2f4a454593cfabeb24f6563
targeted_structural_stress_test,180,sequential_top_B_in_strength,43,354340,92240751.0,92240751.0,801096930.0,3973.0,598402142.0,202694788.0,202698761.0,27850,1,92240751,92240751,aim3_resilience_sequential_display_v2.csv,c187c0857fbb8a084f8c7e383b4afa8c4151caf7e2f4a454593cfabeb24f6563
targeted_structural_stress_test,180,sequential_top_B_in_strength,44,150680,93684709.0,93684709.0,801096930.0,3973.0,596958184.0,204138746.0,204142719.0,27850,1,93684709,93684709,aim3_resilience_sequential_display_v2.csv,c187c0857fbb8a084f8c7e383b4afa8c4151caf7e2f4a454593cfabeb24f6563
targeted_structural_stress_test,180,sequential_top_B_in_strength,45,354850,93684709.0,93684709.0,801096930.0,3973.0,596958184.0,204138746.0,204142719.0,27850,1,93684709,93684709,aim3_resilience_sequential_display_v2.csv,c187c0857fbb8a084f8c7e383b4afa8c4151caf7e2f4a454593cfabeb24f6563
targeted_structural_stress_test,180,sequential_top_B_in_strength,46,350570,93808722.0,93808722.0,801096930.0,3973.0,596834171.0,204262759.0,204266732.0,27850,1,93808722,93808722,aim3_resilience_sequential_display_v2.csv,c187c0857fbb8a084f8c7e383b4afa8c4151caf7e2f4a454593cfabeb24f6563
targeted_structural_stress_test,180,sequential_top_B_in_strength,47,354990,93808722.0,93808722.0,801096930.0,3973.0,596834171.0,204262759.0,204266732.0,27850,1,93808722,93808722,aim3_resilience_sequential_display_v2.csv,c187c0857fbb8a084f8c7e383b4afa8c4151caf7e2f4a454593cfabeb24f6563
targeted_structural_stress_test,180,sequential_top_B_in_strength,48,421010,93862383.0,93862383.0,801096930.0,3973.0,596780510.0,204316420.0,204320393.0,27850,1,93862383,93862383,aim3_resilience_sequential_display_v2.csv,c187c0857fbb8a084f8c7e383b4afa8c4151caf7e2f4a454593cfabeb24f6563
targeted_structural_stress_test,180,sequential_top_B_in_strength,49,420910,93862383.0,93862383.0,801096930.0,3973.0,596780510.0,204316420.0,204320393.0,27850,1,93862383,93862383,aim3_resilience_sequential_display_v2.csv,c187c0857fbb8a084f8c7e383b4afa8c4151caf7e2f4a454593cfabeb24f6563
targeted_structural_stress_test,180,sequential_top_B_in_strength,50,330390,93970793.0,93970793.0,801096930.0,3973.0,596672100.0,204424830.0,204428803.0,27850,1,93970793,93970793,aim3_resilience_sequential_display_v2.csv,c187c0857fbb8a084f8c7e383b4afa8c4151caf7e2f4a454593cfabeb24f6563
targeted_structural_stress_test,180,sequential_top_B_in_strength,51,312770,99432272.0,99432272.0,801096930.0,3973.0,591210621.0,209886309.0,209890282.0,27850,1,99432272,99432272,aim3_resilience_sequential_display_v2.csv,c187c0857fbb8a084f8c7e383b4afa8c4151caf7e2f4a454593cfabeb24f6563
targeted_structural_stress_test,180,sequential_top_B_in_strength,52,351620,100127210.0,100127210.0,801096930.0,3973.0,590515683.0,210581247.0,210585220.0,27850,1,100127210,100127210,aim3_resilience_sequential_display_v2.csv,c187c0857fbb8a084f8c7e383b4afa8c4151caf7e2f4a454593cfabeb24f6563
targeted_structural_stress_test,180,sequential_top_B_in_strength,53,411520,100261613.0,100261613.0,801096930.0,3973.0,590381280.0,210715650.0,210719623.0,27850,1,100261613,100261613,aim3_resilience_sequential_display_v2.csv,c187c0857fbb8a084f8c7e383b4afa8c4151caf7e2f4a454593cfabeb24f6563
targeted_structural_stress_test,180,sequential_top_B_in_strength,54,355280,100261613.0,100261613.0,801096930.0,3973.0,590381280.0,210715650.0,210719623.0,27850,1,100261613,100261613,aim3_resilience_sequential_display_v2.csv,c187c0857fbb8a084f8c7e383b4afa8c4151caf7e2f4a454593cfabeb24f6563
targeted_structural_stress_test,180,sequential_top_B_in_strength,55,410830,100796406.0,100796406.0,801096930.0,3973.0,589846487.0,211250443.0,211254416.0,27850,1,100796406,100796406,aim3_resilience_sequential_display_v2.csv,c187c0857fbb8a084f8c7e383b4afa8c4151caf7e2f4a454593cfabeb24f6563
targeted_structural_stress_test,180,sequential_top_B_in_strength,56,353870,100796406.0,100796406.0,801096930.0,3973.0,589846487.0,211250443.0,211254416.0,27850,1,100796406,100796406,aim3_resilience_sequential_display_v2.csv,c187c0857fbb8a084f8c7e383b4afa8c4151caf7e2f4a454593cfabeb24f6563
targeted_structural_stress_test,180,sequential_top_B_in_strength,57,250750,110768748.0,110768748.0,801096930.0,3973.0,579874145.0,221222785.0,221226758.0,27850,1,110768748,110768748,aim3_resilience_sequential_display_v2.csv,c187c0857fbb8a084f8c7e383b4afa8c4151caf7e2f4a454593cfabeb24f6563
targeted_structural_stress_test,180,sequential_top_B_in_strength,58,350760,110768748.0,110768748.0,801096930.0,3973.0,579874145.0,221222785.0,221226758.0,27850,1,110768748,110768748,aim3_resilience_sequential_display_v2.csv,c187c0857fbb8a084f8c7e383b4afa8c4151caf7e2f4a454593cfabeb24f6563
targeted_structural_stress_test,180,sequential_top_B_in_strength,59,420300,111229915.0,111229915.0,801096930.0,3973.0,579412978.0,221683952.0,221687925.0,27850,1,111229915,111229915,aim3_resilience_sequential_display_v2.csv,c187c0857fbb8a084f8c7e383b4afa8c4151caf7e2f4a454593cfabeb24f6563
targeted_structural_stress_test,180,sequential_top_B_in_strength,60,350750,111519477.0,111519477.0,801096930.0,3973.0,579123416.0,221973514.0,221977487.0,27850,1,111519477,111519477,aim3_resilience_sequential_display_v2.csv,c187c0857fbb8a084f8c7e383b4afa8c4151caf7e2f4a454593cfabeb24f6563
targeted_structural_stress_test,180,sequential_top_B_in_strength,61,421720,112044420.0,112044420.0,801096930.0,3973.0,578598473.0,222498457.0,222502430.0,27850,1,112044420,112044420,aim3_resilience_sequential_display_v2.csv,c187c0857fbb8a084f8c7e383b4afa8c4151caf7e2f4a454593cfabeb24f6563
targeted_structural_stress_test,180,sequential_top_B_in_strength,62,411990,113410836.0,113410836.0,801096930.0,3973.0,577232057.0,223864873.0,223868846.0,27850,1,113410836,113410836,aim3_resilience_sequential_display_v2.csv,c187c0857fbb8a084f8c7e383b4afa8c4151caf7e2f4a454593cfabeb24f6563
targeted_structural_stress_test,180,sequential_top_B_in_strength,63,231290,122027192.0,122027192.0,801096930.0,3973.0,568615701.0,232481229.0,232485202.0,27850,1,122027192,122027192,aim3_resilience_sequential_display_v2.csv,c187c0857fbb8a084f8c7e383b4afa8c4151caf7e2f4a454593cfabeb24f6563
targeted_structural_stress_test,180,sequential_top_B_in_strength,64,410150,122167196.0,122167196.0,801096930.0,3973.0,568475697.0,232621233.0,232625206.0,27850,1,122167196,122167196,aim3_resilience_sequential_display_v2.csv,c187c0857fbb8a084f8c7e383b4afa8c4151caf7e2f4a454593cfabeb24f6563
targeted_structural_stress_test,180,sequential_top_B_in_strength,65,160030,123512427.0,123512427.0,801096930.0,3973.0,567130466.0,233966464.0,233970437.0,27850,1,123512427,123512427,aim3_resilience_sequential_display_v2.csv,c187c0857fbb8a084f8c7e383b4afa8c4151caf7e2f4a454593cfabeb24f6563
targeted_structural_stress_test,180,sequential_top_B_in_strength,66,314330,126216775.0,126216775.0,801096930.0,3973.0,564426118.0,236670812.0,236674785.0,27850,1,126216775,126216775,aim3_resilience_sequential_display_v2.csv,c187c0857fbb8a084f8c7e383b4afa8c4151caf7e2f4a454593cfabeb24f6563
targeted_structural_stress_test,180,sequential_top_B_in_strength,67,354870,126216775.0,126216775.0,801096930.0,3973.0,564426118.0,236670812.0,236674785.0,27850,1,126216775,126216775,aim3_resilience_sequential_display_v2.csv,c187c0857fbb8a084f8c7e383b4afa8c4151caf7e2f4a454593cfabeb24f6563
targeted_structural_stress_test,180,sequential_top_B_in_strength,68,355410,126216775.0,126216775.0,801096930.0,3973.0,564426118.0,236670812.0,236674785.0,27850,1,126216775,126216775,aim3_resilience_sequential_display_v2.csv,c187c0857fbb8a084f8c7e383b4afa8c4151caf7e2f4a454593cfabeb24f6563
targeted_structural_stress_test,180,sequential_top_B_in_strength,69,351340,126442458.0,126442458.0,801096930.0,3973.0,564200435.0,236896495.0,236900468.0,27850,1,126442458,126442458,aim3_resilience_sequential_display_v2.csv,c187c0857fbb8a084f8c7e383b4afa8c4151caf7e2f4a454593cfabeb24f6563
targeted_structural_stress_test,180,sequential_top_B_in_strength,70,250400,136885307.0,136885307.0,801096930.0,3973.0,553757586.0,247339344.0,247343317.0,27850,1,136885307,136885307,aim3_resilience_sequential_display_v2.csv,c187c0857fbb8a084f8c7e383b4afa8c4151caf7e2f4a454593cfabeb24f6563
targeted_structural_stress_test,180,sequential_top_B_in_strength,71,172100,138552918.0,138552918.0,801096930.0,3973.0,552089975.0,249006955.0,249010928.0,27850,1,138552918,138552918,aim3_resilience_sequential_display_v2.csv,c187c0857fbb8a084f8c7e383b4afa8c4151caf7e2f4a454593cfabeb24f6563
targeted_structural_stress_test,180,sequential_top_B_in_strength,72,293135,141881970.0,141881970.0,801096930.0,3973.0,548760923.0,252336007.0,252339980.0,27850,1,141881970,141881970,aim3_resilience_sequential_display_v2.csv,c187c0857fbb8a084f8c7e383b4afa8c4151caf7e2f4a454593cfabeb24f6563
targeted_structural_stress_test,180,sequential_top_B_in_strength,73,330350,141881970.0,141881970.0,801096930.0,3973.0,548760923.0,252336007.0,252339980.0,27850,1,141881970,141881970,aim3_resilience_sequential_display_v2.csv,c187c0857fbb8a084f8c7e383b4afa8c4151caf7e2f4a454593cfabeb24f6563
targeted_structural_stress_test,180,sequential_top_B_in_strength,74,291800,145664790.0,145664790.0,801096930.0,3973.0,544978103.0,256118827.0,256122800.0,27850,1,145664790,145664790,aim3_resilience_sequential_display_v2.csv,c187c0857fbb8a084f8c7e383b4afa8c4151caf7e2f4a454593cfabeb24f6563
targeted_structural_stress_test,180,sequential_top_B_in_strength,75,431410,147880152.0,147880152.0,801096930.0,3973.0,542762741.0,258334189.0,258338162.0,27850,1,147880152,147880152,aim3_resilience_sequential_display_v2.csv,c187c0857fbb8a084f8c7e383b4afa8c4151caf7e2f4a454593cfabeb24f6563
targeted_structural_stress_test,180,sequential_top_B_in_strength,76,231140,150701590.0,150701590.0,801096930.0,3973.0,539941303.0,261155627.0,261159600.0,27850,1,150701590,150701590,aim3_resilience_sequential_display_v2.csv,c187c0857fbb8a084f8c7e383b4afa8c4151caf7e2f4a454593cfabeb24f6563
targeted_structural_stress_test,180,sequential_top_B_in_strength,77,150420,151199136.0,151199136.0,801096930.0,3973.0,539443757.0,261653173.0,261657146.0,27850,1,151199136,151199136,aim3_resilience_sequential_display_v2.csv,c187c0857fbb8a084f8c7e383b4afa8c4151caf7e2f4a454593cfabeb24f6563
targeted_structural_stress_test,180,sequential_top_B_in_strength,78,330240,151199136.0,151199136.0,801096930.0,3973.0,539443757.0,261653173.0,261657146.0,27850,1,151199136,151199136,aim3_resilience_sequential_display_v2.csv,c187c0857fbb8a084f8c7e383b4afa8c4151caf7e2f4a454593cfabeb24f6563
targeted_structural_stress_test,180,sequential_top_B_in_strength,79,352530,151256127.0,151256127.0,801096930.0,3973.0,539386766.0,261710164.0,261714137.0,27850,1,151256127,151256127,aim3_resilience_sequential_display_v2.csv,c187c0857fbb8a084f8c7e383b4afa8c4151caf7e2f4a454593cfabeb24f6563
targeted_structural_stress_test,180,sequential_top_B_in_strength,80,410430,153823198.0,153823198.0,801096930.0,3973.0,536819695.0,264277235.0,264281208.0,27850,1,153823198,153823198,aim3_resilience_sequential_display_v2.csv,c187c0857fbb8a084f8c7e383b4afa8c4151caf7e2f4a454593cfabeb24f6563
targeted_structural_stress_test,180,sequential_top_B_in_strength,81,352690,153830640.0,153830640.0,801096930.0,3973.0,536812253.0,264284677.0,264288650.0,27850,1,153830640,153830640,aim3_resilience_sequential_display_v2.csv,c187c0857fbb8a084f8c7e383b4afa8c4151caf7e2f4a454593cfabeb24f6563
targeted_structural_stress_test,180,sequential_top_B_in_strength,82,430460,154043643.0,154043643.0,801096930.0,3973.0,536599250.0,264497680.0,264501653.0,27850,1,154043643,154043643,aim3_resilience_sequential_display_v2.csv,c187c0857fbb8a084f8c7e383b4afa8c4151caf7e2f4a454593cfabeb24f6563
targeted_structural_stress_test,180,sequential_top_B_in_strength,83,110020,156005624.0,156005624.0,801096930.0,3973.0,534637269.0,266459661.0,266463634.0,27850,1,156005624,156005624,aim3_resilience_sequential_display_v2.csv,c187c0857fbb8a084f8c7e383b4afa8c4151caf7e2f4a454593cfabeb24f6563
targeted_structural_stress_test,180,sequential_top_B_in_strength,84,330490,156022278.0,156022278.0,801096930.0,3973.0,534620615.0,266476315.0,266480288.0,27850,1,156022278,156022278,aim3_resilience_sequential_display_v2.csv,c187c0857fbb8a084f8c7e383b4afa8c4151caf7e2f4a454593cfabeb24f6563
targeted_structural_stress_test,180,sequential_top_B_in_strength,85,230730,159172796.0,159172796.0,801096930.0,3973.0,531470097.0,269626833.0,269630806.0,27850,1,159172796,159172796,aim3_resilience_sequential_display_v2.csv,c187c0857fbb8a084f8c7e383b4afa8c4151caf7e2f4a454593cfabeb24f6563
targeted_structural_stress_test,180,sequential_top_B_in_strength,86,270430,167502411.0,167502411.0,801096930.0,3973.0,523140482.0,277956448.0,277960421.0,27850,1,167502411,167502411,aim3_resilience_sequential_display_v2.csv,c187c0857fbb8a084f8c7e383b4afa8c4151caf7e2f4a454593cfabeb24f6563
targeted_structural_stress_test,180,sequential_top_B_in_strength,87,261390,169303702.0,169303702.0,801096930.0,3973.0,521339191.0,279757739.0,279761712.0,27850,1,169303702,169303702,aim3_resilience_sequential_display_v2.csv,c187c0857fbb8a084f8c7e383b4afa8c4151caf7e2f4a454593cfabeb24f6563
targeted_structural_stress_test,180,sequential_top_B_in_strength,88,352900,169388599.0,169388599.0,801096930.0,3973.0,521254294.0,279842636.0,279846609.0,27850,1,169388599,169388599,aim3_resilience_sequential_display_v2.csv,c187c0857fbb8a084f8c7e383b4afa8c4151caf7e2f4a454593cfabeb24f6563
targeted_structural_stress_test,180,sequential_top_B_in_strength,89,510792,169411450.0,169411450.0,801096930.0,3973.0,521231443.0,279865487.0,279869460.0,27850,1,169411450,169411450,aim3_resilience_sequential_display_v2.csv,c187c0857fbb8a084f8c7e383b4afa8c4151caf7e2f4a454593cfabeb24f6563
targeted_structural_stress_test,180,sequential_top_B_in_strength,90,240810,184649186.0,184649186.0,801096930.0,3973.0,505993707.0,295103223.0,295107196.0,27850,1,184649186,184649186,aim3_resilience_sequential_display_v2.csv,c187c0857fbb8a084f8c7e383b4afa8c4151caf7e2f4a454593cfabeb24f6563
targeted_structural_stress_test,180,sequential_top_B_in_strength,91,500830,185140322.0,185140322.0,801096930.0,3973.0,505502571.0,295594359.0,295598332.0,27850,1,185140322,185140322,aim3_resilience_sequential_display_v2.csv,c187c0857fbb8a084f8c7e383b4afa8c4151caf7e2f4a454593cfabeb24f6563
targeted_structural_stress_test,180,sequential_top_B_in_strength,92,420930,185720132.0,185720132.0,801096930.0,3973.0,504922761.0,296174169.0,296178142.0,27850,1,185720132,185720132,aim3_resilience_sequential_display_v2.csv,c187c0857fbb8a084f8c7e383b4afa8c4151caf7e2f4a454593cfabeb24f6563
targeted_structural_stress_test,180,sequential_top_B_in_strength,93,420900,189921303.0,189921303.0,801096930.0,3973.0,500721590.0,300375340.0,300379313.0,27850,1,189921303,189921303,aim3_resilience_sequential_display_v2.csv,c187c0857fbb8a084f8c7e383b4afa8c4151caf7e2f4a454593cfabeb24f6563
targeted_structural_stress_test,180,sequential_top_B_in_strength,94,316720,190270812.0,190270812.0,801096930.0,3973.0,500372081.0,300724849.0,300728822.0,27850,1,190270812,190270812,aim3_resilience_sequential_display_v2.csv,c187c0857fbb8a084f8c7e383b4afa8c4151caf7e2f4a454593cfabeb24f6563
targeted_structural_stress_test,180,sequential_top_B_in_strength,95,352440,190487248.0,190487248.0,801096930.0,3973.0,500155645.0,300941285.0,300945258.0,27850,1,190487248,190487248,aim3_resilience_sequential_display_v2.csv,c187c0857fbb8a084f8c7e383b4afa8c4151caf7e2f4a454593cfabeb24f6563
targeted_structural_stress_test,180,sequential_top_B_in_strength,96,150543,190567066.0,190567066.0,801096930.0,3973.0,500075827.0,301021103.0,301025076.0,27850,1,190567066,190567066,aim3_resilience_sequential_display_v2.csv,c187c0857fbb8a084f8c7e383b4afa8c4151caf7e2f4a454593cfabeb24f6563
targeted_structural_stress_test,180,sequential_top_B_in_strength,97,150060,191035395.0,191035395.0,801096930.0,3973.0,499607498.0,301489432.0,301493405.0,27850,1,191035395,191035395,aim3_resilience_sequential_display_v2.csv,c187c0857fbb8a084f8c7e383b4afa8c4151caf7e2f4a454593cfabeb24f6563
targeted_structural_stress_test,180,sequential_top_B_in_strength,98,291360,194456049.0,194456049.0,801096930.0,3973.0,496186844.0,304910086.0,304914059.0,27850,1,194456049,194456049,aim3_resilience_sequential_display_v2.csv,c187c0857fbb8a084f8c7e383b4afa8c4151caf7e2f4a454593cfabeb24f6563
targeted_structural_stress_test,180,sequential_top_B_in_strength,99,351110,194456049.0,194456049.0,801096930.0,3973.0,496186844.0,304910086.0,304914059.0,27850,1,194456049,194456049,aim3_resilience_sequential_display_v2.csv,c187c0857fbb8a084f8c7e383b4afa8c4151caf7e2f4a454593cfabeb24f6563
targeted_structural_stress_test,180,sequential_top_B_in_strength,100,431680,201313691.0,201313691.0,801096930.0,3973.0,489329202.0,311767728.0,311771701.0,27850,1,201313691,201313691,aim3_resilience_sequential_display_v2.csv,c187c0857fbb8a084f8c7e383b4afa8c4151caf7e2f4a454593cfabeb24f6563
targeted_structural_stress_test,180,sequential_top_B_in_strength,101,310160,201338037.0,201338037.0,801096930.0,3973.0,489304856.0,311792074.0,311796047.0,27850,1,201338037,201338037,aim3_resilience_sequential_display_v2.csv,c187c0857fbb8a084f8c7e383b4afa8c4151caf7e2f4a454593cfabeb24f6563
targeted_structural_stress_test,180,sequential_top_B_in_strength,102,510760,202540129.0,202540129.0,801096930.0,3973.0,488102764.0,312994166.0,312998139.0,27850,1,202540129,202540129,aim3_resilience_sequential_display_v2.csv,c187c0857fbb8a084f8c7e383b4afa8c4151caf7e2f4a454593cfabeb24f6563
targeted_structural_stress_test,180,sequential_top_B_in_strength,103,350550,202902896.0,202902896.0,801096930.0,3973.0,487739997.0,313356933.0,313360906.0,27850,1,202902896,202902896,aim3_resilience_sequential_display_v2.csv,c187c0857fbb8a084f8c7e383b4afa8c4151caf7e2f4a454593cfabeb24f6563
targeted_structural_stress_test,180,sequential_top_B_in_strength,104,410400,206616360.0,206616360.0,801096930.0,3973.0,484026533.0,317070397.0,317074370.0,27850,1,206616360,206616360,aim3_resilience_sequential_display_v2.csv,c187c0857fbb8a084f8c7e383b4afa8c4151caf7e2f4a454593cfabeb24f6563
targeted_structural_stress_test,180,sequential_top_B_in_strength,105,431020,206645130.0,206645130.0,801096930.0,3973.0,483997763.0,317099167.0,317103140.0,27850,1,206645130,206645130,aim3_resilience_sequential_display_v2.csv,c187c0857fbb8a084f8c7e383b4afa8c4151caf7e2f4a454593cfabeb24f6563
targeted_structural_stress_test,180,sequential_top_B_in_strength,106,352310,206645130.0,206645130.0,801096930.0,3973.0,483997763.0,317099167.0,317103140.0,27850,1,206645130,206645130,aim3_resilience_sequential_display_v2.csv,c187c0857fbb8a084f8c7e383b4afa8c4151caf7e2f4a454593cfabeb24f6563
targeted_structural_stress_test,180,sequential_top_B_in_strength,107,291840,208904217.0,208904217.0,801096930.0,3973.0,481738676.0,319358254.0,319362227.0,27850,1,208904217,208904217,aim3_resilience_sequential_display_v2.csv,c187c0857fbb8a084f8c7e383b4afa8c4151caf7e2f4a454593cfabeb24f6563
targeted_structural_stress_test,180,sequential_top_B_in_strength,108,522160,210014333.0,210014333.0,801096930.0,3973.0,480628560.0,320468370.0,320472343.0,27850,1,210014333,210014333,aim3_resilience_sequential_display_v2.csv,c187c0857fbb8a084f8c7e383b4afa8c4151caf7e2f4a454593cfabeb24f6563
targeted_structural_stress_test,180,sequential_top_B_in_strength,109,352220,210014333.0,210014333.0,801096930.0,3973.0,480628560.0,320468370.0,320472343.0,27850,1,210014333,210014333,aim3_resilience_sequential_display_v2.csv,c187c0857fbb8a084f8c7e383b4afa8c4151caf7e2f4a454593cfabeb24f6563
targeted_structural_stress_test,180,sequential_top_B_in_strength,110,320520,210014333.0,210014333.0,801096930.0,3973.0,480628560.0,320468370.0,320472343.0,27850,1,210014333,210014333,aim3_resilience_sequential_display_v2.csv,c187c0857fbb8a084f8c7e383b4afa8c4151caf7e2f4a454593cfabeb24f6563
targeted_structural_stress_test,180,sequential_top_B_in_strength,111,350400,214909886.0,214909886.0,801096930.0,3973.0,475733007.0,325363923.0,325367896.0,27850,1,214909886,214909886,aim3_resilience_sequential_display_v2.csv,c187c0857fbb8a084f8c7e383b4afa8c4151caf7e2f4a454593cfabeb24f6563
targeted_structural_stress_test,180,sequential_top_B_in_strength,112,521880,216115536.0,216115536.0,801096930.0,3973.0,474527357.0,326569573.0,326573546.0,27850,1,216115536,216115536,aim3_resilience_sequential_display_v2.csv,c187c0857fbb8a084f8c7e383b4afa8c4151caf7e2f4a454593cfabeb24f6563
targeted_structural_stress_test,180,sequential_top_B_in_strength,113,354890,216115536.0,216115536.0,801096930.0,3973.0,474527357.0,326569573.0,326573546.0,27850,1,216115536,216115536,aim3_resilience_sequential_display_v2.csv,c187c0857fbb8a084f8c7e383b4afa8c4151caf7e2f4a454593cfabeb24f6563
targeted_structural_stress_test,180,sequential_top_B_in_strength,114,430800,216552244.0,216552244.0,801096930.0,3973.0,474090649.0,327006281.0,327010254.0,27850,1,216552244,216552244,aim3_resilience_sequential_display_v2.csv,c187c0857fbb8a084f8c7e383b4afa8c4151caf7e2f4a454593cfabeb24f6563
targeted_structural_stress_test,180,sequential_top_B_in_strength,115,420240,223990821.0,223990821.0,801096930.0,3973.0,466652072.0,334444858.0,334448831.0,27850,1,223990821,223990821,aim3_resilience_sequential_display_v2.csv,c187c0857fbb8a084f8c7e383b4afa8c4151caf7e2f4a454593cfabeb24f6563
targeted_structural_stress_test,180,sequential_top_B_in_strength,116,510790,224550939.0,224550939.0,801096930.0,3973.0,466091954.0,335004976.0,335008949.0,27850,1,224550939,224550939,aim3_resilience_sequential_display_v2.csv,c187c0857fbb8a084f8c7e383b4afa8c4151caf7e2f4a454593cfabeb24f6563
targeted_structural_stress_test,180,sequential_top_B_in_strength,117,170210,226053799.0,226053799.0,801096930.0,3973.0,464589094.0,336507836.0,336511809.0,27850,1,226053799,226053799,aim3_resilience_sequential_display_v2.csv,c187c0857fbb8a084f8c7e383b4afa8c4151caf7e2f4a454593cfabeb24f6563
targeted_structural_stress_test,180,sequential_top_B_in_strength,118,293330,228008706.0,228008706.0,801096930.0,3973.0,462634187.0,338462743.0,338466716.0,27850,1,228008706,228008706,aim3_resilience_sequential_display_v2.csv,c187c0857fbb8a084f8c7e383b4afa8c4151caf7e2f4a454593cfabeb24f6563
targeted_structural_stress_test,180,sequential_top_B_in_strength,119,431440,228349005.0,228349005.0,801096930.0,3973.0,462293888.0,338803042.0,338807015.0,27850,1,228349005,228349005,aim3_resilience_sequential_display_v2.csv,c187c0857fbb8a084f8c7e383b4afa8c4151caf7e2f4a454593cfabeb24f6563
targeted_structural_stress_test,180,sequential_top_B_in_strength,120,330100,228382161.0,228382161.0,801096930.0,3973.0,462260732.0,338836198.0,338840171.0,27850,1,228382161,228382161,aim3_resilience_sequential_display_v2.csv,c187c0857fbb8a084f8c7e383b4afa8c4151caf7e2f4a454593cfabeb24f6563
targeted_structural_stress_test,180,sequential_top_B_in_strength,121,520140,240848014.0,240848014.0,801096930.0,3973.0,449794879.0,351302051.0,351306024.0,27850,1,240848014,240848014,aim3_resilience_sequential_display_v2.csv,c187c0857fbb8a084f8c7e383b4afa8c4151caf7e2f4a454593cfabeb24f6563
targeted_structural_stress_test,180,sequential_top_B_in_strength,122,351640,240891775.0,240891775.0,801096930.0,3973.0,449751118.0,351345812.0,351349785.0,27850,1,240891775,240891775,aim3_resilience_sequential_display_v2.csv,c187c0857fbb8a084f8c7e383b4afa8c4151caf7e2f4a454593cfabeb24f6563
targeted_structural_stress_test,180,sequential_top_B_in_strength,123,431560,244336976.0,244336976.0,801096930.0,3973.0,446305917.0,354791013.0,354794986.0,27850,1,244336976,244336976,aim3_resilience_sequential_display_v2.csv,c187c0857fbb8a084f8c7e383b4afa8c4151caf7e2f4a454593cfabeb24f6563
targeted_structural_stress_test,180,sequential_top_B_in_strength,124,120020,244498761.0,244498761.0,801096930.0,3973.0,446144132.0,354952798.0,354956771.0,27850,1,244498761,244498761,aim3_resilience_sequential_display_v2.csv,c187c0857fbb8a084f8c7e383b4afa8c4151caf7e2f4a454593cfabeb24f6563
targeted_structural_stress_test,180,sequential_top_B_in_strength,125,310350,245185148.0,245185148.0,801096930.0,3973.0,445457745.0,355639185.0,355643158.0,27850,1,245185148,245185148,aim3_resilience_sequential_display_v2.csv,c187c0857fbb8a084f8c7e383b4afa8c4151caf7e2f4a454593cfabeb24f6563
targeted_structural_stress_test,180,sequential_top_B_in_strength,126,330330,258362113.0,258362113.0,801096930.0,3973.0,432280780.0,368816150.0,368820123.0,27850,1,258362113,258362113,aim3_resilience_sequential_display_v2.csv,c187c0857fbb8a084f8c7e383b4afa8c4151caf7e2f4a454593cfabeb24f6563
targeted_structural_stress_test,180,sequential_top_B_in_strength,127,420460,259772518.0,259772518.0,801096930.0,3973.0,430870375.0,370226555.0,370230528.0,27850,1,259772518,259772518,aim3_resilience_sequential_display_v2.csv,c187c0857fbb8a084f8c7e383b4afa8c4151caf7e2f4a454593cfabeb24f6563
targeted_structural_stress_test,180,sequential_top_B_in_strength,128,421660,268520571.0,268520571.0,801096930.0,3973.0,422122322.0,378974608.0,378978581.0,27850,1,268520571,268520571,aim3_resilience_sequential_display_v2.csv,c187c0857fbb8a084f8c7e383b4afa8c4151caf7e2f4a454593cfabeb24f6563
targeted_structural_stress_test,180,sequential_top_B_in_strength,129,350280,269246192.0,269246192.0,801096930.0,3973.0,421396701.0,379700229.0,379704202.0,27850,1,269246192,269246192,aim3_resilience_sequential_display_v2.csv,c187c0857fbb8a084f8c7e383b4afa8c4151caf7e2f4a454593cfabeb24f6563
targeted_structural_stress_test,180,sequential_top_B_in_strength,130,354260,269567512.0,269567512.0,801096930.0,3973.0,421075381.0,380021549.0,380025522.0,27850,1,269567512,269567512,aim3_resilience_sequential_display_v2.csv,c187c0857fbb8a084f8c7e383b4afa8c4151caf7e2f4a454593cfabeb24f6563
targeted_structural_stress_test,180,sequential_top_B_in_strength,131,510840,270453678.0,270453678.0,801096930.0,3973.0,420189215.0,380907715.0,380911688.0,27850,1,270453678,270453678,aim3_resilience_sequential_display_v2.csv,c187c0857fbb8a084f8c7e383b4afa8c4151caf7e2f4a454593cfabeb24f6563
targeted_structural_stress_test,180,sequential_top_B_in_strength,132,210530,272672079.0,272672079.0,801096930.0,3973.0,417970814.0,383126116.0,383130089.0,27850,1,272672079,272672079,aim3_resilience_sequential_display_v2.csv,c187c0857fbb8a084f8c7e383b4afa8c4151caf7e2f4a454593cfabeb24f6563
targeted_structural_stress_test,180,sequential_top_B_in_strength,133,350320,273096459.0,273096459.0,801096930.0,3973.0,417546434.0,383550496.0,383554469.0,27850,1,273096459,273096459,aim3_resilience_sequential_display_v2.csv,c187c0857fbb8a084f8c7e383b4afa8c4151caf7e2f4a454593cfabeb24f6563
targeted_structural_stress_test,180,sequential_top_B_in_strength,134,351060,273425303.0,273425303.0,801096930.0,3973.0,417217590.0,383879340.0,383883313.0,27850,1,273425303,273425303,aim3_resilience_sequential_display_v2.csv,c187c0857fbb8a084f8c7e383b4afa8c4151caf7e2f4a454593cfabeb24f6563
targeted_structural_stress_test,180,sequential_top_B_in_strength,135,430700,273705433.0,273705433.0,801096930.0,3973.0,416937460.0,384159470.0,384163443.0,27850,1,273705433,273705433,aim3_resilience_sequential_display_v2.csv,c187c0857fbb8a084f8c7e383b4afa8c4151caf7e2f4a454593cfabeb24f6563
targeted_structural_stress_test,180,sequential_top_B_in_strength,136,110030,273981680.0,273981680.0,801096930.0,3973.0,416661213.0,384435717.0,384439690.0,27850,1,273981680,273981680,aim3_resilience_sequential_display_v2.csv,c187c0857fbb8a084f8c7e383b4afa8c4151caf7e2f4a454593cfabeb24f6563
targeted_structural_stress_test,180,sequential_top_B_in_strength,137,354880,273981680.0,273981680.0,801096930.0,3973.0,416661213.0,384435717.0,384439690.0,27850,1,273981680,273981680,aim3_resilience_sequential_display_v2.csv,c187c0857fbb8a084f8c7e383b4afa8c4151caf7e2f4a454593cfabeb24f6563
targeted_structural_stress_test,180,sequential_top_B_in_strength,138,421770,277146377.0,277146377.0,801096930.0,3973.0,413496516.0,387600414.0,387604387.0,27850,1,277146377,277146377,aim3_resilience_sequential_display_v2.csv,c187c0857fbb8a084f8c7e383b4afa8c4151caf7e2f4a454593cfabeb24f6563
targeted_structural_stress_test,180,sequential_top_B_in_strength,139,351050,277326098.0,277326098.0,801096930.0,3973.0,413316795.0,387780135.0,387784108.0,27850,1,277326098,277326098,aim3_resilience_sequential_display_v2.csv,c187c0857fbb8a084f8c7e383b4afa8c4151caf7e2f4a454593cfabeb24f6563
targeted_structural_stress_test,180,sequential_top_B_in_strength,140,510525,278233881.0,278233881.0,801096930.0,3973.0,412409012.0,388687918.0,388691891.0,27850,1,278233881,278233881,aim3_resilience_sequential_display_v2.csv,c187c0857fbb8a084f8c7e383b4afa8c4151caf7e2f4a454593cfabeb24f6563
targeted_structural_stress_test,180,sequential_top_B_in_strength,141,260120,279409910.0,279409910.0,801096930.0,3973.0,411232983.0,389863947.0,389867920.0,27850,1,279409910,279409910,aim3_resilience_sequential_display_v2.csv,c187c0857fbb8a084f8c7e383b4afa8c4151caf7e2f4a454593cfabeb24f6563
targeted_structural_stress_test,180,sequential_top_B_in_strength,142,412550,283845622.0,283845622.0,801096930.0,3973.0,406797271.0,394299659.0,394303632.0,27850,1,283845622,283845622,aim3_resilience_sequential_display_v2.csv,c187c0857fbb8a084f8c7e383b4afa8c4151caf7e2f4a454593cfabeb24f6563
targeted_structural_stress_test,180,sequential_top_B_in_strength,143,251620,285482787.0,285482787.0,801096930.0,3973.0,405160106.0,395936824.0,395940797.0,27850,1,285482787,285482787,aim3_resilience_sequential_display_v2.csv,c187c0857fbb8a084f8c7e383b4afa8c4151caf7e2f4a454593cfabeb24f6563
targeted_structural_stress_test,180,sequential_top_B_in_strength,144,353440,285824013.0,285824013.0,801096930.0,3973.0,404818880.0,396278050.0,396282023.0,27850,1,285824013,285824013,aim3_resilience_sequential_display_v2.csv,c187c0857fbb8a084f8c7e383b4afa8c4151caf7e2f4a454593cfabeb24f6563
targeted_structural_stress_test,180,sequential_top_B_in_strength,145,231340,290317392.0,290317392.0,801096930.0,3973.0,400325501.0,400771429.0,400775402.0,27850,1,290317392,290317392,aim3_resilience_sequential_display_v2.csv,c187c0857fbb8a084f8c7e383b4afa8c4151caf7e2f4a454593cfabeb24f6563
targeted_structural_stress_test,180,sequential_top_B_in_strength,146,410140,291688246.0,291688246.0,801096930.0,3973.0,398954647.0,402142283.0,402146256.0,27850,1,291688246,291688246,aim3_resilience_sequential_display_v2.csv,c187c0857fbb8a084f8c7e383b4afa8c4151caf7e2f4a454593cfabeb24f6563
targeted_structural_stress_test,180,sequential_top_B_in_strength,147,150240,294608681.0,294608681.0,801096930.0,3973.0,396034212.0,405062718.0,405066691.0,27850,1,294608681,294608681,aim3_resilience_sequential_display_v2.csv,c187c0857fbb8a084f8c7e383b4afa8c4151caf7e2f4a454593cfabeb24f6563
targeted_structural_stress_test,180,sequential_top_B_in_strength,148,330170,306227227.0,306227227.0,801096930.0,3973.0,384415666.0,416681264.0,416685237.0,27850,1,306227227,306227227,aim3_resilience_sequential_display_v2.csv,c187c0857fbb8a084f8c7e383b4afa8c4151caf7e2f4a454593cfabeb24f6563
targeted_structural_stress_test,180,sequential_top_B_in_strength,149,352390,306466400.0,306466400.0,801096930.0,3973.0,384176493.0,416920437.0,416924410.0,27850,1,306466400,306466400,aim3_resilience_sequential_display_v2.csv,c187c0857fbb8a084f8c7e383b4afa8c4151caf7e2f4a454593cfabeb24f6563
targeted_structural_stress_test,180,sequential_top_B_in_strength,150,150360,306740377.0,306740377.0,801096930.0,3973.0,383902516.0,417194414.0,417198387.0,27850,1,306740377,306740377,aim3_resilience_sequential_display_v2.csv,c187c0857fbb8a084f8c7e383b4afa8c4151caf7e2f4a454593cfabeb24f6563
targeted_structural_stress_test,180,sequential_top_B_in_strength,151,314790,307494171.0,307494171.0,801096930.0,3973.0,383148722.0,417948208.0,417952181.0,27850,1,307494171,307494171,aim3_resilience_sequential_display_v2.csv,c187c0857fbb8a084f8c7e383b4afa8c4151caf7e2f4a454593cfabeb24f6563
targeted_structural_stress_test,180,sequential_top_B_in_strength,152,350330,311425030.0,311425030.0,801096930.0,3973.0,379217863.0,421879067.0,421883040.0,27850,1,311425030,311425030,aim3_resilience_sequential_display_v2.csv,c187c0857fbb8a084f8c7e383b4afa8c4151caf7e2f4a454593cfabeb24f6563
targeted_structural_stress_test,180,sequential_top_B_in_strength,153,351840,311498825.0,311498825.0,801096930.0,3973.0,379144068.0,421952862.0,421956835.0,27850,1,311498825,311498825,aim3_resilience_sequential_display_v2.csv,c187c0857fbb8a084f8c7e383b4afa8c4151caf7e2f4a454593cfabeb24f6563
targeted_structural_stress_test,180,sequential_top_B_in_strength,154,353060,311565485.0,311565485.0,801096930.0,3973.0,379077408.0,422019522.0,422023495.0,27850,1,311565485,311565485,aim3_resilience_sequential_display_v2.csv,c187c0857fbb8a084f8c7e383b4afa8c4151caf7e2f4a454593cfabeb24f6563
targeted_structural_stress_test,180,sequential_top_B_in_strength,155,410420,312493444.0,312493444.0,801096930.0,3973.0,378149449.0,422947481.0,422951454.0,27850,1,312493444,312493444,aim3_resilience_sequential_display_v2.csv,c187c0857fbb8a084f8c7e383b4afa8c4151caf7e2f4a454593cfabeb24f6563
targeted_structural_stress_test,180,sequential_top_B_in_strength,156,310900,312880611.0,312880611.0,801096930.0,3973.0,377762282.0,423334648.0,423338621.0,27850,1,312880611,312880611,aim3_resilience_sequential_display_v2.csv,c187c0857fbb8a084f8c7e383b4afa8c4151caf7e2f4a454593cfabeb24f6563
targeted_structural_stress_test,180,sequential_top_B_in_strength,157,315180,313598984.0,313598984.0,801096930.0,3973.0,377043909.0,424053021.0,424056994.0,27850,1,313598984,313598984,aim3_resilience_sequential_display_v2.csv,c187c0857fbb8a084f8c7e383b4afa8c4151caf7e2f4a454593cfabeb24f6563
targeted_structural_stress_test,180,sequential_top_B_in_strength,158,355710,314906284.0,314906284.0,801096930.0,3973.0,375736609.0,425360321.0,425364294.0,27850,1,314906284,314906284,aim3_resilience_sequential_display_v2.csv,c187c0857fbb8a084f8c7e383b4afa8c4151caf7e2f4a454593cfabeb24f6563
targeted_structural_stress_test,180,sequential_top_B_in_strength,159,500660,315056519.0,315056519.0,801096930.0,3973.0,375586374.0,425510556.0,425514529.0,27850,1,315056519,315056519,aim3_resilience_sequential_display_v2.csv,c187c0857fbb8a084f8c7e383b4afa8c4151caf7e2f4a454593cfabeb24f6563
targeted_structural_stress_test,180,sequential_top_B_in_strength,160,317010,322136795.0,322136795.0,801096930.0,3973.0,368506098.0,432590832.0,432594805.0,27850,1,322136795,322136795,aim3_resilience_sequential_display_v2.csv,c187c0857fbb8a084f8c7e383b4afa8c4151caf7e2f4a454593cfabeb24f6563
targeted_structural_stress_test,180,sequential_top_B_in_strength,161,330070,323072491.0,323072491.0,801096930.0,3973.0,367570402.0,433526528.0,433530501.0,27850,1,323072491,323072491,aim3_resilience_sequential_display_v2.csv,c187c0857fbb8a084f8c7e383b4afa8c4151caf7e2f4a454593cfabeb24f6563
targeted_structural_stress_test,180,sequential_top_B_in_strength,162,410590,327455155.0,327455155.0,801096930.0,3973.0,363187738.0,437909192.0,437913165.0,27850,1,327455155,327455155,aim3_resilience_sequential_display_v2.csv,c187c0857fbb8a084f8c7e383b4afa8c4151caf7e2f4a454593cfabeb24f6563
targeted_structural_stress_test,180,sequential_top_B_in_strength,163,314700,328512020.0,328512020.0,801096930.0,3973.0,362130873.0,438966057.0,438970030.0,27850,1,328512020,328512020,aim3_resilience_sequential_display_v2.csv,c187c0857fbb8a084f8c7e383b4afa8c4151caf7e2f4a454593cfabeb24f6563
targeted_structural_stress_test,180,sequential_top_B_in_strength,164,330220,329463065.0,329463065.0,801096930.0,3973.0,361179828.0,439917102.0,439921075.0,27850,1,329463065,329463065,aim3_resilience_sequential_display_v2.csv,c187c0857fbb8a084f8c7e383b4afa8c4151caf7e2f4a454593cfabeb24f6563
targeted_structural_stress_test,180,sequential_top_B_in_strength,165,352720,329479590.0,329479590.0,801096930.0,3973.0,361163303.0,439933627.0,439937600.0,27850,1,329479590,329479590,aim3_resilience_sequential_display_v2.csv,c187c0857fbb8a084f8c7e383b4afa8c4151caf7e2f4a454593cfabeb24f6563
targeted_structural_stress_test,180,sequential_top_B_in_strength,166,420890,334100022.0,334100022.0,801096930.0,3973.0,356542871.0,444554059.0,444558032.0,27850,1,334100022,334100022,aim3_resilience_sequential_display_v2.csv,c187c0857fbb8a084f8c7e383b4afa8c4151caf7e2f4a454593cfabeb24f6563
targeted_structural_stress_test,180,sequential_top_B_in_strength,167,291920,338814894.0,338814894.0,801096930.0,3973.0,351827999.0,449268931.0,449272904.0,27850,1,338814894,338814894,aim3_resilience_sequential_display_v2.csv,c187c0857fbb8a084f8c7e383b4afa8c4151caf7e2f4a454593cfabeb24f6563
targeted_structural_stress_test,180,sequential_top_B_in_strength,168,313240,340410749.0,340410749.0,801096930.0,3973.0,350232144.0,450864786.0,450868759.0,27850,1,340410749,340410749,aim3_resilience_sequential_display_v2.csv,c187c0857fbb8a084f8c7e383b4afa8c4151caf7e2f4a454593cfabeb24f6563
targeted_structural_stress_test,180,sequential_top_B_in_strength,169,330630,342273529.0,342273529.0,801096930.0,3973.0,348369364.0,452727566.0,452731539.0,27850,1,342273529,342273529,aim3_resilience_sequential_display_v2.csv,c187c0857fbb8a084f8c7e383b4afa8c4151caf7e2f4a454593cfabeb24f6563
targeted_structural_stress_test,180,sequential_top_B_in_strength,170,421870,348892063.0,348892063.0,801096930.0,3973.0,341750830.0,459346100.0,459350073.0,27850,1,348892063,348892063,aim3_resilience_sequential_display_v2.csv,c187c0857fbb8a084f8c7e383b4afa8c4151caf7e2f4a454593cfabeb24f6563
targeted_structural_stress_test,180,sequential_top_B_in_strength,171,521310,349372805.0,349372805.0,801096930.0,3973.0,341270088.0,459826842.0,459830815.0,27850,1,349372805,349372805,aim3_resilience_sequential_display_v2.csv,c187c0857fbb8a084f8c7e383b4afa8c4151caf7e2f4a454593cfabeb24f6563
targeted_structural_stress_test,180,sequential_top_B_in_strength,172,316990,351204027.0,351204027.0,801096930.0,3973.0,339438866.0,461658064.0,461662037.0,27850,1,351204027,351204027,aim3_resilience_sequential_display_v2.csv,c187c0857fbb8a084f8c7e383b4afa8c4151caf7e2f4a454593cfabeb24f6563
targeted_structural_stress_test,180,sequential_top_B_in_strength,173,317070,353724987.0,353724987.0,801096930.0,3973.0,336917906.0,464179024.0,464182997.0,27850,1,353724987,353724987,aim3_resilience_sequential_display_v2.csv,c187c0857fbb8a084f8c7e383b4afa8c4151caf7e2f4a454593cfabeb24f6563
targeted_structural_stress_test,180,sequential_top_B_in_strength,174,431350,354329935.0,354329935.0,801096930.0,3973.0,336312958.0,464783972.0,464787945.0,27850,1,354329935,354329935,aim3_resilience_sequential_display_v2.csv,c187c0857fbb8a084f8c7e383b4afa8c4151caf7e2f4a454593cfabeb24f6563
targeted_structural_stress_test,180,sequential_top_B_in_strength,175,313380,370486569.0,370486569.0,801096930.0,3973.0,320156324.0,480940606.0,480944579.0,27850,1,370486569,370486569,aim3_resilience_sequential_display_v2.csv,c187c0857fbb8a084f8c7e383b4afa8c4151caf7e2f4a454593cfabeb24f6563
targeted_structural_stress_test,180,sequential_top_B_in_strength,176,320480,370500508.0,370500508.0,801096930.0,3973.0,320142385.0,480954545.0,480958518.0,27850,1,370500508,370500508,aim3_resilience_sequential_display_v2.csv,c187c0857fbb8a084f8c7e383b4afa8c4151caf7e2f4a454593cfabeb24f6563
targeted_structural_stress_test,180,sequential_top_B_in_strength,177,330010,381953231.0,381953231.0,801096930.0,3973.0,308689662.0,492407268.0,492411241.0,27850,1,381953231,381953231,aim3_resilience_sequential_display_v2.csv,c187c0857fbb8a084f8c7e383b4afa8c4151caf7e2f4a454593cfabeb24f6563
targeted_structural_stress_test,180,sequential_top_B_in_strength,178,330060,383325110.0,383325110.0,801096930.0,3973.0,307317783.0,493779147.0,493783120.0,27850,1,383325110,383325110,aim3_resilience_sequential_display_v2.csv,c187c0857fbb8a084f8c7e383b4afa8c4151caf7e2f4a454593cfabeb24f6563
targeted_structural_stress_test,180,sequential_top_B_in_strength,179,421480,387432091.0,387432091.0,801096930.0,3973.0,303210802.0,497886128.0,497890101.0,27850,1,387432091,387432091,aim3_resilience_sequential_display_v2.csv,c187c0857fbb8a084f8c7e383b4afa8c4151caf7e2f4a454593cfabeb24f6563
targeted_structural_stress_test,180,sequential_top_B_in_strength,180,500370,393420974.0,393420974.0,801096930.0,3973.0,297221919.0,503875011.0,503878984.0,27850,1,393420974,393420974,aim3_resilience_sequential_display_v2.csv,c187c0857fbb8a084f8c7e383b4afa8c4151caf7e2f4a454593cfabeb24f6563
targeted_structural_stress_test,180,sequential_top_B_in_strength,181,240800,395529974.0,395529974.0,801096930.0,3973.0,295112919.0,505984011.0,505987984.0,27850,1,395529974,395529974,aim3_resilience_sequential_display_v2.csv,c187c0857fbb8a084f8c7e383b4afa8c4151caf7e2f4a454593cfabeb24f6563
targeted_structural_stress_test,180,sequential_top_B_in_strength,182,290320,396109128.0,396109128.0,801096930.0,3973.0,294533765.0,506563165.0,506567138.0,27850,1,396109128,396109128,aim3_resilience_sequential_display_v2.csv,c187c0857fbb8a084f8c7e383b4afa8c4151caf7e2f4a454593cfabeb24f6563
targeted_structural_stress_test,180,sequential_top_B_in_strength,183,313510,396469313.0,396469313.0,801096930.0,3973.0,294173580.0,506923350.0,506927323.0,27850,1,396469313,396469313,aim3_resilience_sequential_display_v2.csv,c187c0857fbb8a084f8c7e383b4afa8c4151caf7e2f4a454593cfabeb24f6563
targeted_structural_stress_test,180,sequential_top_B_in_strength,184,315120,397649665.0,397649665.0,801096930.0,3973.0,292993228.0,508103702.0,508107675.0,27850,1,397649665,397649665,aim3_resilience_sequential_display_v2.csv,c187c0857fbb8a084f8c7e383b4afa8c4151caf7e2f4a454593cfabeb24f6563
targeted_structural_stress_test,180,sequential_top_B_in_strength,185,352730,485378178.0,485378178.0,801096930.0,3973.0,205264715.0,595832215.0,595836188.0,27850,1,485378178,485378178,aim3_resilience_sequential_display_v2.csv,c187c0857fbb8a084f8c7e383b4afa8c4151caf7e2f4a454593cfabeb24f6563
targeted_structural_stress_test,180,sequential_top_B_in_strength,186,412770,489016403.0,489016403.0,801096930.0,3973.0,201626490.0,599470440.0,599474413.0,27850,1,489016403,489016403,aim3_resilience_sequential_display_v2.csv,c187c0857fbb8a084f8c7e383b4afa8c4151caf7e2f4a454593cfabeb24f6563
targeted_structural_stress_test,180,sequential_top_B_in_strength,187,431405,489036189.0,489036189.0,801096930.0,3973.0,201606704.0,599490226.0,599494199.0,27850,1,489036189,489036189,aim3_resilience_sequential_display_v2.csv,c187c0857fbb8a084f8c7e383b4afa8c4151caf7e2f4a454593cfabeb24f6563
targeted_structural_stress_test,180,sequential_top_B_in_strength,188,521250,493952784.0,493952784.0,801096930.0,3973.0,196690109.0,604406821.0,604410794.0,27850,1,493952784,493952784,aim3_resilience_sequential_display_v2.csv,c187c0857fbb8a084f8c7e383b4afa8c4151caf7e2f4a454593cfabeb24f6563
targeted_structural_stress_test,180,sequential_top_B_in_strength,189,150080,499393331.0,499393331.0,801096930.0,3973.0,191249562.0,609847368.0,609851341.0,27850,1,499393331,499393331,aim3_resilience_sequential_display_v2.csv,c187c0857fbb8a084f8c7e383b4afa8c4151caf7e2f4a454593cfabeb24f6563
targeted_structural_stress_test,180,sequential_top_B_in_strength,190,150120,499566816.0,499566816.0,801096930.0,3973.0,191076077.0,610020853.0,610024826.0,27850,1,499566816,499566816,aim3_resilience_sequential_display_v2.csv,c187c0857fbb8a084f8c7e383b4afa8c4151caf7e2f4a454593cfabeb24f6563
targeted_structural_stress_test,180,sequential_top_B_in_strength,191,150810,499668578.0,499668578.0,801096930.0,3973.0,190974315.0,610122615.0,610126588.0,27850,1,499668578,499668578,aim3_resilience_sequential_display_v2.csv,c187c0857fbb8a084f8c7e383b4afa8c4151caf7e2f4a454593cfabeb24f6563
targeted_structural_stress_test,180,sequential_top_B_in_strength,192,261070,507134054.0,507134054.0,801096930.0,3973.0,183508839.0,617588091.0,617592064.0,27850,1,507134054,507134054,aim3_resilience_sequential_display_v2.csv,c187c0857fbb8a084f8c7e383b4afa8c4151caf7e2f4a454593cfabeb24f6563
targeted_structural_stress_test,180,sequential_top_B_in_strength,193,313130,508464837.0,508464837.0,801096930.0,3973.0,182178056.0,618918874.0,618922847.0,27850,1,508464837,508464837,aim3_resilience_sequential_display_v2.csv,c187c0857fbb8a084f8c7e383b4afa8c4151caf7e2f4a454593cfabeb24f6563
targeted_structural_stress_test,180,sequential_top_B_in_strength,194,314390,516038265.0,516038265.0,801096930.0,3973.0,174604628.0,626492302.0,626496275.0,27850,1,516038265,516038265,aim3_resilience_sequential_display_v2.csv,c187c0857fbb8a084f8c7e383b4afa8c4151caf7e2f4a454593cfabeb24f6563
targeted_structural_stress_test,180,sequential_top_B_in_strength,195,316860,516642411.0,516642411.0,801096930.0,3973.0,174000482.0,627096448.0,627100421.0,27850,1,516642411,516642411,aim3_resilience_sequential_display_v2.csv,c187c0857fbb8a084f8c7e383b4afa8c4151caf7e2f4a454593cfabeb24f6563
targeted_structural_stress_test,180,sequential_top_B_in_strength,196,330452,517705786.0,517705786.0,801096930.0,3973.0,172937107.0,628159823.0,628163796.0,27850,1,517705786,517705786,aim3_resilience_sequential_display_v2.csv,c187c0857fbb8a084f8c7e383b4afa8c4151caf7e2f4a454593cfabeb24f6563
targeted_structural_stress_test,180,sequential_top_B_in_strength,197,351380,517877547.0,517877547.0,801096930.0,3973.0,172765346.0,628331584.0,628335557.0,27850,1,517877547,517877547,aim3_resilience_sequential_display_v2.csv,c187c0857fbb8a084f8c7e383b4afa8c4151caf7e2f4a454593cfabeb24f6563
targeted_structural_stress_test,180,sequential_top_B_in_strength,198,352480,530888476.0,530888476.0,801096930.0,3973.0,159754417.0,641342513.0,641346486.0,27850,1,530888476,530888476,aim3_resilience_sequential_display_v2.csv,c187c0857fbb8a084f8c7e383b4afa8c4151caf7e2f4a454593cfabeb24f6563
targeted_structural_stress_test,180,sequential_top_B_in_strength,199,412810,535146618.0,535146618.0,801096930.0,3973.0,155496275.0,645600655.0,645604628.0,27850,1,535146618,535146618,aim3_resilience_sequential_display_v2.csv,c187c0857fbb8a084f8c7e383b4afa8c4151caf7e2f4a454593cfabeb24f6563
targeted_structural_stress_test,180,sequential_top_B_in_strength,200,430210,544943104.0,544943104.0,801096930.0,3973.0,145699789.0,655397141.0,655401114.0,27850,1,544943104,544943104,aim3_resilience_sequential_display_v2.csv,c187c0857fbb8a084f8c7e383b4afa8c4151caf7e2f4a454593cfabeb24f6563
targeted_structural_stress_test,180,sequential_top_B_in_strength,201,431530,545231505.0,545231505.0,801096930.0,3973.0,145411388.0,655685542.0,655689515.0,27850,1,545231505,545231505,aim3_resilience_sequential_display_v2.csv,c187c0857fbb8a084f8c7e383b4afa8c4151caf7e2f4a454593cfabeb24f6563
targeted_structural_stress_test,180,sequential_top_B_in_strength,202,431750,547989540.0,547989540.0,801096930.0,3973.0,142653353.0,658443577.0,658447550.0,27850,1,547989540,547989540,aim3_resilience_sequential_display_v2.csv,c187c0857fbb8a084f8c7e383b4afa8c4151caf7e2f4a454593cfabeb24f6563
targeted_structural_stress_test,180,sequential_top_B_in_strength,203,431870,553498133.0,553498133.0,801096930.0,3973.0,137144760.0,663952170.0,663956143.0,27850,1,553498133,553498133,aim3_resilience_sequential_display_v2.csv,c187c0857fbb8a084f8c7e383b4afa8c4151caf7e2f4a454593cfabeb24f6563
targeted_structural_stress_test,180,sequential_top_B_in_strength,204,510704,553638428.0,553638428.0,801096930.0,3973.0,137004465.0,664092465.0,664096438.0,27850,1,553638428,553638428,aim3_resilience_sequential_display_v2.csv,c187c0857fbb8a084f8c7e383b4afa8c4151caf7e2f4a454593cfabeb24f6563
