source_dataset,node,weighted_betweenness_inverse_flow_cost,layer,cohort,year,source_artifact,source_sha256,in_strength_display
target_centrality,T:0000396,0.0,cnes,A,2021,aim3_target_metrics_v2.parquet,374e15163c404aa19bf8453d170490862689d4b0db1c5d34b0e6dea8f075e1b8,<5
target_centrality,T:0000434,2070.0,cnes,A,2021,aim3_target_metrics_v2.parquet,374e15163c404aa19bf8453d170490862689d4b0db1c5d34b0e6dea8f075e1b8,52
target_centrality,T:0000477,95.0,cnes,A,2021,aim3_target_metrics_v2.parquet,374e15163c404aa19bf8453d170490862689d4b0db1c5d34b0e6dea8f075e1b8,<5
target_centrality,T:0002283,80.5,cnes,A,2021,aim3_target_metrics_v2.parquet,374e15163c404aa19bf8453d170490862689d4b0db1c5d34b0e6dea8f075e1b8,18
target_centrality,T:0002534,14.5,cnes,A,2021,aim3_target_metrics_v2.parquet,374e15163c404aa19bf8453d170490862689d4b0db1c5d34b0e6dea8f075e1b8,5
target_centrality,T:0003816,2825.0,cnes,A,2021,aim3_target_metrics_v2.parquet,374e15163c404aa19bf8453d170490862689d4b0db1c5d34b0e6dea8f075e1b8,7
target_centrality,T:0003859,204428.0,cnes,A,2021,aim3_target_metrics_v2.parquet,374e15163c404aa19bf8453d170490862689d4b0db1c5d34b0e6dea8f075e1b8,247
target_centrality,T:0008923,0.0,cnes,A,2021,aim3_target_metrics_v2.parquet,374e15163c404aa19bf8453d170490862689d4b0db1c5d34b0e6dea8f075e1b8,<5
target_centrality,T:0009628,3.0,cnes,A,2021,aim3_target_metrics_v2.parquet,374e15163c404aa19bf8453d170490862689d4b0db1c5d34b0e6dea8f075e1b8,18
target_centrality,T:0009709,2871.0,cnes,A,2021,aim3_target_metrics_v2.parquet,374e15163c404aa19bf8453d170490862689d4b0db1c5d34b0e6dea8f075e1b8,22
target_centrality,T:0009725,0.0,cnes,A,2021,aim3_target_metrics_v2.parquet,374e15163c404aa19bf8453d170490862689d4b0db1c5d34b0e6dea8f075e1b8,<5
target_centrality,T:0010456,7.0,cnes,A,2021,aim3_target_metrics_v2.parquet,374e15163c404aa19bf8453d170490862689d4b0db1c5d34b0e6dea8f075e1b8,6
target_centrality,T:0010464,0.0,cnes,A,2021,aim3_target_metrics_v2.parquet,374e15163c404aa19bf8453d170490862689d4b0db1c5d34b0e6dea8f075e1b8,<5
target_centrality,T:0010499,0.0,cnes,A,2021,aim3_target_metrics_v2.parquet,374e15163c404aa19bf8453d170490862689d4b0db1c5d34b0e6dea8f075e1b8,21
target_centrality,T:0010510,7.0,cnes,A,2021,aim3_target_metrics_v2.parquet,374e15163c404aa19bf8453d170490862689d4b0db1c5d34b0e6dea8f075e1b8,<5
target_centrality,T:0011800,0.0,cnes,A,2021,aim3_target_metrics_v2.parquet,374e15163c404aa19bf8453d170490862689d4b0db1c5d34b0e6dea8f075e1b8,<5
target_centrality,T:0012505,5645.0,cnes,A,2021,aim3_target_metrics_v2.parquet,374e15163c404aa19bf8453d170490862689d4b0db1c5d34b0e6dea8f075e1b8,28
target_centrality,T:0012556,0.0,cnes,A,2021,aim3_target_metrics_v2.parquet,374e15163c404aa19bf8453d170490862689d4b0db1c5d34b0e6dea8f075e1b8,<5
target_centrality,T:0013633,124494.5,cnes,A,2021,aim3_target_metrics_v2.parquet,374e15163c404aa19bf8453d170490862689d4b0db1c5d34b0e6dea8f075e1b8,47
target_centrality,T:0014109,0.0,cnes,A,2021,aim3_target_metrics_v2.parquet,374e15163c404aa19bf8453d170490862689d4b0db1c5d34b0e6dea8f075e1b8,<5
target_centrality,T:0015318,0.0,cnes,A,2021,aim3_target_metrics_v2.parquet,374e15163c404aa19bf8453d170490862689d4b0db1c5d34b0e6dea8f075e1b8,<5
target_centrality,T:0015369,1413.0,cnes,A,2021,aim3_target_metrics_v2.parquet,374e15163c404aa19bf8453d170490862689d4b0db1c5d34b0e6dea8f075e1b8,8
target_centrality,T:0015407,2827.5,cnes,A,2021,aim3_target_metrics_v2.parquet,374e15163c404aa19bf8453d170490862689d4b0db1c5d34b0e6dea8f075e1b8,24
target_centrality,T:0015423,0.0,cnes,A,2021,aim3_target_metrics_v2.parquet,374e15163c404aa19bf8453d170490862689d4b0db1c5d34b0e6dea8f075e1b8,5
target_centrality,T:0015644,18041.5,cnes,A,2021,aim3_target_metrics_v2.parquet,374e15163c404aa19bf8453d170490862689d4b0db1c5d34b0e6dea8f075e1b8,45
target_centrality,T:0019402,0.0,cnes,A,2021,aim3_target_metrics_v2.parquet,374e15163c404aa19bf8453d170490862689d4b0db1c5d34b0e6dea8f075e1b8,<5
target_centrality,T:0026808,0.0,cnes,A,2021,aim3_target_metrics_v2.parquet,374e15163c404aa19bf8453d170490862689d4b0db1c5d34b0e6dea8f075e1b8,<5
target_centrality,T:0026859,1413.0,cnes,A,2021,aim3_target_metrics_v2.parquet,374e15163c404aa19bf8453d170490862689d4b0db1c5d34b0e6dea8f075e1b8,7
target_centrality,T:0027014,62940.0,cnes,A,2021,aim3_target_metrics_v2.parquet,374e15163c404aa19bf8453d170490862689d4b0db1c5d34b0e6dea8f075e1b8,146
target_centrality,T:0027049,55542.5,cnes,A,2021,aim3_target_metrics_v2.parquet,374e15163c404aa19bf8453d170490862689d4b0db1c5d34b0e6dea8f075e1b8,85
target_centrality,T:0027863,293990.0,cnes,A,2021,aim3_target_metrics_v2.parquet,374e15163c404aa19bf8453d170490862689d4b0db1c5d34b0e6dea8f075e1b8,75
target_centrality,T:2012685,0.0,cnes,A,2021,aim3_target_metrics_v2.parquet,374e15163c404aa19bf8453d170490862689d4b0db1c5d34b0e6dea8f075e1b8,<5
target_centrality,T:2017644,0.0,cnes,A,2021,aim3_target_metrics_v2.parquet,374e15163c404aa19bf8453d170490862689d4b0db1c5d34b0e6dea8f075e1b8,<5
target_centrality,T:2024691,4236.0,cnes,A,2021,aim3_target_metrics_v2.parquet,374e15163c404aa19bf8453d170490862689d4b0db1c5d34b0e6dea8f075e1b8,10
target_centrality,T:2025361,6.0,cnes,A,2021,aim3_target_metrics_v2.parquet,374e15163c404aa19bf8453d170490862689d4b0db1c5d34b0e6dea8f075e1b8,46
target_centrality,T:2025752,1413.0,cnes,A,2021,aim3_target_metrics_v2.parquet,374e15163c404aa19bf8453d170490862689d4b0db1c5d34b0e6dea8f075e1b8,69
target_centrality,T:2077396,277279.5,cnes,A,2021,aim3_target_metrics_v2.parquet,374e15163c404aa19bf8453d170490862689d4b0db1c5d34b0e6dea8f075e1b8,349
target_centrality,T:2077531,0.0,cnes,A,2021,aim3_target_metrics_v2.parquet,374e15163c404aa19bf8453d170490862689d4b0db1c5d34b0e6dea8f075e1b8,9
target_centrality,T:2078015,205618.0,cnes,A,2021,aim3_target_metrics_v2.parquet,374e15163c404aa19bf8453d170490862689d4b0db1c5d34b0e6dea8f075e1b8,311
target_centrality,T:2079321,0.0,cnes,A,2021,aim3_target_metrics_v2.parquet,374e15163c404aa19bf8453d170490862689d4b0db1c5d34b0e6dea8f075e1b8,<5
target_centrality,T:2079798,50742.5,cnes,A,2021,aim3_target_metrics_v2.parquet,374e15163c404aa19bf8453d170490862689d4b0db1c5d34b0e6dea8f075e1b8,171
target_centrality,T:2080338,4.5,cnes,A,2021,aim3_target_metrics_v2.parquet,374e15163c404aa19bf8453d170490862689d4b0db1c5d34b0e6dea8f075e1b8,20
target_centrality,T:2080346,0.0,cnes,A,2021,aim3_target_metrics_v2.parquet,374e15163c404aa19bf8453d170490862689d4b0db1c5d34b0e6dea8f075e1b8,37
target_centrality,T:2081253,0.0,cnes,A,2021,aim3_target_metrics_v2.parquet,374e15163c404aa19bf8453d170490862689d4b0db1c5d34b0e6dea8f075e1b8,6
target_centrality,T:2081377,1413.0,cnes,A,2021,aim3_target_metrics_v2.parquet,374e15163c404aa19bf8453d170490862689d4b0db1c5d34b0e6dea8f075e1b8,<5
target_centrality,T:2081458,0.0,cnes,A,2021,aim3_target_metrics_v2.parquet,374e15163c404aa19bf8453d170490862689d4b0db1c5d34b0e6dea8f075e1b8,9
target_centrality,T:2081695,9204.5,cnes,A,2021,aim3_target_metrics_v2.parquet,374e15163c404aa19bf8453d170490862689d4b0db1c5d34b0e6dea8f075e1b8,34
target_centrality,T:2082187,56563.5,cnes,A,2021,aim3_target_metrics_v2.parquet,374e15163c404aa19bf8453d170490862689d4b0db1c5d34b0e6dea8f075e1b8,112
target_centrality,T:2082861,0.0,cnes,A,2021,aim3_target_metrics_v2.parquet,374e15163c404aa19bf8453d170490862689d4b0db1c5d34b0e6dea8f075e1b8,20
target_centrality,T:2083086,49492.0,cnes,A,2021,aim3_target_metrics_v2.parquet,374e15163c404aa19bf8453d170490862689d4b0db1c5d34b0e6dea8f075e1b8,10
target_centrality,T:2083094,16891.0,cnes,A,2021,aim3_target_metrics_v2.parquet,374e15163c404aa19bf8453d170490862689d4b0db1c5d34b0e6dea8f075e1b8,31
target_centrality,T:2084414,0.0,cnes,A,2021,aim3_target_metrics_v2.parquet,374e15163c404aa19bf8453d170490862689d4b0db1c5d34b0e6dea8f075e1b8,<5
target_centrality,T:2087057,9868.0,cnes,A,2021,aim3_target_metrics_v2.parquet,374e15163c404aa19bf8453d170490862689d4b0db1c5d34b0e6dea8f075e1b8,38
target_centrality,T:2088576,16065.0,cnes,A,2021,aim3_target_metrics_v2.parquet,374e15163c404aa19bf8453d170490862689d4b0db1c5d34b0e6dea8f075e1b8,21
target_centrality,T:2089327,8463.0,cnes,A,2021,aim3_target_metrics_v2.parquet,374e15163c404aa19bf8453d170490862689d4b0db1c5d34b0e6dea8f075e1b8,19
target_centrality,T:2090236,194770.0,cnes,A,2021,aim3_target_metrics_v2.parquet,374e15163c404aa19bf8453d170490862689d4b0db1c5d34b0e6dea8f075e1b8,52
target_centrality,T:2096412,1413.0,cnes,A,2021,aim3_target_metrics_v2.parquet,374e15163c404aa19bf8453d170490862689d4b0db1c5d34b0e6dea8f075e1b8,33
target_centrality,T:2100754,0.0,cnes,A,2021,aim3_target_metrics_v2.parquet,374e15163c404aa19bf8453d170490862689d4b0db1c5d34b0e6dea8f075e1b8,<5
target_centrality,T:2111624,33405.0,cnes,A,2021,aim3_target_metrics_v2.parquet,374e15163c404aa19bf8453d170490862689d4b0db1c5d34b0e6dea8f075e1b8,13
target_centrality,T:2118661,10.0,cnes,A,2021,aim3_target_metrics_v2.parquet,374e15163c404aa19bf8453d170490862689d4b0db1c5d34b0e6dea8f075e1b8,23
target_centrality,T:2127989,12681.0,cnes,A,2021,aim3_target_metrics_v2.parquet,374e15163c404aa19bf8453d170490862689d4b0db1c5d34b0e6dea8f075e1b8,18
target_centrality,T:2146355,15466.0,cnes,A,2021,aim3_target_metrics_v2.parquet,374e15163c404aa19bf8453d170490862689d4b0db1c5d34b0e6dea8f075e1b8,48
target_centrality,T:2149990,9870.0,cnes,A,2021,aim3_target_metrics_v2.parquet,374e15163c404aa19bf8453d170490862689d4b0db1c5d34b0e6dea8f075e1b8,16
target_centrality,T:2163829,0.0,cnes,A,2021,aim3_target_metrics_v2.parquet,374e15163c404aa19bf8453d170490862689d4b0db1c5d34b0e6dea8f075e1b8,<5
target_centrality,T:2192128,0.0,cnes,A,2021,aim3_target_metrics_v2.parquet,374e15163c404aa19bf8453d170490862689d4b0db1c5d34b0e6dea8f075e1b8,<5
target_centrality,T:2195453,1413.0,cnes,A,2021,aim3_target_metrics_v2.parquet,374e15163c404aa19bf8453d170490862689d4b0db1c5d34b0e6dea8f075e1b8,<5
target_centrality,T:2206595,0.0,cnes,A,2021,aim3_target_metrics_v2.parquet,374e15163c404aa19bf8453d170490862689d4b0db1c5d34b0e6dea8f075e1b8,<5
target_centrality,T:2218798,26674.0,cnes,A,2021,aim3_target_metrics_v2.parquet,374e15163c404aa19bf8453d170490862689d4b0db1c5d34b0e6dea8f075e1b8,70
target_centrality,T:2219646,2825.0,cnes,A,2021,aim3_target_metrics_v2.parquet,374e15163c404aa19bf8453d170490862689d4b0db1c5d34b0e6dea8f075e1b8,6
target_centrality,T:2223538,9863.0,cnes,A,2021,aim3_target_metrics_v2.parquet,374e15163c404aa19bf8453d170490862689d4b0db1c5d34b0e6dea8f075e1b8,51
target_centrality,T:2223546,0.0,cnes,A,2021,aim3_target_metrics_v2.parquet,374e15163c404aa19bf8453d170490862689d4b0db1c5d34b0e6dea8f075e1b8,<5
target_centrality,T:2232995,0.0,cnes,A,2021,aim3_target_metrics_v2.parquet,374e15163c404aa19bf8453d170490862689d4b0db1c5d34b0e6dea8f075e1b8,<5
target_centrality,T:2237253,120811.5,cnes,A,2021,aim3_target_metrics_v2.parquet,374e15163c404aa19bf8453d170490862689d4b0db1c5d34b0e6dea8f075e1b8,92
target_centrality,T:2237571,0.0,cnes,A,2021,aim3_target_metrics_v2.parquet,374e15163c404aa19bf8453d170490862689d4b0db1c5d34b0e6dea8f075e1b8,8
target_centrality,T:2237601,36357.5,cnes,A,2021,aim3_target_metrics_v2.parquet,374e15163c404aa19bf8453d170490862689d4b0db1c5d34b0e6dea8f075e1b8,113
target_centrality,T:2241021,2825.0,cnes,A,2021,aim3_target_metrics_v2.parquet,374e15163c404aa19bf8453d170490862689d4b0db1c5d34b0e6dea8f075e1b8,7
target_centrality,T:2246929,9871.5,cnes,A,2021,aim3_target_metrics_v2.parquet,374e15163c404aa19bf8453d170490862689d4b0db1c5d34b0e6dea8f075e1b8,19
target_centrality,T:2246988,25274.5,cnes,A,2021,aim3_target_metrics_v2.parquet,374e15163c404aa19bf8453d170490862689d4b0db1c5d34b0e6dea8f075e1b8,37
target_centrality,T:2252694,0.0,cnes,A,2021,aim3_target_metrics_v2.parquet,374e15163c404aa19bf8453d170490862689d4b0db1c5d34b0e6dea8f075e1b8,<5
target_centrality,T:2262568,0.0,cnes,A,2021,aim3_target_metrics_v2.parquet,374e15163c404aa19bf8453d170490862689d4b0db1c5d34b0e6dea8f075e1b8,22
target_centrality,T:2269775,0.0,cnes,A,2021,aim3_target_metrics_v2.parquet,374e15163c404aa19bf8453d170490862689d4b0db1c5d34b0e6dea8f075e1b8,<5
target_centrality,T:2269783,18236.0,cnes,A,2021,aim3_target_metrics_v2.parquet,374e15163c404aa19bf8453d170490862689d4b0db1c5d34b0e6dea8f075e1b8,9
target_centrality,T:2269880,0.0,cnes,A,2021,aim3_target_metrics_v2.parquet,374e15163c404aa19bf8453d170490862689d4b0db1c5d34b0e6dea8f075e1b8,<5
target_centrality,T:2273659,0.0,cnes,A,2021,aim3_target_metrics_v2.parquet,374e15163c404aa19bf8453d170490862689d4b0db1c5d34b0e6dea8f075e1b8,<5
target_centrality,T:2275562,1.0,cnes,A,2021,aim3_target_metrics_v2.parquet,374e15163c404aa19bf8453d170490862689d4b0db1c5d34b0e6dea8f075e1b8,20
target_centrality,T:2278855,3.0,cnes,A,2021,aim3_target_metrics_v2.parquet,374e15163c404aa19bf8453d170490862689d4b0db1c5d34b0e6dea8f075e1b8,5
target_centrality,T:2280167,8448.0,cnes,A,2021,aim3_target_metrics_v2.parquet,374e15163c404aa19bf8453d170490862689d4b0db1c5d34b0e6dea8f075e1b8,<5
target_centrality,T:2295407,0.0,cnes,A,2021,aim3_target_metrics_v2.parquet,374e15163c404aa19bf8453d170490862689d4b0db1c5d34b0e6dea8f075e1b8,<5
target_centrality,T:2295415,8463.0,cnes,A,2021,aim3_target_metrics_v2.parquet,374e15163c404aa19bf8453d170490862689d4b0db1c5d34b0e6dea8f075e1b8,22
target_centrality,T:2301318,3.0,cnes,A,2021,aim3_target_metrics_v2.parquet,374e15163c404aa19bf8453d170490862689d4b0db1c5d34b0e6dea8f075e1b8,9
target_centrality,T:2332981,19685.0,cnes,A,2021,aim3_target_metrics_v2.parquet,374e15163c404aa19bf8453d170490862689d4b0db1c5d34b0e6dea8f075e1b8,59
target_centrality,T:2333031,0.0,cnes,A,2021,aim3_target_metrics_v2.parquet,374e15163c404aa19bf8453d170490862689d4b0db1c5d34b0e6dea8f075e1b8,<5
target_centrality,T:2338424,0.0,cnes,A,2021,aim3_target_metrics_v2.parquet,374e15163c404aa19bf8453d170490862689d4b0db1c5d34b0e6dea8f075e1b8,<5
target_centrality,T:2384299,278820.5,cnes,A,2021,aim3_target_metrics_v2.parquet,374e15163c404aa19bf8453d170490862689d4b0db1c5d34b0e6dea8f075e1b8,58
target_centrality,T:2396866,0.0,cnes,A,2021,aim3_target_metrics_v2.parquet,374e15163c404aa19bf8453d170490862689d4b0db1c5d34b0e6dea8f075e1b8,<5
target_centrality,T:2399318,0.0,cnes,A,2021,aim3_target_metrics_v2.parquet,374e15163c404aa19bf8453d170490862689d4b0db1c5d34b0e6dea8f075e1b8,<5
target_centrality,T:2399776,1.0,cnes,A,2021,aim3_target_metrics_v2.parquet,374e15163c404aa19bf8453d170490862689d4b0db1c5d34b0e6dea8f075e1b8,<5
target_centrality,T:2400243,5646.0,cnes,A,2021,aim3_target_metrics_v2.parquet,374e15163c404aa19bf8453d170490862689d4b0db1c5d34b0e6dea8f075e1b8,14
target_centrality,T:2400693,2825.0,cnes,A,2021,aim3_target_metrics_v2.parquet,374e15163c404aa19bf8453d170490862689d4b0db1c5d34b0e6dea8f075e1b8,16
target_centrality,T:2427419,428.5,cnes,A,2021,aim3_target_metrics_v2.parquet,374e15163c404aa19bf8453d170490862689d4b0db1c5d34b0e6dea8f075e1b8,17
target_centrality,T:2436450,5956.0,cnes,A,2021,aim3_target_metrics_v2.parquet,374e15163c404aa19bf8453d170490862689d4b0db1c5d34b0e6dea8f075e1b8,38
target_centrality,T:2436469,12063.0,cnes,A,2021,aim3_target_metrics_v2.parquet,374e15163c404aa19bf8453d170490862689d4b0db1c5d34b0e6dea8f075e1b8,82
target_centrality,T:2464594,54363.0,cnes,A,2021,aim3_target_metrics_v2.parquet,374e15163c404aa19bf8453d170490862689d4b0db1c5d34b0e6dea8f075e1b8,127
target_centrality,T:2486199,2825.0,cnes,A,2021,aim3_target_metrics_v2.parquet,374e15163c404aa19bf8453d170490862689d4b0db1c5d34b0e6dea8f075e1b8,<5
target_centrality,T:2497654,81501.33333333334,cnes,A,2021,aim3_target_metrics_v2.parquet,374e15163c404aa19bf8453d170490862689d4b0db1c5d34b0e6dea8f075e1b8,367
target_centrality,T:2499363,48932.333333333336,cnes,A,2021,aim3_target_metrics_v2.parquet,374e15163c404aa19bf8453d170490862689d4b0db1c5d34b0e6dea8f075e1b8,169
target_centrality,T:2537788,0.0,cnes,A,2021,aim3_target_metrics_v2.parquet,374e15163c404aa19bf8453d170490862689d4b0db1c5d34b0e6dea8f075e1b8,<5
target_centrality,T:2550792,39081.5,cnes,A,2021,aim3_target_metrics_v2.parquet,374e15163c404aa19bf8453d170490862689d4b0db1c5d34b0e6dea8f075e1b8,101
target_centrality,T:2555646,4236.0,cnes,A,2021,aim3_target_metrics_v2.parquet,374e15163c404aa19bf8453d170490862689d4b0db1c5d34b0e6dea8f075e1b8,9
target_centrality,T:2558246,37592.5,cnes,A,2021,aim3_target_metrics_v2.parquet,374e15163c404aa19bf8453d170490862689d4b0db1c5d34b0e6dea8f075e1b8,14
target_centrality,T:2560771,26676.0,cnes,A,2021,aim3_target_metrics_v2.parquet,374e15163c404aa19bf8453d170490862689d4b0db1c5d34b0e6dea8f075e1b8,55
target_centrality,T:2561492,321002.3333333334,cnes,A,2021,aim3_target_metrics_v2.parquet,374e15163c404aa19bf8453d170490862689d4b0db1c5d34b0e6dea8f075e1b8,89
target_centrality,T:2576341,8500.0,cnes,A,2021,aim3_target_metrics_v2.parquet,374e15163c404aa19bf8453d170490862689d4b0db1c5d34b0e6dea8f075e1b8,22
target_centrality,T:2577623,5646.5,cnes,A,2021,aim3_target_metrics_v2.parquet,374e15163c404aa19bf8453d170490862689d4b0db1c5d34b0e6dea8f075e1b8,28
target_centrality,T:2580055,5641.0,cnes,A,2021,aim3_target_metrics_v2.parquet,374e15163c404aa19bf8453d170490862689d4b0db1c5d34b0e6dea8f075e1b8,43
target_centrality,T:2586142,7096.0,cnes,A,2021,aim3_target_metrics_v2.parquet,374e15163c404aa19bf8453d170490862689d4b0db1c5d34b0e6dea8f075e1b8,53
target_centrality,T:2587335,0.5,cnes,A,2021,aim3_target_metrics_v2.parquet,374e15163c404aa19bf8453d170490862689d4b0db1c5d34b0e6dea8f075e1b8,9
target_centrality,T:2591049,0.0,cnes,A,2021,aim3_target_metrics_v2.parquet,374e15163c404aa19bf8453d170490862689d4b0db1c5d34b0e6dea8f075e1b8,10
target_centrality,T:2600536,0.0,cnes,A,2021,aim3_target_metrics_v2.parquet,374e15163c404aa19bf8453d170490862689d4b0db1c5d34b0e6dea8f075e1b8,<5
target_centrality,T:2651610,65307.0,cnes,A,2021,aim3_target_metrics_v2.parquet,374e15163c404aa19bf8453d170490862689d4b0db1c5d34b0e6dea8f075e1b8,177
target_centrality,T:2653982,23730.0,cnes,A,2021,aim3_target_metrics_v2.parquet,374e15163c404aa19bf8453d170490862689d4b0db1c5d34b0e6dea8f075e1b8,55
target_centrality,T:2686953,1432.0,cnes,A,2021,aim3_target_metrics_v2.parquet,374e15163c404aa19bf8453d170490862689d4b0db1c5d34b0e6dea8f075e1b8,18
target_centrality,T:2688689,8417.5,cnes,A,2021,aim3_target_metrics_v2.parquet,374e15163c404aa19bf8453d170490862689d4b0db1c5d34b0e6dea8f075e1b8,90
target_centrality,T:2691841,0.0,cnes,A,2021,aim3_target_metrics_v2.parquet,374e15163c404aa19bf8453d170490862689d4b0db1c5d34b0e6dea8f075e1b8,7
target_centrality,T:2704900,12811.0,cnes,A,2021,aim3_target_metrics_v2.parquet,374e15163c404aa19bf8453d170490862689d4b0db1c5d34b0e6dea8f075e1b8,58
target_centrality,T:2705982,11278.5,cnes,A,2021,aim3_target_metrics_v2.parquet,374e15163c404aa19bf8453d170490862689d4b0db1c5d34b0e6dea8f075e1b8,61
target_centrality,T:2708779,0.0,cnes,A,2021,aim3_target_metrics_v2.parquet,374e15163c404aa19bf8453d170490862689d4b0db1c5d34b0e6dea8f075e1b8,<5
target_centrality,T:2726653,2825.0,cnes,A,2021,aim3_target_metrics_v2.parquet,374e15163c404aa19bf8453d170490862689d4b0db1c5d34b0e6dea8f075e1b8,<5
target_centrality,T:2726971,9870.0,cnes,A,2021,aim3_target_metrics_v2.parquet,374e15163c404aa19bf8453d170490862689d4b0db1c5d34b0e6dea8f075e1b8,10
target_centrality,T:2738309,0.0,cnes,A,2021,aim3_target_metrics_v2.parquet,374e15163c404aa19bf8453d170490862689d4b0db1c5d34b0e6dea8f075e1b8,7
target_centrality,T:2738368,5645.0,cnes,A,2021,aim3_target_metrics_v2.parquet,374e15163c404aa19bf8453d170490862689d4b0db1c5d34b0e6dea8f075e1b8,15
target_centrality,T:2740338,16869.0,cnes,A,2021,aim3_target_metrics_v2.parquet,374e15163c404aa19bf8453d170490862689d4b0db1c5d34b0e6dea8f075e1b8,19
target_centrality,T:2743469,4341.5,cnes,A,2021,aim3_target_metrics_v2.parquet,374e15163c404aa19bf8453d170490862689d4b0db1c5d34b0e6dea8f075e1b8,18
target_centrality,T:2748223,19690.0,cnes,A,2021,aim3_target_metrics_v2.parquet,374e15163c404aa19bf8453d170490862689d4b0db1c5d34b0e6dea8f075e1b8,59
target_centrality,T:2755130,37799.0,cnes,A,2021,aim3_target_metrics_v2.parquet,374e15163c404aa19bf8453d170490862689d4b0db1c5d34b0e6dea8f075e1b8,110
target_centrality,T:2755165,0.0,cnes,A,2021,aim3_target_metrics_v2.parquet,374e15163c404aa19bf8453d170490862689d4b0db1c5d34b0e6dea8f075e1b8,<5
target_centrality,T:2758164,10.0,cnes,A,2021,aim3_target_metrics_v2.parquet,374e15163c404aa19bf8453d170490862689d4b0db1c5d34b0e6dea8f075e1b8,6
target_centrality,T:2772310,1413.0,cnes,A,2021,aim3_target_metrics_v2.parquet,374e15163c404aa19bf8453d170490862689d4b0db1c5d34b0e6dea8f075e1b8,23
target_centrality,T:2775999,18294.0,cnes,A,2021,aim3_target_metrics_v2.parquet,374e15163c404aa19bf8453d170490862689d4b0db1c5d34b0e6dea8f075e1b8,55
target_centrality,T:2781859,2825.0,cnes,A,2021,aim3_target_metrics_v2.parquet,374e15163c404aa19bf8453d170490862689d4b0db1c5d34b0e6dea8f075e1b8,28
target_centrality,T:2786435,10075.0,cnes,A,2021,aim3_target_metrics_v2.parquet,374e15163c404aa19bf8453d170490862689d4b0db1c5d34b0e6dea8f075e1b8,170
target_centrality,T:2791722,22194.0,cnes,A,2021,aim3_target_metrics_v2.parquet,374e15163c404aa19bf8453d170490862689d4b0db1c5d34b0e6dea8f075e1b8,33
target_centrality,T:2792168,4232.0,cnes,A,2021,aim3_target_metrics_v2.parquet,374e15163c404aa19bf8453d170490862689d4b0db1c5d34b0e6dea8f075e1b8,41
target_centrality,T:2792176,2825.0,cnes,A,2021,aim3_target_metrics_v2.parquet,374e15163c404aa19bf8453d170490862689d4b0db1c5d34b0e6dea8f075e1b8,8
target_centrality,T:2798298,0.0,cnes,A,2021,aim3_target_metrics_v2.parquet,374e15163c404aa19bf8453d170490862689d4b0db1c5d34b0e6dea8f075e1b8,67
target_centrality,T:2799758,1413.0,cnes,A,2021,aim3_target_metrics_v2.parquet,374e15163c404aa19bf8453d170490862689d4b0db1c5d34b0e6dea8f075e1b8,<5
target_centrality,T:2802783,1207.5,cnes,A,2021,aim3_target_metrics_v2.parquet,374e15163c404aa19bf8453d170490862689d4b0db1c5d34b0e6dea8f075e1b8,79
target_centrality,T:3075516,0.0,cnes,A,2021,aim3_target_metrics_v2.parquet,374e15163c404aa19bf8453d170490862689d4b0db1c5d34b0e6dea8f075e1b8,11
target_centrality,T:3126838,14787.0,cnes,A,2021,aim3_target_metrics_v2.parquet,374e15163c404aa19bf8453d170490862689d4b0db1c5d34b0e6dea8f075e1b8,42
target_centrality,T:3157245,484135.5,cnes,A,2021,aim3_target_metrics_v2.parquet,374e15163c404aa19bf8453d170490862689d4b0db1c5d34b0e6dea8f075e1b8,141
target_centrality,T:3285391,33600.0,cnes,A,2021,aim3_target_metrics_v2.parquet,374e15163c404aa19bf8453d170490862689d4b0db1c5d34b0e6dea8f075e1b8,38
target_centrality,T:4001303,3.0,cnes,A,2021,aim3_target_metrics_v2.parquet,374e15163c404aa19bf8453d170490862689d4b0db1c5d34b0e6dea8f075e1b8,<5
target_centrality,T:4044916,33624.0,cnes,A,2021,aim3_target_metrics_v2.parquet,374e15163c404aa19bf8453d170490862689d4b0db1c5d34b0e6dea8f075e1b8,108
target_centrality,T:5585422,7055.0,cnes,A,2021,aim3_target_metrics_v2.parquet,374e15163c404aa19bf8453d170490862689d4b0db1c5d34b0e6dea8f075e1b8,26
target_centrality,T:5597501,1.0,cnes,A,2021,aim3_target_metrics_v2.parquet,374e15163c404aa19bf8453d170490862689d4b0db1c5d34b0e6dea8f075e1b8,<5
target_centrality,T:6123740,7057.0,cnes,A,2021,aim3_target_metrics_v2.parquet,374e15163c404aa19bf8453d170490862689d4b0db1c5d34b0e6dea8f075e1b8,49
target_centrality,T:6201059,0.0,cnes,A,2021,aim3_target_metrics_v2.parquet,374e15163c404aa19bf8453d170490862689d4b0db1c5d34b0e6dea8f075e1b8,<5
target_centrality,T:6542638,18306.0,cnes,A,2021,aim3_target_metrics_v2.parquet,374e15163c404aa19bf8453d170490862689d4b0db1c5d34b0e6dea8f075e1b8,55
target_centrality,T:6601804,800.0,cnes,A,2021,aim3_target_metrics_v2.parquet,374e15163c404aa19bf8453d170490862689d4b0db1c5d34b0e6dea8f075e1b8,103
target_centrality,T:6756107,51618.0,cnes,A,2021,aim3_target_metrics_v2.parquet,374e15163c404aa19bf8453d170490862689d4b0db1c5d34b0e6dea8f075e1b8,137
target_centrality,T:6876617,7.0,cnes,A,2021,aim3_target_metrics_v2.parquet,374e15163c404aa19bf8453d170490862689d4b0db1c5d34b0e6dea8f075e1b8,<5
target_centrality,T:6878687,5532.0,cnes,A,2021,aim3_target_metrics_v2.parquet,374e15163c404aa19bf8453d170490862689d4b0db1c5d34b0e6dea8f075e1b8,24
target_centrality,T:7066376,7055.0,cnes,A,2021,aim3_target_metrics_v2.parquet,374e15163c404aa19bf8453d170490862689d4b0db1c5d34b0e6dea8f075e1b8,16
target_centrality,T:7068336,307460.0,cnes,A,2021,aim3_target_metrics_v2.parquet,374e15163c404aa19bf8453d170490862689d4b0db1c5d34b0e6dea8f075e1b8,22
target_centrality,T:7257406,0.0,cnes,A,2021,aim3_target_metrics_v2.parquet,374e15163c404aa19bf8453d170490862689d4b0db1c5d34b0e6dea8f075e1b8,17
target_centrality,T:7373465,0.0,cnes,A,2021,aim3_target_metrics_v2.parquet,374e15163c404aa19bf8453d170490862689d4b0db1c5d34b0e6dea8f075e1b8,26
target_centrality,T:7400926,0.0,cnes,A,2021,aim3_target_metrics_v2.parquet,374e15163c404aa19bf8453d170490862689d4b0db1c5d34b0e6dea8f075e1b8,<5
target_centrality,T:7498810,3539.0,cnes,A,2021,aim3_target_metrics_v2.parquet,374e15163c404aa19bf8453d170490862689d4b0db1c5d34b0e6dea8f075e1b8,167
target_centrality,T:7513151,0.0,cnes,A,2021,aim3_target_metrics_v2.parquet,374e15163c404aa19bf8453d170490862689d4b0db1c5d34b0e6dea8f075e1b8,<5
target_centrality,T:7866801,359832.5,cnes,A,2021,aim3_target_metrics_v2.parquet,374e15163c404aa19bf8453d170490862689d4b0db1c5d34b0e6dea8f075e1b8,229
target_centrality,T:9209352,11276.0,cnes,A,2021,aim3_target_metrics_v2.parquet,374e15163c404aa19bf8453d170490862689d4b0db1c5d34b0e6dea8f075e1b8,24
target_centrality,T:9388133,0.0,cnes,A,2021,aim3_target_metrics_v2.parquet,374e15163c404aa19bf8453d170490862689d4b0db1c5d34b0e6dea8f075e1b8,<5
target_centrality,T:9443665,18291.0,cnes,A,2021,aim3_target_metrics_v2.parquet,374e15163c404aa19bf8453d170490862689d4b0db1c5d34b0e6dea8f075e1b8,97
target_centrality,T:9491112,63132.5,cnes,A,2021,aim3_target_metrics_v2.parquet,374e15163c404aa19bf8453d170490862689d4b0db1c5d34b0e6dea8f075e1b8,79
target_centrality,T:9680977,0.0,cnes,A,2021,aim3_target_metrics_v2.parquet,374e15163c404aa19bf8453d170490862689d4b0db1c5d34b0e6dea8f075e1b8,<5
target_centrality,T:9917322,2825.0,cnes,A,2021,aim3_target_metrics_v2.parquet,374e15163c404aa19bf8453d170490862689d4b0db1c5d34b0e6dea8f075e1b8,11
target_centrality,T:0000396,0.0,cnes,A,2022,aim3_target_metrics_v2.parquet,374e15163c404aa19bf8453d170490862689d4b0db1c5d34b0e6dea8f075e1b8,<5
target_centrality,T:0000434,11163.0,cnes,A,2022,aim3_target_metrics_v2.parquet,374e15163c404aa19bf8453d170490862689d4b0db1c5d34b0e6dea8f075e1b8,35
target_centrality,T:0000477,187500.0,cnes,A,2022,aim3_target_metrics_v2.parquet,374e15163c404aa19bf8453d170490862689d4b0db1c5d34b0e6dea8f075e1b8,31
target_centrality,T:0000655,76483.0,cnes,A,2022,aim3_target_metrics_v2.parquet,374e15163c404aa19bf8453d170490862689d4b0db1c5d34b0e6dea8f075e1b8,39
target_centrality,T:0002283,56630.5,cnes,A,2022,aim3_target_metrics_v2.parquet,374e15163c404aa19bf8453d170490862689d4b0db1c5d34b0e6dea8f075e1b8,85
target_centrality,T:0002534,12261.5,cnes,A,2022,aim3_target_metrics_v2.parquet,374e15163c404aa19bf8453d170490862689d4b0db1c5d34b0e6dea8f075e1b8,18
target_centrality,T:0003816,2234.0,cnes,A,2022,aim3_target_metrics_v2.parquet,374e15163c404aa19bf8453d170490862689d4b0db1c5d34b0e6dea8f075e1b8,22
target_centrality,T:0003859,479410.5,cnes,A,2022,aim3_target_metrics_v2.parquet,374e15163c404aa19bf8453d170490862689d4b0db1c5d34b0e6dea8f075e1b8,533
target_centrality,T:0004251,0.0,cnes,A,2022,aim3_target_metrics_v2.parquet,374e15163c404aa19bf8453d170490862689d4b0db1c5d34b0e6dea8f075e1b8,10
target_centrality,T:0009628,2539.0,cnes,A,2022,aim3_target_metrics_v2.parquet,374e15163c404aa19bf8453d170490862689d4b0db1c5d34b0e6dea8f075e1b8,28
target_centrality,T:0009709,22347.166666666668,cnes,A,2022,aim3_target_metrics_v2.parquet,374e15163c404aa19bf8453d170490862689d4b0db1c5d34b0e6dea8f075e1b8,46
target_centrality,T:0009717,0.0,cnes,A,2022,aim3_target_metrics_v2.parquet,374e15163c404aa19bf8453d170490862689d4b0db1c5d34b0e6dea8f075e1b8,<5
target_centrality,T:0009725,2234.833333333333,cnes,A,2022,aim3_target_metrics_v2.parquet,374e15163c404aa19bf8453d170490862689d4b0db1c5d34b0e6dea8f075e1b8,28
target_centrality,T:0010456,0.0,cnes,A,2022,aim3_target_metrics_v2.parquet,374e15163c404aa19bf8453d170490862689d4b0db1c5d34b0e6dea8f075e1b8,<5
target_centrality,T:0010499,4864.0,cnes,A,2022,aim3_target_metrics_v2.parquet,374e15163c404aa19bf8453d170490862689d4b0db1c5d34b0e6dea8f075e1b8,39
target_centrality,T:0010502,2234.0,cnes,A,2022,aim3_target_metrics_v2.parquet,374e15163c404aa19bf8453d170490862689d4b0db1c5d34b0e6dea8f075e1b8,7
target_centrality,T:0010510,8659.5,cnes,A,2022,aim3_target_metrics_v2.parquet,374e15163c404aa19bf8453d170490862689d4b0db1c5d34b0e6dea8f075e1b8,10
target_centrality,T:0011746,11160.0,cnes,A,2022,aim3_target_metrics_v2.parquet,374e15163c404aa19bf8453d170490862689d4b0db1c5d34b0e6dea8f075e1b8,47
target_centrality,T:0012505,2240.5,cnes,A,2022,aim3_target_metrics_v2.parquet,374e15163c404aa19bf8453d170490862689d4b0db1c5d34b0e6dea8f075e1b8,23
target_centrality,T:0013633,116990.5,cnes,A,2022,aim3_target_metrics_v2.parquet,374e15163c404aa19bf8453d170490862689d4b0db1c5d34b0e6dea8f075e1b8,44
target_centrality,T:0014109,22295.0,cnes,A,2022,aim3_target_metrics_v2.parquet,374e15163c404aa19bf8453d170490862689d4b0db1c5d34b0e6dea8f075e1b8,34
target_centrality,T:0015245,2234.0,cnes,A,2022,aim3_target_metrics_v2.parquet,374e15163c404aa19bf8453d170490862689d4b0db1c5d34b0e6dea8f075e1b8,27
target_centrality,T:0015318,10555.0,cnes,A,2022,aim3_target_metrics_v2.parquet,374e15163c404aa19bf8453d170490862689d4b0db1c5d34b0e6dea8f075e1b8,<5
target_centrality,T:0015334,0.0,cnes,A,2022,aim3_target_metrics_v2.parquet,374e15163c404aa19bf8453d170490862689d4b0db1c5d34b0e6dea8f075e1b8,<5
target_centrality,T:0015369,0.0,cnes,A,2022,aim3_target_metrics_v2.parquet,374e15163c404aa19bf8453d170490862689d4b0db1c5d34b0e6dea8f075e1b8,8
target_centrality,T:0015407,31807.833333333332,cnes,A,2022,aim3_target_metrics_v2.parquet,374e15163c404aa19bf8453d170490862689d4b0db1c5d34b0e6dea8f075e1b8,47
target_centrality,T:0015423,0.0,cnes,A,2022,aim3_target_metrics_v2.parquet,374e15163c404aa19bf8453d170490862689d4b0db1c5d34b0e6dea8f075e1b8,6
target_centrality,T:0015644,5474.333333333334,cnes,A,2022,aim3_target_metrics_v2.parquet,374e15163c404aa19bf8453d170490862689d4b0db1c5d34b0e6dea8f075e1b8,34
target_centrality,T:0026859,4467.0,cnes,A,2022,aim3_target_metrics_v2.parquet,374e15163c404aa19bf8453d170490862689d4b0db1c5d34b0e6dea8f075e1b8,13
target_centrality,T:0027014,173962.5,cnes,A,2022,aim3_target_metrics_v2.parquet,374e15163c404aa19bf8453d170490862689d4b0db1c5d34b0e6dea8f075e1b8,233
target_centrality,T:0027049,116570.0,cnes,A,2022,aim3_target_metrics_v2.parquet,374e15163c404aa19bf8453d170490862689d4b0db1c5d34b0e6dea8f075e1b8,142
target_centrality,T:0027863,8186.0,cnes,A,2022,aim3_target_metrics_v2.parquet,374e15163c404aa19bf8453d170490862689d4b0db1c5d34b0e6dea8f075e1b8,74
target_centrality,T:0086673,0.0,cnes,A,2022,aim3_target_metrics_v2.parquet,374e15163c404aa19bf8453d170490862689d4b0db1c5d34b0e6dea8f075e1b8,<5
target_centrality,T:0092894,29721.0,cnes,A,2022,aim3_target_metrics_v2.parquet,374e15163c404aa19bf8453d170490862689d4b0db1c5d34b0e6dea8f075e1b8,24
target_centrality,T:0179817,0.0,cnes,A,2022,aim3_target_metrics_v2.parquet,374e15163c404aa19bf8453d170490862689d4b0db1c5d34b0e6dea8f075e1b8,<5
target_centrality,T:0547484,0.0,cnes,A,2022,aim3_target_metrics_v2.parquet,374e15163c404aa19bf8453d170490862689d4b0db1c5d34b0e6dea8f075e1b8,<5
target_centrality,T:2012685,0.0,cnes,A,2022,aim3_target_metrics_v2.parquet,374e15163c404aa19bf8453d170490862689d4b0db1c5d34b0e6dea8f075e1b8,<5
target_centrality,T:2017644,2234.0,cnes,A,2022,aim3_target_metrics_v2.parquet,374e15163c404aa19bf8453d170490862689d4b0db1c5d34b0e6dea8f075e1b8,9
target_centrality,T:2024691,6699.0,cnes,A,2022,aim3_target_metrics_v2.parquet,374e15163c404aa19bf8453d170490862689d4b0db1c5d34b0e6dea8f075e1b8,16
target_centrality,T:2025507,15261.0,cnes,A,2022,aim3_target_metrics_v2.parquet,374e15163c404aa19bf8453d170490862689d4b0db1c5d34b0e6dea8f075e1b8,17
target_centrality,T:2025752,4.0,cnes,A,2022,aim3_target_metrics_v2.parquet,374e15163c404aa19bf8453d170490862689d4b0db1c5d34b0e6dea8f075e1b8,84
target_centrality,T:2066092,0.0,cnes,A,2022,aim3_target_metrics_v2.parquet,374e15163c404aa19bf8453d170490862689d4b0db1c5d34b0e6dea8f075e1b8,52
target_centrality,T:2077396,260243.5,cnes,A,2022,aim3_target_metrics_v2.parquet,374e15163c404aa19bf8453d170490862689d4b0db1c5d34b0e6dea8f075e1b8,392
target_centrality,T:2077477,0.0,cnes,A,2022,aim3_target_metrics_v2.parquet,374e15163c404aa19bf8453d170490862689d4b0db1c5d34b0e6dea8f075e1b8,38
target_centrality,T:2077485,0.0,cnes,A,2022,aim3_target_metrics_v2.parquet,374e15163c404aa19bf8453d170490862689d4b0db1c5d34b0e6dea8f075e1b8,9
target_centrality,T:2077523,0.0,cnes,A,2022,aim3_target_metrics_v2.parquet,374e15163c404aa19bf8453d170490862689d4b0db1c5d34b0e6dea8f075e1b8,<5
target_centrality,T:2077531,0.0,cnes,A,2022,aim3_target_metrics_v2.parquet,374e15163c404aa19bf8453d170490862689d4b0db1c5d34b0e6dea8f075e1b8,10
target_centrality,T:2077574,0.0,cnes,A,2022,aim3_target_metrics_v2.parquet,374e15163c404aa19bf8453d170490862689d4b0db1c5d34b0e6dea8f075e1b8,<5
target_centrality,T:2078015,1485361.0,cnes,A,2022,aim3_target_metrics_v2.parquet,374e15163c404aa19bf8453d170490862689d4b0db1c5d34b0e6dea8f075e1b8,626
target_centrality,T:2079798,105319.0,cnes,A,2022,aim3_target_metrics_v2.parquet,374e15163c404aa19bf8453d170490862689d4b0db1c5d34b0e6dea8f075e1b8,203
target_centrality,T:2079828,2234.0,cnes,A,2022,aim3_target_metrics_v2.parquet,374e15163c404aa19bf8453d170490862689d4b0db1c5d34b0e6dea8f075e1b8,44
target_centrality,T:2079917,0.0,cnes,A,2022,aim3_target_metrics_v2.parquet,374e15163c404aa19bf8453d170490862689d4b0db1c5d34b0e6dea8f075e1b8,6
target_centrality,T:2080338,250.5,cnes,A,2022,aim3_target_metrics_v2.parquet,374e15163c404aa19bf8453d170490862689d4b0db1c5d34b0e6dea8f075e1b8,60
target_centrality,T:2080346,0.0,cnes,A,2022,aim3_target_metrics_v2.parquet,374e15163c404aa19bf8453d170490862689d4b0db1c5d34b0e6dea8f075e1b8,91
target_centrality,T:2080532,0.0,cnes,A,2022,aim3_target_metrics_v2.parquet,374e15163c404aa19bf8453d170490862689d4b0db1c5d34b0e6dea8f075e1b8,11
target_centrality,T:2080680,0.0,cnes,A,2022,aim3_target_metrics_v2.parquet,374e15163c404aa19bf8453d170490862689d4b0db1c5d34b0e6dea8f075e1b8,<5
target_centrality,T:2081253,0.0,cnes,A,2022,aim3_target_metrics_v2.parquet,374e15163c404aa19bf8453d170490862689d4b0db1c5d34b0e6dea8f075e1b8,7
target_centrality,T:2081377,13390.0,cnes,A,2022,aim3_target_metrics_v2.parquet,374e15163c404aa19bf8453d170490862689d4b0db1c5d34b0e6dea8f075e1b8,24
target_centrality,T:2081458,10419.0,cnes,A,2022,aim3_target_metrics_v2.parquet,374e15163c404aa19bf8453d170490862689d4b0db1c5d34b0e6dea8f075e1b8,61
target_centrality,T:2081490,0.0,cnes,A,2022,aim3_target_metrics_v2.parquet,374e15163c404aa19bf8453d170490862689d4b0db1c5d34b0e6dea8f075e1b8,<5
target_centrality,T:2081695,40129.5,cnes,A,2022,aim3_target_metrics_v2.parquet,374e15163c404aa19bf8453d170490862689d4b0db1c5d34b0e6dea8f075e1b8,66
target_centrality,T:2082187,154198.00000000137,cnes,A,2022,aim3_target_metrics_v2.parquet,374e15163c404aa19bf8453d170490862689d4b0db1c5d34b0e6dea8f075e1b8,117
target_centrality,T:2082861,0.0,cnes,A,2022,aim3_target_metrics_v2.parquet,374e15163c404aa19bf8453d170490862689d4b0db1c5d34b0e6dea8f075e1b8,18
target_centrality,T:2083086,6436.0,cnes,A,2022,aim3_target_metrics_v2.parquet,374e15163c404aa19bf8453d170490862689d4b0db1c5d34b0e6dea8f075e1b8,11
target_centrality,T:2083094,25575.0,cnes,A,2022,aim3_target_metrics_v2.parquet,374e15163c404aa19bf8453d170490862689d4b0db1c5d34b0e6dea8f075e1b8,39
target_centrality,T:2083116,0.0,cnes,A,2022,aim3_target_metrics_v2.parquet,374e15163c404aa19bf8453d170490862689d4b0db1c5d34b0e6dea8f075e1b8,<5
target_centrality,T:2087057,8928.5,cnes,A,2022,aim3_target_metrics_v2.parquet,374e15163c404aa19bf8453d170490862689d4b0db1c5d34b0e6dea8f075e1b8,55
target_centrality,T:2087103,0.0,cnes,A,2022,aim3_target_metrics_v2.parquet,374e15163c404aa19bf8453d170490862689d4b0db1c5d34b0e6dea8f075e1b8,<5
target_centrality,T:2088576,0.0,cnes,A,2022,aim3_target_metrics_v2.parquet,374e15163c404aa19bf8453d170490862689d4b0db1c5d34b0e6dea8f075e1b8,12
target_centrality,T:2089327,8782.5,cnes,A,2022,aim3_target_metrics_v2.parquet,374e15163c404aa19bf8453d170490862689d4b0db1c5d34b0e6dea8f075e1b8,24
target_centrality,T:2090236,335148.0,cnes,A,2022,aim3_target_metrics_v2.parquet,374e15163c404aa19bf8453d170490862689d4b0db1c5d34b0e6dea8f075e1b8,123
target_centrality,T:2092611,2234.0,cnes,A,2022,aim3_target_metrics_v2.parquet,374e15163c404aa19bf8453d170490862689d4b0db1c5d34b0e6dea8f075e1b8,22
target_centrality,T:2096412,2237.0,cnes,A,2022,aim3_target_metrics_v2.parquet,374e15163c404aa19bf8453d170490862689d4b0db1c5d34b0e6dea8f075e1b8,20
target_centrality,T:2100754,0.0,cnes,A,2022,aim3_target_metrics_v2.parquet,374e15163c404aa19bf8453d170490862689d4b0db1c5d34b0e6dea8f075e1b8,<5
target_centrality,T:2105780,1.0,cnes,A,2022,aim3_target_metrics_v2.parquet,374e15163c404aa19bf8453d170490862689d4b0db1c5d34b0e6dea8f075e1b8,<5
target_centrality,T:2111624,48781.5,cnes,A,2022,aim3_target_metrics_v2.parquet,374e15163c404aa19bf8453d170490862689d4b0db1c5d34b0e6dea8f075e1b8,37
target_centrality,T:2118661,22295.0,cnes,A,2022,aim3_target_metrics_v2.parquet,374e15163c404aa19bf8453d170490862689d4b0db1c5d34b0e6dea8f075e1b8,67
target_centrality,T:2127989,37845.0,cnes,A,2022,aim3_target_metrics_v2.parquet,374e15163c404aa19bf8453d170490862689d4b0db1c5d34b0e6dea8f075e1b8,69
target_centrality,T:2129566,0.0,cnes,A,2022,aim3_target_metrics_v2.parquet,374e15163c404aa19bf8453d170490862689d4b0db1c5d34b0e6dea8f075e1b8,<5
target_centrality,T:2146355,276213.5,cnes,A,2022,aim3_target_metrics_v2.parquet,374e15163c404aa19bf8453d170490862689d4b0db1c5d34b0e6dea8f075e1b8,115
target_centrality,T:2149990,28929.0,cnes,A,2022,aim3_target_metrics_v2.parquet,374e15163c404aa19bf8453d170490862689d4b0db1c5d34b0e6dea8f075e1b8,22
target_centrality,T:2171988,15.0,cnes,A,2022,aim3_target_metrics_v2.parquet,374e15163c404aa19bf8453d170490862689d4b0db1c5d34b0e6dea8f075e1b8,13
target_centrality,T:2195437,4467.0,cnes,A,2022,aim3_target_metrics_v2.parquet,374e15163c404aa19bf8453d170490862689d4b0db1c5d34b0e6dea8f075e1b8,<5
target_centrality,T:2195453,22289.0,cnes,A,2022,aim3_target_metrics_v2.parquet,374e15163c404aa19bf8453d170490862689d4b0db1c5d34b0e6dea8f075e1b8,14
target_centrality,T:2200457,6699.0,cnes,A,2022,aim3_target_metrics_v2.parquet,374e15163c404aa19bf8453d170490862689d4b0db1c5d34b0e6dea8f075e1b8,16
target_centrality,T:2206595,0.0,cnes,A,2022,aim3_target_metrics_v2.parquet,374e15163c404aa19bf8453d170490862689d4b0db1c5d34b0e6dea8f075e1b8,<5
target_centrality,T:2208857,11432.0,cnes,A,2022,aim3_target_metrics_v2.parquet,374e15163c404aa19bf8453d170490862689d4b0db1c5d34b0e6dea8f075e1b8,12
target_centrality,T:2218798,28966.5,cnes,A,2022,aim3_target_metrics_v2.parquet,374e15163c404aa19bf8453d170490862689d4b0db1c5d34b0e6dea8f075e1b8,75
target_centrality,T:2219646,11168.0,cnes,A,2022,aim3_target_metrics_v2.parquet,374e15163c404aa19bf8453d170490862689d4b0db1c5d34b0e6dea8f075e1b8,13
target_centrality,T:2223538,4467.0,cnes,A,2022,aim3_target_metrics_v2.parquet,374e15163c404aa19bf8453d170490862689d4b0db1c5d34b0e6dea8f075e1b8,36
target_centrality,T:2223546,2234.0,cnes,A,2022,aim3_target_metrics_v2.parquet,374e15163c404aa19bf8453d170490862689d4b0db1c5d34b0e6dea8f075e1b8,26
target_centrality,T:2237253,558452.5,cnes,A,2022,aim3_target_metrics_v2.parquet,374e15163c404aa19bf8453d170490862689d4b0db1c5d34b0e6dea8f075e1b8,180
target_centrality,T:2237571,171933.0,cnes,A,2022,aim3_target_metrics_v2.parquet,374e15163c404aa19bf8453d170490862689d4b0db1c5d34b0e6dea8f075e1b8,230
target_centrality,T:2237601,30123.0,cnes,A,2022,aim3_target_metrics_v2.parquet,374e15163c404aa19bf8453d170490862689d4b0db1c5d34b0e6dea8f075e1b8,124
target_centrality,T:2241021,0.0,cnes,A,2022,aim3_target_metrics_v2.parquet,374e15163c404aa19bf8453d170490862689d4b0db1c5d34b0e6dea8f075e1b8,<5
target_centrality,T:2244306,17847.0,cnes,A,2022,aim3_target_metrics_v2.parquet,374e15163c404aa19bf8453d170490862689d4b0db1c5d34b0e6dea8f075e1b8,43
target_centrality,T:2246929,45967.0,cnes,A,2022,aim3_target_metrics_v2.parquet,374e15163c404aa19bf8453d170490862689d4b0db1c5d34b0e6dea8f075e1b8,34
target_centrality,T:2246988,8983.0,cnes,A,2022,aim3_target_metrics_v2.parquet,374e15163c404aa19bf8453d170490862689d4b0db1c5d34b0e6dea8f075e1b8,19
target_centrality,T:2252694,2234.0,cnes,A,2022,aim3_target_metrics_v2.parquet,374e15163c404aa19bf8453d170490862689d4b0db1c5d34b0e6dea8f075e1b8,10
target_centrality,T:2255936,0.0,cnes,A,2022,aim3_target_metrics_v2.parquet,374e15163c404aa19bf8453d170490862689d4b0db1c5d34b0e6dea8f075e1b8,17
target_centrality,T:2257645,277443.0,cnes,A,2022,aim3_target_metrics_v2.parquet,374e15163c404aa19bf8453d170490862689d4b0db1c5d34b0e6dea8f075e1b8,60
target_centrality,T:2259907,0.0,cnes,A,2022,aim3_target_metrics_v2.parquet,374e15163c404aa19bf8453d170490862689d4b0db1c5d34b0e6dea8f075e1b8,<5
target_centrality,T:2262568,287280.0,cnes,A,2022,aim3_target_metrics_v2.parquet,374e15163c404aa19bf8453d170490862689d4b0db1c5d34b0e6dea8f075e1b8,35
target_centrality,T:2265052,2234.0,cnes,A,2022,aim3_target_metrics_v2.parquet,374e15163c404aa19bf8453d170490862689d4b0db1c5d34b0e6dea8f075e1b8,<5
target_centrality,T:2269384,0.0,cnes,A,2022,aim3_target_metrics_v2.parquet,374e15163c404aa19bf8453d170490862689d4b0db1c5d34b0e6dea8f075e1b8,16
target_centrality,T:2269775,0.0,cnes,A,2022,aim3_target_metrics_v2.parquet,374e15163c404aa19bf8453d170490862689d4b0db1c5d34b0e6dea8f075e1b8,<5
target_centrality,T:2269783,4467.5,cnes,A,2022,aim3_target_metrics_v2.parquet,374e15163c404aa19bf8453d170490862689d4b0db1c5d34b0e6dea8f075e1b8,14
target_centrality,T:2269880,0.0,cnes,A,2022,aim3_target_metrics_v2.parquet,374e15163c404aa19bf8453d170490862689d4b0db1c5d34b0e6dea8f075e1b8,<5
target_centrality,T:2270269,0.0,cnes,A,2022,aim3_target_metrics_v2.parquet,374e15163c404aa19bf8453d170490862689d4b0db1c5d34b0e6dea8f075e1b8,<5
target_centrality,T:2273411,0.0,cnes,A,2022,aim3_target_metrics_v2.parquet,374e15163c404aa19bf8453d170490862689d4b0db1c5d34b0e6dea8f075e1b8,<5
target_centrality,T:2275562,2234.0,cnes,A,2022,aim3_target_metrics_v2.parquet,374e15163c404aa19bf8453d170490862689d4b0db1c5d34b0e6dea8f075e1b8,64
target_centrality,T:2278855,7.0,cnes,A,2022,aim3_target_metrics_v2.parquet,374e15163c404aa19bf8453d170490862689d4b0db1c5d34b0e6dea8f075e1b8,<5
target_centrality,T:2280167,74867.5,cnes,A,2022,aim3_target_metrics_v2.parquet,374e15163c404aa19bf8453d170490862689d4b0db1c5d34b0e6dea8f075e1b8,210
target_centrality,T:2280183,0.0,cnes,A,2022,aim3_target_metrics_v2.parquet,374e15163c404aa19bf8453d170490862689d4b0db1c5d34b0e6dea8f075e1b8,<5
target_centrality,T:2287250,2.0,cnes,A,2022,aim3_target_metrics_v2.parquet,374e15163c404aa19bf8453d170490862689d4b0db1c5d34b0e6dea8f075e1b8,34
target_centrality,T:2295415,21730.0,cnes,A,2022,aim3_target_metrics_v2.parquet,374e15163c404aa19bf8453d170490862689d4b0db1c5d34b0e6dea8f075e1b8,59
target_centrality,T:2295423,426544.5,cnes,A,2022,aim3_target_metrics_v2.parquet,374e15163c404aa19bf8453d170490862689d4b0db1c5d34b0e6dea8f075e1b8,30
target_centrality,T:2298031,0.0,cnes,A,2022,aim3_target_metrics_v2.parquet,374e15163c404aa19bf8453d170490862689d4b0db1c5d34b0e6dea8f075e1b8,<5
target_centrality,T:2298317,0.0,cnes,A,2022,aim3_target_metrics_v2.parquet,374e15163c404aa19bf8453d170490862689d4b0db1c5d34b0e6dea8f075e1b8,<5
target_centrality,T:2301318,6.0,cnes,A,2022,aim3_target_metrics_v2.parquet,374e15163c404aa19bf8453d170490862689d4b0db1c5d34b0e6dea8f075e1b8,14
target_centrality,T:2301830,119070.5,cnes,A,2022,aim3_target_metrics_v2.parquet,374e15163c404aa19bf8453d170490862689d4b0db1c5d34b0e6dea8f075e1b8,60
target_centrality,T:2332981,303480.0,cnes,A,2022,aim3_target_metrics_v2.parquet,374e15163c404aa19bf8453d170490862689d4b0db1c5d34b0e6dea8f075e1b8,46
target_centrality,T:2334321,8930.0,cnes,A,2022,aim3_target_metrics_v2.parquet,374e15163c404aa19bf8453d170490862689d4b0db1c5d34b0e6dea8f075e1b8,10
target_centrality,T:2338734,13428.5,cnes,A,2022,aim3_target_metrics_v2.parquet,374e15163c404aa19bf8453d170490862689d4b0db1c5d34b0e6dea8f075e1b8,17
target_centrality,T:2379333,2235.0,cnes,A,2022,aim3_target_metrics_v2.parquet,374e15163c404aa19bf8453d170490862689d4b0db1c5d34b0e6dea8f075e1b8,<5
target_centrality,T:2384299,34432.33333333333,cnes,A,2022,aim3_target_metrics_v2.parquet,374e15163c404aa19bf8453d170490862689d4b0db1c5d34b0e6dea8f075e1b8,51
target_centrality,T:2396866,6699.0,cnes,A,2022,aim3_target_metrics_v2.parquet,374e15163c404aa19bf8453d170490862689d4b0db1c5d34b0e6dea8f075e1b8,19
target_centrality,T:2399555,20073.0,cnes,A,2022,aim3_target_metrics_v2.parquet,374e15163c404aa19bf8453d170490862689d4b0db1c5d34b0e6dea8f075e1b8,44
target_centrality,T:2399776,2234.0,cnes,A,2022,aim3_target_metrics_v2.parquet,374e15163c404aa19bf8453d170490862689d4b0db1c5d34b0e6dea8f075e1b8,<5
target_centrality,T:2400243,57668.0,cnes,A,2022,aim3_target_metrics_v2.parquet,374e15163c404aa19bf8453d170490862689d4b0db1c5d34b0e6dea8f075e1b8,48
target_centrality,T:2400693,17903.0,cnes,A,2022,aim3_target_metrics_v2.parquet,374e15163c404aa19bf8453d170490862689d4b0db1c5d34b0e6dea8f075e1b8,38
target_centrality,T:2409194,0.0,cnes,A,2022,aim3_target_metrics_v2.parquet,374e15163c404aa19bf8453d170490862689d4b0db1c5d34b0e6dea8f075e1b8,<5
target_centrality,T:2427419,151987.0,cnes,A,2022,aim3_target_metrics_v2.parquet,374e15163c404aa19bf8453d170490862689d4b0db1c5d34b0e6dea8f075e1b8,21
target_centrality,T:2436450,11450.5,cnes,A,2022,aim3_target_metrics_v2.parquet,374e15163c404aa19bf8453d170490862689d4b0db1c5d34b0e6dea8f075e1b8,76
target_centrality,T:2436469,6845.5,cnes,A,2022,aim3_target_metrics_v2.parquet,374e15163c404aa19bf8453d170490862689d4b0db1c5d34b0e6dea8f075e1b8,68
target_centrality,T:2439360,2235.0,cnes,A,2022,aim3_target_metrics_v2.parquet,374e15163c404aa19bf8453d170490862689d4b0db1c5d34b0e6dea8f075e1b8,6
target_centrality,T:2464594,88575.5,cnes,A,2022,aim3_target_metrics_v2.parquet,374e15163c404aa19bf8453d170490862689d4b0db1c5d34b0e6dea8f075e1b8,143
target_centrality,T:2485680,8943.5,cnes,A,2022,aim3_target_metrics_v2.parquet,374e15163c404aa19bf8453d170490862689d4b0db1c5d34b0e6dea8f075e1b8,21
target_centrality,T:2486199,4470.0,cnes,A,2022,aim3_target_metrics_v2.parquet,374e15163c404aa19bf8453d170490862689d4b0db1c5d34b0e6dea8f075e1b8,<5
target_centrality,T:2494450,0.0,cnes,A,2022,aim3_target_metrics_v2.parquet,374e15163c404aa19bf8453d170490862689d4b0db1c5d34b0e6dea8f075e1b8,<5
target_centrality,T:2497654,131334.0,cnes,A,2022,aim3_target_metrics_v2.parquet,374e15163c404aa19bf8453d170490862689d4b0db1c5d34b0e6dea8f075e1b8,524
target_centrality,T:2499363,207581.5,cnes,A,2022,aim3_target_metrics_v2.parquet,374e15163c404aa19bf8453d170490862689d4b0db1c5d34b0e6dea8f075e1b8,301
target_centrality,T:2522411,0.0,cnes,A,2022,aim3_target_metrics_v2.parquet,374e15163c404aa19bf8453d170490862689d4b0db1c5d34b0e6dea8f075e1b8,<5
target_centrality,T:2550792,57658.0,cnes,A,2022,aim3_target_metrics_v2.parquet,374e15163c404aa19bf8453d170490862689d4b0db1c5d34b0e6dea8f075e1b8,62
target_centrality,T:2555646,4467.5,cnes,A,2022,aim3_target_metrics_v2.parquet,374e15163c404aa19bf8453d170490862689d4b0db1c5d34b0e6dea8f075e1b8,10
target_centrality,T:2558246,66880.0,cnes,A,2022,aim3_target_metrics_v2.parquet,374e15163c404aa19bf8453d170490862689d4b0db1c5d34b0e6dea8f075e1b8,19
target_centrality,T:2560771,39971.0,cnes,A,2022,aim3_target_metrics_v2.parquet,374e15163c404aa19bf8453d170490862689d4b0db1c5d34b0e6dea8f075e1b8,65
target_centrality,T:2561492,516926.5,cnes,A,2022,aim3_target_metrics_v2.parquet,374e15163c404aa19bf8453d170490862689d4b0db1c5d34b0e6dea8f075e1b8,156
target_centrality,T:2571072,0.0,cnes,A,2022,aim3_target_metrics_v2.parquet,374e15163c404aa19bf8453d170490862689d4b0db1c5d34b0e6dea8f075e1b8,<5
target_centrality,T:2576341,11070.0,cnes,A,2022,aim3_target_metrics_v2.parquet,374e15163c404aa19bf8453d170490862689d4b0db1c5d34b0e6dea8f075e1b8,32
target_centrality,T:2577623,11224.5,cnes,A,2022,aim3_target_metrics_v2.parquet,374e15163c404aa19bf8453d170490862689d4b0db1c5d34b0e6dea8f075e1b8,34
target_centrality,T:2580055,136669.0,cnes,A,2022,aim3_target_metrics_v2.parquet,374e15163c404aa19bf8453d170490862689d4b0db1c5d34b0e6dea8f075e1b8,53
target_centrality,T:2586142,32930.5,cnes,A,2022,aim3_target_metrics_v2.parquet,374e15163c404aa19bf8453d170490862689d4b0db1c5d34b0e6dea8f075e1b8,75
target_centrality,T:2587335,4768.5,cnes,A,2022,aim3_target_metrics_v2.parquet,374e15163c404aa19bf8453d170490862689d4b0db1c5d34b0e6dea8f075e1b8,32
target_centrality,T:2591049,0.0,cnes,A,2022,aim3_target_metrics_v2.parquet,374e15163c404aa19bf8453d170490862689d4b0db1c5d34b0e6dea8f075e1b8,5
target_centrality,T:2600536,15.0,cnes,A,2022,aim3_target_metrics_v2.parquet,374e15163c404aa19bf8453d170490862689d4b0db1c5d34b0e6dea8f075e1b8,7
target_centrality,T:2646536,2234.5,cnes,A,2022,aim3_target_metrics_v2.parquet,374e15163c404aa19bf8453d170490862689d4b0db1c5d34b0e6dea8f075e1b8,11
target_centrality,T:2651610,107863.33333333333,cnes,A,2022,aim3_target_metrics_v2.parquet,374e15163c404aa19bf8453d170490862689d4b0db1c5d34b0e6dea8f075e1b8,149
target_centrality,T:2653982,6700.5,cnes,A,2022,aim3_target_metrics_v2.parquet,374e15163c404aa19bf8453d170490862689d4b0db1c5d34b0e6dea8f075e1b8,44
target_centrality,T:2686953,8946.0,cnes,A,2022,aim3_target_metrics_v2.parquet,374e15163c404aa19bf8453d170490862689d4b0db1c5d34b0e6dea8f075e1b8,51
target_centrality,T:2688689,4392.0,cnes,A,2022,aim3_target_metrics_v2.parquet,374e15163c404aa19bf8453d170490862689d4b0db1c5d34b0e6dea8f075e1b8,123
target_centrality,T:2691841,0.0,cnes,A,2022,aim3_target_metrics_v2.parquet,374e15163c404aa19bf8453d170490862689d4b0db1c5d34b0e6dea8f075e1b8,9
target_centrality,T:2696940,4.0,cnes,A,2022,aim3_target_metrics_v2.parquet,374e15163c404aa19bf8453d170490862689d4b0db1c5d34b0e6dea8f075e1b8,6
target_centrality,T:2704900,26037.0,cnes,A,2022,aim3_target_metrics_v2.parquet,374e15163c404aa19bf8453d170490862689d4b0db1c5d34b0e6dea8f075e1b8,57
target_centrality,T:2705982,9108.999999999913,cnes,A,2022,aim3_target_metrics_v2.parquet,374e15163c404aa19bf8453d170490862689d4b0db1c5d34b0e6dea8f075e1b8,48
target_centrality,T:2707675,1.5,cnes,A,2022,aim3_target_metrics_v2.parquet,374e15163c404aa19bf8453d170490862689d4b0db1c5d34b0e6dea8f075e1b8,<5
target_centrality,T:2708779,0.0,cnes,A,2022,aim3_target_metrics_v2.parquet,374e15163c404aa19bf8453d170490862689d4b0db1c5d34b0e6dea8f075e1b8,<5
target_centrality,T:2726653,13433.0,cnes,A,2022,aim3_target_metrics_v2.parquet,374e15163c404aa19bf8453d170490862689d4b0db1c5d34b0e6dea8f075e1b8,15
target_centrality,T:2726971,44490.0,cnes,A,2022,aim3_target_metrics_v2.parquet,374e15163c404aa19bf8453d170490862689d4b0db1c5d34b0e6dea8f075e1b8,50
target_centrality,T:2738309,2234.0,cnes,A,2022,aim3_target_metrics_v2.parquet,374e15163c404aa19bf8453d170490862689d4b0db1c5d34b0e6dea8f075e1b8,10
target_centrality,T:2738368,31185.5,cnes,A,2022,aim3_target_metrics_v2.parquet,374e15163c404aa19bf8453d170490862689d4b0db1c5d34b0e6dea8f075e1b8,38
target_centrality,T:2740338,64313.5,cnes,A,2022,aim3_target_metrics_v2.parquet,374e15163c404aa19bf8453d170490862689d4b0db1c5d34b0e6dea8f075e1b8,35
target_centrality,T:2743469,70277.0,cnes,A,2022,aim3_target_metrics_v2.parquet,374e15163c404aa19bf8453d170490862689d4b0db1c5d34b0e6dea8f075e1b8,29
target_centrality,T:2748029,0.0,cnes,A,2022,aim3_target_metrics_v2.parquet,374e15163c404aa19bf8453d170490862689d4b0db1c5d34b0e6dea8f075e1b8,<5
target_centrality,T:2748223,39669.0,cnes,A,2022,aim3_target_metrics_v2.parquet,374e15163c404aa19bf8453d170490862689d4b0db1c5d34b0e6dea8f075e1b8,75
target_centrality,T:2752700,2234.0,cnes,A,2022,aim3_target_metrics_v2.parquet,374e15163c404aa19bf8453d170490862689d4b0db1c5d34b0e6dea8f075e1b8,<5
target_centrality,T:2755130,49205.0,cnes,A,2022,aim3_target_metrics_v2.parquet,374e15163c404aa19bf8453d170490862689d4b0db1c5d34b0e6dea8f075e1b8,100
target_centrality,T:2756951,0.0,cnes,A,2022,aim3_target_metrics_v2.parquet,374e15163c404aa19bf8453d170490862689d4b0db1c5d34b0e6dea8f075e1b8,19
target_centrality,T:2758164,15618.0,cnes,A,2022,aim3_target_metrics_v2.parquet,374e15163c404aa19bf8453d170490862689d4b0db1c5d34b0e6dea8f075e1b8,27
target_centrality,T:2767953,0.0,cnes,A,2022,aim3_target_metrics_v2.parquet,374e15163c404aa19bf8453d170490862689d4b0db1c5d34b0e6dea8f075e1b8,8
target_centrality,T:2772310,2234.5,cnes,A,2022,aim3_target_metrics_v2.parquet,374e15163c404aa19bf8453d170490862689d4b0db1c5d34b0e6dea8f075e1b8,27
target_centrality,T:2775999,40059.0,cnes,A,2022,aim3_target_metrics_v2.parquet,374e15163c404aa19bf8453d170490862689d4b0db1c5d34b0e6dea8f075e1b8,45
target_centrality,T:2781859,17836.5,cnes,A,2022,aim3_target_metrics_v2.parquet,374e15163c404aa19bf8453d170490862689d4b0db1c5d34b0e6dea8f075e1b8,38
target_centrality,T:2786117,0.0,cnes,A,2022,aim3_target_metrics_v2.parquet,374e15163c404aa19bf8453d170490862689d4b0db1c5d34b0e6dea8f075e1b8,<5
target_centrality,T:2786435,152180.0,cnes,A,2022,aim3_target_metrics_v2.parquet,374e15163c404aa19bf8453d170490862689d4b0db1c5d34b0e6dea8f075e1b8,212
target_centrality,T:2790602,1.0,cnes,A,2022,aim3_target_metrics_v2.parquet,374e15163c404aa19bf8453d170490862689d4b0db1c5d34b0e6dea8f075e1b8,9
target_centrality,T:2791722,29188.0,cnes,A,2022,aim3_target_metrics_v2.parquet,374e15163c404aa19bf8453d170490862689d4b0db1c5d34b0e6dea8f075e1b8,71
target_centrality,T:2792168,2229.0,cnes,A,2022,aim3_target_metrics_v2.parquet,374e15163c404aa19bf8453d170490862689d4b0db1c5d34b0e6dea8f075e1b8,18
target_centrality,T:2792176,7045.0,cnes,A,2022,aim3_target_metrics_v2.parquet,374e15163c404aa19bf8453d170490862689d4b0db1c5d34b0e6dea8f075e1b8,50
target_centrality,T:2798298,0.0,cnes,A,2022,aim3_target_metrics_v2.parquet,374e15163c404aa19bf8453d170490862689d4b0db1c5d34b0e6dea8f075e1b8,122
target_centrality,T:2799758,22308.5,cnes,A,2022,aim3_target_metrics_v2.parquet,374e15163c404aa19bf8453d170490862689d4b0db1c5d34b0e6dea8f075e1b8,70
target_centrality,T:2802783,167776.0,cnes,A,2022,aim3_target_metrics_v2.parquet,374e15163c404aa19bf8453d170490862689d4b0db1c5d34b0e6dea8f075e1b8,282
target_centrality,T:2816210,2234.0,cnes,A,2022,aim3_target_metrics_v2.parquet,374e15163c404aa19bf8453d170490862689d4b0db1c5d34b0e6dea8f075e1b8,<5
target_centrality,T:2825589,0.0,cnes,A,2022,aim3_target_metrics_v2.parquet,374e15163c404aa19bf8453d170490862689d4b0db1c5d34b0e6dea8f075e1b8,<5
target_centrality,T:3075516,4467.0,cnes,A,2022,aim3_target_metrics_v2.parquet,374e15163c404aa19bf8453d170490862689d4b0db1c5d34b0e6dea8f075e1b8,11
target_centrality,T:3126838,19846.5,cnes,A,2022,aim3_target_metrics_v2.parquet,374e15163c404aa19bf8453d170490862689d4b0db1c5d34b0e6dea8f075e1b8,51
target_centrality,T:3157245,306946.0,cnes,A,2022,aim3_target_metrics_v2.parquet,374e15163c404aa19bf8453d170490862689d4b0db1c5d34b0e6dea8f075e1b8,135
target_centrality,T:3276678,0.0,cnes,A,2022,aim3_target_metrics_v2.parquet,374e15163c404aa19bf8453d170490862689d4b0db1c5d34b0e6dea8f075e1b8,<5
target_centrality,T:3285391,40038.0,cnes,A,2022,aim3_target_metrics_v2.parquet,374e15163c404aa19bf8453d170490862689d4b0db1c5d34b0e6dea8f075e1b8,45
target_centrality,T:4001303,4467.0,cnes,A,2022,aim3_target_metrics_v2.parquet,374e15163c404aa19bf8453d170490862689d4b0db1c5d34b0e6dea8f075e1b8,7
target_centrality,T:4044916,90315.0,cnes,A,2022,aim3_target_metrics_v2.parquet,374e15163c404aa19bf8453d170490862689d4b0db1c5d34b0e6dea8f075e1b8,140
target_centrality,T:4056752,4467.0,cnes,A,2022,aim3_target_metrics_v2.parquet,374e15163c404aa19bf8453d170490862689d4b0db1c5d34b0e6dea8f075e1b8,7
target_centrality,T:5169976,11158.5,cnes,A,2022,aim3_target_metrics_v2.parquet,374e15163c404aa19bf8453d170490862689d4b0db1c5d34b0e6dea8f075e1b8,53
target_centrality,T:5200105,171766.0,cnes,A,2022,aim3_target_metrics_v2.parquet,374e15163c404aa19bf8453d170490862689d4b0db1c5d34b0e6dea8f075e1b8,21
target_centrality,T:5412447,0.0,cnes,A,2022,aim3_target_metrics_v2.parquet,374e15163c404aa19bf8453d170490862689d4b0db1c5d34b0e6dea8f075e1b8,6
target_centrality,T:5419662,0.0,cnes,A,2022,aim3_target_metrics_v2.parquet,374e15163c404aa19bf8453d170490862689d4b0db1c5d34b0e6dea8f075e1b8,<5
target_centrality,T:5585422,63.0,cnes,A,2022,aim3_target_metrics_v2.parquet,374e15163c404aa19bf8453d170490862689d4b0db1c5d34b0e6dea8f075e1b8,45
target_centrality,T:5597501,42.0,cnes,A,2022,aim3_target_metrics_v2.parquet,374e15163c404aa19bf8453d170490862689d4b0db1c5d34b0e6dea8f075e1b8,14
target_centrality,T:5860490,2234.0,cnes,A,2022,aim3_target_metrics_v2.parquet,374e15163c404aa19bf8453d170490862689d4b0db1c5d34b0e6dea8f075e1b8,17
target_centrality,T:6007317,0.0,cnes,A,2022,aim3_target_metrics_v2.parquet,374e15163c404aa19bf8453d170490862689d4b0db1c5d34b0e6dea8f075e1b8,<5
target_centrality,T:6095666,4471.0,cnes,A,2022,aim3_target_metrics_v2.parquet,374e15163c404aa19bf8453d170490862689d4b0db1c5d34b0e6dea8f075e1b8,51
target_centrality,T:6123740,4460.5,cnes,A,2022,aim3_target_metrics_v2.parquet,374e15163c404aa19bf8453d170490862689d4b0db1c5d34b0e6dea8f075e1b8,88
target_centrality,T:6201059,2234.0,cnes,A,2022,aim3_target_metrics_v2.parquet,374e15163c404aa19bf8453d170490862689d4b0db1c5d34b0e6dea8f075e1b8,<5
target_centrality,T:6542638,28972.0,cnes,A,2022,aim3_target_metrics_v2.parquet,374e15163c404aa19bf8453d170490862689d4b0db1c5d34b0e6dea8f075e1b8,73
target_centrality,T:6601804,131265.0,cnes,A,2022,aim3_target_metrics_v2.parquet,374e15163c404aa19bf8453d170490862689d4b0db1c5d34b0e6dea8f075e1b8,152
target_centrality,T:6665322,63233.5,cnes,A,2022,aim3_target_metrics_v2.parquet,374e15163c404aa19bf8453d170490862689d4b0db1c5d34b0e6dea8f075e1b8,80
target_centrality,T:6756107,307974.5,cnes,A,2022,aim3_target_metrics_v2.parquet,374e15163c404aa19bf8453d170490862689d4b0db1c5d34b0e6dea8f075e1b8,452
target_centrality,T:6878687,152534.0,cnes,A,2022,aim3_target_metrics_v2.parquet,374e15163c404aa19bf8453d170490862689d4b0db1c5d34b0e6dea8f075e1b8,66
target_centrality,T:7066376,2390.0,cnes,A,2022,aim3_target_metrics_v2.parquet,374e15163c404aa19bf8453d170490862689d4b0db1c5d34b0e6dea8f075e1b8,13
target_centrality,T:7068336,31179.0,cnes,A,2022,aim3_target_metrics_v2.parquet,374e15163c404aa19bf8453d170490862689d4b0db1c5d34b0e6dea8f075e1b8,34
target_centrality,T:7257406,6701.5,cnes,A,2022,aim3_target_metrics_v2.parquet,374e15163c404aa19bf8453d170490862689d4b0db1c5d34b0e6dea8f075e1b8,109
target_centrality,T:7373465,0.0,cnes,A,2022,aim3_target_metrics_v2.parquet,374e15163c404aa19bf8453d170490862689d4b0db1c5d34b0e6dea8f075e1b8,107
target_centrality,T:7498810,341507.0,cnes,A,2022,aim3_target_metrics_v2.parquet,374e15163c404aa19bf8453d170490862689d4b0db1c5d34b0e6dea8f075e1b8,329
target_centrality,T:7513151,0.0,cnes,A,2022,aim3_target_metrics_v2.parquet,374e15163c404aa19bf8453d170490862689d4b0db1c5d34b0e6dea8f075e1b8,<5
target_centrality,T:7564546,17831.5,cnes,A,2022,aim3_target_metrics_v2.parquet,374e15163c404aa19bf8453d170490862689d4b0db1c5d34b0e6dea8f075e1b8,57
target_centrality,T:7743068,105979.5,cnes,A,2022,aim3_target_metrics_v2.parquet,374e15163c404aa19bf8453d170490862689d4b0db1c5d34b0e6dea8f075e1b8,165
target_centrality,T:7866801,333466.5,cnes,A,2022,aim3_target_metrics_v2.parquet,374e15163c404aa19bf8453d170490862689d4b0db1c5d34b0e6dea8f075e1b8,309
target_centrality,T:7967012,0.0,cnes,A,2022,aim3_target_metrics_v2.parquet,374e15163c404aa19bf8453d170490862689d4b0db1c5d34b0e6dea8f075e1b8,<5
target_centrality,T:9065768,0.0,cnes,A,2022,aim3_target_metrics_v2.parquet,374e15163c404aa19bf8453d170490862689d4b0db1c5d34b0e6dea8f075e1b8,<5
target_centrality,T:9209352,59633.0,cnes,A,2022,aim3_target_metrics_v2.parquet,374e15163c404aa19bf8453d170490862689d4b0db1c5d34b0e6dea8f075e1b8,75
target_centrality,T:9425802,26909.0,cnes,A,2022,aim3_target_metrics_v2.parquet,374e15163c404aa19bf8453d170490862689d4b0db1c5d34b0e6dea8f075e1b8,18
target_centrality,T:9443665,32529.0,cnes,A,2022,aim3_target_metrics_v2.parquet,374e15163c404aa19bf8453d170490862689d4b0db1c5d34b0e6dea8f075e1b8,228
target_centrality,T:9491112,65654.0,cnes,A,2022,aim3_target_metrics_v2.parquet,374e15163c404aa19bf8453d170490862689d4b0db1c5d34b0e6dea8f075e1b8,114
target_centrality,T:9491252,6038.0,cnes,A,2022,aim3_target_metrics_v2.parquet,374e15163c404aa19bf8453d170490862689d4b0db1c5d34b0e6dea8f075e1b8,15
target_centrality,T:9575936,117011.0,cnes,A,2022,aim3_target_metrics_v2.parquet,374e15163c404aa19bf8453d170490862689d4b0db1c5d34b0e6dea8f075e1b8,150
target_centrality,T:9680977,0.0,cnes,A,2022,aim3_target_metrics_v2.parquet,374e15163c404aa19bf8453d170490862689d4b0db1c5d34b0e6dea8f075e1b8,6
target_centrality,T:9917322,2234.0,cnes,A,2022,aim3_target_metrics_v2.parquet,374e15163c404aa19bf8453d170490862689d4b0db1c5d34b0e6dea8f075e1b8,<5
target_centrality,T:0000396,2705.0,cnes,A,2023,aim3_target_metrics_v2.parquet,374e15163c404aa19bf8453d170490862689d4b0db1c5d34b0e6dea8f075e1b8,12
target_centrality,T:0000418,2786.0,cnes,A,2023,aim3_target_metrics_v2.parquet,374e15163c404aa19bf8453d170490862689d4b0db1c5d34b0e6dea8f075e1b8,5
target_centrality,T:0000426,0.0,cnes,A,2023,aim3_target_metrics_v2.parquet,374e15163c404aa19bf8453d170490862689d4b0db1c5d34b0e6dea8f075e1b8,5
target_centrality,T:0000434,30934.0,cnes,A,2023,aim3_target_metrics_v2.parquet,374e15163c404aa19bf8453d170490862689d4b0db1c5d34b0e6dea8f075e1b8,59
target_centrality,T:0000477,394646.5,cnes,A,2023,aim3_target_metrics_v2.parquet,374e15163c404aa19bf8453d170490862689d4b0db1c5d34b0e6dea8f075e1b8,74
target_centrality,T:0000655,233886.5,cnes,A,2023,aim3_target_metrics_v2.parquet,374e15163c404aa19bf8453d170490862689d4b0db1c5d34b0e6dea8f075e1b8,60
target_centrality,T:0002283,102455.5,cnes,A,2023,aim3_target_metrics_v2.parquet,374e15163c404aa19bf8453d170490862689d4b0db1c5d34b0e6dea8f075e1b8,140
target_centrality,T:0002534,5571.0,cnes,A,2023,aim3_target_metrics_v2.parquet,374e15163c404aa19bf8453d170490862689d4b0db1c5d34b0e6dea8f075e1b8,12
target_centrality,T:0003816,16649.5,cnes,A,2023,aim3_target_metrics_v2.parquet,374e15163c404aa19bf8453d170490862689d4b0db1c5d34b0e6dea8f075e1b8,39
target_centrality,T:0003859,1207538.0,cnes,A,2023,aim3_target_metrics_v2.parquet,374e15163c404aa19bf8453d170490862689d4b0db1c5d34b0e6dea8f075e1b8,566
target_centrality,T:0004251,11138.0,cnes,A,2023,aim3_target_metrics_v2.parquet,374e15163c404aa19bf8453d170490862689d4b0db1c5d34b0e6dea8f075e1b8,19
target_centrality,T:0008052,455.0,cnes,A,2023,aim3_target_metrics_v2.parquet,374e15163c404aa19bf8453d170490862689d4b0db1c5d34b0e6dea8f075e1b8,23
target_centrality,T:0009628,37.5,cnes,A,2023,aim3_target_metrics_v2.parquet,374e15163c404aa19bf8453d170490862689d4b0db1c5d34b0e6dea8f075e1b8,60
target_centrality,T:0009709,8537.5,cnes,A,2023,aim3_target_metrics_v2.parquet,374e15163c404aa19bf8453d170490862689d4b0db1c5d34b0e6dea8f075e1b8,40
target_centrality,T:0009717,4116.5,cnes,A,2023,aim3_target_metrics_v2.parquet,374e15163c404aa19bf8453d170490862689d4b0db1c5d34b0e6dea8f075e1b8,87
target_centrality,T:0009725,34899.5,cnes,A,2023,aim3_target_metrics_v2.parquet,374e15163c404aa19bf8453d170490862689d4b0db1c5d34b0e6dea8f075e1b8,75
target_centrality,T:0010456,2611.0,cnes,A,2023,aim3_target_metrics_v2.parquet,374e15163c404aa19bf8453d170490862689d4b0db1c5d34b0e6dea8f075e1b8,23
target_centrality,T:0010472,0.0,cnes,A,2023,aim3_target_metrics_v2.parquet,374e15163c404aa19bf8453d170490862689d4b0db1c5d34b0e6dea8f075e1b8,<5
target_centrality,T:0010499,5571.0,cnes,A,2023,aim3_target_metrics_v2.parquet,374e15163c404aa19bf8453d170490862689d4b0db1c5d34b0e6dea8f075e1b8,57
target_centrality,T:0010502,0.0,cnes,A,2023,aim3_target_metrics_v2.parquet,374e15163c404aa19bf8453d170490862689d4b0db1c5d34b0e6dea8f075e1b8,<5
target_centrality,T:0010510,2587.0,cnes,A,2023,aim3_target_metrics_v2.parquet,374e15163c404aa19bf8453d170490862689d4b0db1c5d34b0e6dea8f075e1b8,12
target_centrality,T:0011746,13709.0,cnes,A,2023,aim3_target_metrics_v2.parquet,374e15163c404aa19bf8453d170490862689d4b0db1c5d34b0e6dea8f075e1b8,56
target_centrality,T:0012505,0.0,cnes,A,2023,aim3_target_metrics_v2.parquet,374e15163c404aa19bf8453d170490862689d4b0db1c5d34b0e6dea8f075e1b8,31
target_centrality,T:0012521,0.0,cnes,A,2023,aim3_target_metrics_v2.parquet,374e15163c404aa19bf8453d170490862689d4b0db1c5d34b0e6dea8f075e1b8,<5
target_centrality,T:0013633,38266.5,cnes,A,2023,aim3_target_metrics_v2.parquet,374e15163c404aa19bf8453d170490862689d4b0db1c5d34b0e6dea8f075e1b8,32
target_centrality,T:0014109,40116.0,cnes,A,2023,aim3_target_metrics_v2.parquet,374e15163c404aa19bf8453d170490862689d4b0db1c5d34b0e6dea8f075e1b8,42
target_centrality,T:0015245,66549.0,cnes,A,2023,aim3_target_metrics_v2.parquet,374e15163c404aa19bf8453d170490862689d4b0db1c5d34b0e6dea8f075e1b8,60
target_centrality,T:0015369,2786.0,cnes,A,2023,aim3_target_metrics_v2.parquet,374e15163c404aa19bf8453d170490862689d4b0db1c5d34b0e6dea8f075e1b8,20
target_centrality,T:0015407,13583.0,cnes,A,2023,aim3_target_metrics_v2.parquet,374e15163c404aa19bf8453d170490862689d4b0db1c5d34b0e6dea8f075e1b8,45
target_centrality,T:0015423,0.0,cnes,A,2023,aim3_target_metrics_v2.parquet,374e15163c404aa19bf8453d170490862689d4b0db1c5d34b0e6dea8f075e1b8,9
target_centrality,T:0015563,45081.0,cnes,A,2023,aim3_target_metrics_v2.parquet,374e15163c404aa19bf8453d170490862689d4b0db1c5d34b0e6dea8f075e1b8,11
target_centrality,T:0015644,39983.0,cnes,A,2023,aim3_target_metrics_v2.parquet,374e15163c404aa19bf8453d170490862689d4b0db1c5d34b0e6dea8f075e1b8,36
target_centrality,T:0026859,5593.0,cnes,A,2023,aim3_target_metrics_v2.parquet,374e15163c404aa19bf8453d170490862689d4b0db1c5d34b0e6dea8f075e1b8,17
target_centrality,T:0027014,325260.0,cnes,A,2023,aim3_target_metrics_v2.parquet,374e15163c404aa19bf8453d170490862689d4b0db1c5d34b0e6dea8f075e1b8,275
target_centrality,T:0027049,58266.0,cnes,A,2023,aim3_target_metrics_v2.parquet,374e15163c404aa19bf8453d170490862689d4b0db1c5d34b0e6dea8f075e1b8,106
target_centrality,T:0027863,5701.0,cnes,A,2023,aim3_target_metrics_v2.parquet,374e15163c404aa19bf8453d170490862689d4b0db1c5d34b0e6dea8f075e1b8,60
target_centrality,T:0086673,2786.0,cnes,A,2023,aim3_target_metrics_v2.parquet,374e15163c404aa19bf8453d170490862689d4b0db1c5d34b0e6dea8f075e1b8,21
target_centrality,T:0092894,5595.5,cnes,A,2023,aim3_target_metrics_v2.parquet,374e15163c404aa19bf8453d170490862689d4b0db1c5d34b0e6dea8f075e1b8,22
target_centrality,T:0136581,52764.0,cnes,A,2023,aim3_target_metrics_v2.parquet,374e15163c404aa19bf8453d170490862689d4b0db1c5d34b0e6dea8f075e1b8,40
target_centrality,T:0179817,0.0,cnes,A,2023,aim3_target_metrics_v2.parquet,374e15163c404aa19bf8453d170490862689d4b0db1c5d34b0e6dea8f075e1b8,<5
target_centrality,T:0220337,5572.0,cnes,A,2023,aim3_target_metrics_v2.parquet,374e15163c404aa19bf8453d170490862689d4b0db1c5d34b0e6dea8f075e1b8,5
target_centrality,T:0547484,0.0,cnes,A,2023,aim3_target_metrics_v2.parquet,374e15163c404aa19bf8453d170490862689d4b0db1c5d34b0e6dea8f075e1b8,<5
target_centrality,T:2012677,0.0,cnes,A,2023,aim3_target_metrics_v2.parquet,374e15163c404aa19bf8453d170490862689d4b0db1c5d34b0e6dea8f075e1b8,9
target_centrality,T:2012685,0.0,cnes,A,2023,aim3_target_metrics_v2.parquet,374e15163c404aa19bf8453d170490862689d4b0db1c5d34b0e6dea8f075e1b8,<5
target_centrality,T:2013649,44455.5,cnes,A,2023,aim3_target_metrics_v2.parquet,374e15163c404aa19bf8453d170490862689d4b0db1c5d34b0e6dea8f075e1b8,265
target_centrality,T:2017644,0.0,cnes,A,2023,aim3_target_metrics_v2.parquet,374e15163c404aa19bf8453d170490862689d4b0db1c5d34b0e6dea8f075e1b8,14
target_centrality,T:2019574,2786.0,cnes,A,2023,aim3_target_metrics_v2.parquet,374e15163c404aa19bf8453d170490862689d4b0db1c5d34b0e6dea8f075e1b8,12
target_centrality,T:2020890,6.0,cnes,A,2023,aim3_target_metrics_v2.parquet,374e15163c404aa19bf8453d170490862689d4b0db1c5d34b0e6dea8f075e1b8,49
target_centrality,T:2024691,16350.0,cnes,A,2023,aim3_target_metrics_v2.parquet,374e15163c404aa19bf8453d170490862689d4b0db1c5d34b0e6dea8f075e1b8,35
target_centrality,T:2025507,27856.0,cnes,A,2023,aim3_target_metrics_v2.parquet,374e15163c404aa19bf8453d170490862689d4b0db1c5d34b0e6dea8f075e1b8,34
target_centrality,T:2025752,2.0,cnes,A,2023,aim3_target_metrics_v2.parquet,374e15163c404aa19bf8453d170490862689d4b0db1c5d34b0e6dea8f075e1b8,55
target_centrality,T:2066092,0.0,cnes,A,2023,aim3_target_metrics_v2.parquet,374e15163c404aa19bf8453d170490862689d4b0db1c5d34b0e6dea8f075e1b8,94
target_centrality,T:2077396,355327.0,cnes,A,2023,aim3_target_metrics_v2.parquet,374e15163c404aa19bf8453d170490862689d4b0db1c5d34b0e6dea8f075e1b8,389
target_centrality,T:2077477,309217.0,cnes,A,2023,aim3_target_metrics_v2.parquet,374e15163c404aa19bf8453d170490862689d4b0db1c5d34b0e6dea8f075e1b8,109
target_centrality,T:2077485,5103.0,cnes,A,2023,aim3_target_metrics_v2.parquet,374e15163c404aa19bf8453d170490862689d4b0db1c5d34b0e6dea8f075e1b8,69
target_centrality,T:2077523,0.0,cnes,A,2023,aim3_target_metrics_v2.parquet,374e15163c404aa19bf8453d170490862689d4b0db1c5d34b0e6dea8f075e1b8,8
target_centrality,T:2077531,0.0,cnes,A,2023,aim3_target_metrics_v2.parquet,374e15163c404aa19bf8453d170490862689d4b0db1c5d34b0e6dea8f075e1b8,<5
target_centrality,T:2077590,0.0,cnes,A,2023,aim3_target_metrics_v2.parquet,374e15163c404aa19bf8453d170490862689d4b0db1c5d34b0e6dea8f075e1b8,<5
target_centrality,T:2078015,1099605.8333333335,cnes,A,2023,aim3_target_metrics_v2.parquet,374e15163c404aa19bf8453d170490862689d4b0db1c5d34b0e6dea8f075e1b8,655
target_centrality,T:2078287,0.0,cnes,A,2023,aim3_target_metrics_v2.parquet,374e15163c404aa19bf8453d170490862689d4b0db1c5d34b0e6dea8f075e1b8,<5
target_centrality,T:2078775,8355.0,cnes,A,2023,aim3_target_metrics_v2.parquet,374e15163c404aa19bf8453d170490862689d4b0db1c5d34b0e6dea8f075e1b8,11
target_centrality,T:2079798,423355.0833333334,cnes,A,2023,aim3_target_metrics_v2.parquet,374e15163c404aa19bf8453d170490862689d4b0db1c5d34b0e6dea8f075e1b8,221
target_centrality,T:2079828,2786.0,cnes,A,2023,aim3_target_metrics_v2.parquet,374e15163c404aa19bf8453d170490862689d4b0db1c5d34b0e6dea8f075e1b8,59
target_centrality,T:2079917,0.0,cnes,A,2023,aim3_target_metrics_v2.parquet,374e15163c404aa19bf8453d170490862689d4b0db1c5d34b0e6dea8f075e1b8,<5
target_centrality,T:2080338,11.0,cnes,A,2023,aim3_target_metrics_v2.parquet,374e15163c404aa19bf8453d170490862689d4b0db1c5d34b0e6dea8f075e1b8,70
target_centrality,T:2080346,0.0,cnes,A,2023,aim3_target_metrics_v2.parquet,374e15163c404aa19bf8453d170490862689d4b0db1c5d34b0e6dea8f075e1b8,88
target_centrality,T:2080532,0.0,cnes,A,2023,aim3_target_metrics_v2.parquet,374e15163c404aa19bf8453d170490862689d4b0db1c5d34b0e6dea8f075e1b8,17
target_centrality,T:2081253,0.0,cnes,A,2023,aim3_target_metrics_v2.parquet,374e15163c404aa19bf8453d170490862689d4b0db1c5d34b0e6dea8f075e1b8,9
target_centrality,T:2081377,27816.0,cnes,A,2023,aim3_target_metrics_v2.parquet,374e15163c404aa19bf8453d170490862689d4b0db1c5d34b0e6dea8f075e1b8,42
target_centrality,T:2081458,18505.0,cnes,A,2023,aim3_target_metrics_v2.parquet,374e15163c404aa19bf8453d170490862689d4b0db1c5d34b0e6dea8f075e1b8,91
target_centrality,T:2081490,0.0,cnes,A,2023,aim3_target_metrics_v2.parquet,374e15163c404aa19bf8453d170490862689d4b0db1c5d34b0e6dea8f075e1b8,<5
target_centrality,T:2081512,0.0,cnes,A,2023,aim3_target_metrics_v2.parquet,374e15163c404aa19bf8453d170490862689d4b0db1c5d34b0e6dea8f075e1b8,<5
target_centrality,T:2081695,43631.5,cnes,A,2023,aim3_target_metrics_v2.parquet,374e15163c404aa19bf8453d170490862689d4b0db1c5d34b0e6dea8f075e1b8,111
target_centrality,T:2082187,156363.41666666657,cnes,A,2023,aim3_target_metrics_v2.parquet,374e15163c404aa19bf8453d170490862689d4b0db1c5d34b0e6dea8f075e1b8,162
target_centrality,T:2082594,0.0,cnes,A,2023,aim3_target_metrics_v2.parquet,374e15163c404aa19bf8453d170490862689d4b0db1c5d34b0e6dea8f075e1b8,10
target_centrality,T:2082861,16023.0,cnes,A,2023,aim3_target_metrics_v2.parquet,374e15163c404aa19bf8453d170490862689d4b0db1c5d34b0e6dea8f075e1b8,21
target_centrality,T:2083086,10806.750000000136,cnes,A,2023,aim3_target_metrics_v2.parquet,374e15163c404aa19bf8453d170490862689d4b0db1c5d34b0e6dea8f075e1b8,15
target_centrality,T:2083094,71721.0,cnes,A,2023,aim3_target_metrics_v2.parquet,374e15163c404aa19bf8453d170490862689d4b0db1c5d34b0e6dea8f075e1b8,46
target_centrality,T:2083116,15259.0,cnes,A,2023,aim3_target_metrics_v2.parquet,374e15163c404aa19bf8453d170490862689d4b0db1c5d34b0e6dea8f075e1b8,8
target_centrality,T:2087057,5114.5,cnes,A,2023,aim3_target_metrics_v2.parquet,374e15163c404aa19bf8453d170490862689d4b0db1c5d34b0e6dea8f075e1b8,35
target_centrality,T:2087111,2786.0,cnes,A,2023,aim3_target_metrics_v2.parquet,374e15163c404aa19bf8453d170490862689d4b0db1c5d34b0e6dea8f075e1b8,9
target_centrality,T:2088576,2786.0,cnes,A,2023,aim3_target_metrics_v2.parquet,374e15163c404aa19bf8453d170490862689d4b0db1c5d34b0e6dea8f075e1b8,17
target_centrality,T:2089327,16705.5,cnes,A,2023,aim3_target_metrics_v2.parquet,374e15163c404aa19bf8453d170490862689d4b0db1c5d34b0e6dea8f075e1b8,30
target_centrality,T:2090236,1047390.2500000001,cnes,A,2023,aim3_target_metrics_v2.parquet,374e15163c404aa19bf8453d170490862689d4b0db1c5d34b0e6dea8f075e1b8,191
target_centrality,T:2092611,2786.5,cnes,A,2023,aim3_target_metrics_v2.parquet,374e15163c404aa19bf8453d170490862689d4b0db1c5d34b0e6dea8f075e1b8,26
target_centrality,T:2096412,2786.0,cnes,A,2023,aim3_target_metrics_v2.parquet,374e15163c404aa19bf8453d170490862689d4b0db1c5d34b0e6dea8f075e1b8,28
target_centrality,T:2100754,2786.0,cnes,A,2023,aim3_target_metrics_v2.parquet,374e15163c404aa19bf8453d170490862689d4b0db1c5d34b0e6dea8f075e1b8,5
target_centrality,T:2105780,2787.0,cnes,A,2023,aim3_target_metrics_v2.parquet,374e15163c404aa19bf8453d170490862689d4b0db1c5d34b0e6dea8f075e1b8,6
target_centrality,T:2109867,23142.0,cnes,A,2023,aim3_target_metrics_v2.parquet,374e15163c404aa19bf8453d170490862689d4b0db1c5d34b0e6dea8f075e1b8,16
target_centrality,T:2111624,47150.0,cnes,A,2023,aim3_target_metrics_v2.parquet,374e15163c404aa19bf8453d170490862689d4b0db1c5d34b0e6dea8f075e1b8,71
target_centrality,T:2118661,36140.0,cnes,A,2023,aim3_target_metrics_v2.parquet,374e15163c404aa19bf8453d170490862689d4b0db1c5d34b0e6dea8f075e1b8,48
target_centrality,T:2127989,62052.0,cnes,A,2023,aim3_target_metrics_v2.parquet,374e15163c404aa19bf8453d170490862689d4b0db1c5d34b0e6dea8f075e1b8,99
target_centrality,T:2129566,0.0,cnes,A,2023,aim3_target_metrics_v2.parquet,374e15163c404aa19bf8453d170490862689d4b0db1c5d34b0e6dea8f075e1b8,28
target_centrality,T:2144298,0.0,cnes,A,2023,aim3_target_metrics_v2.parquet,374e15163c404aa19bf8453d170490862689d4b0db1c5d34b0e6dea8f075e1b8,<5
target_centrality,T:2146355,29971.5,cnes,A,2023,aim3_target_metrics_v2.parquet,374e15163c404aa19bf8453d170490862689d4b0db1c5d34b0e6dea8f075e1b8,89
target_centrality,T:2149990,27572.0,cnes,A,2023,aim3_target_metrics_v2.parquet,374e15163c404aa19bf8453d170490862689d4b0db1c5d34b0e6dea8f075e1b8,35
target_centrality,T:2171945,30591.0,cnes,A,2023,aim3_target_metrics_v2.parquet,374e15163c404aa19bf8453d170490862689d4b0db1c5d34b0e6dea8f075e1b8,25
target_centrality,T:2171988,52673.0,cnes,A,2023,aim3_target_metrics_v2.parquet,374e15163c404aa19bf8453d170490862689d4b0db1c5d34b0e6dea8f075e1b8,27
target_centrality,T:2195437,8401.0,cnes,A,2023,aim3_target_metrics_v2.parquet,374e15163c404aa19bf8453d170490862689d4b0db1c5d34b0e6dea8f075e1b8,10
target_centrality,T:2195453,77551.0,cnes,A,2023,aim3_target_metrics_v2.parquet,374e15163c404aa19bf8453d170490862689d4b0db1c5d34b0e6dea8f075e1b8,57
target_centrality,T:2205440,0.0,cnes,A,2023,aim3_target_metrics_v2.parquet,374e15163c404aa19bf8453d170490862689d4b0db1c5d34b0e6dea8f075e1b8,<5
target_centrality,T:2208857,2786.0,cnes,A,2023,aim3_target_metrics_v2.parquet,374e15163c404aa19bf8453d170490862689d4b0db1c5d34b0e6dea8f075e1b8,<5
target_centrality,T:2218798,8373.0,cnes,A,2023,aim3_target_metrics_v2.parquet,374e15163c404aa19bf8453d170490862689d4b0db1c5d34b0e6dea8f075e1b8,30
target_centrality,T:2219646,14176.0,cnes,A,2023,aim3_target_metrics_v2.parquet,374e15163c404aa19bf8453d170490862689d4b0db1c5d34b0e6dea8f075e1b8,17
target_centrality,T:2219654,19481.0,cnes,A,2023,aim3_target_metrics_v2.parquet,374e15163c404aa19bf8453d170490862689d4b0db1c5d34b0e6dea8f075e1b8,24
target_centrality,T:2223538,98451.0,cnes,A,2023,aim3_target_metrics_v2.parquet,374e15163c404aa19bf8453d170490862689d4b0db1c5d34b0e6dea8f075e1b8,96
target_centrality,T:2223546,0.0,cnes,A,2023,aim3_target_metrics_v2.parquet,374e15163c404aa19bf8453d170490862689d4b0db1c5d34b0e6dea8f075e1b8,27
target_centrality,T:2237253,445982.5,cnes,A,2023,aim3_target_metrics_v2.parquet,374e15163c404aa19bf8453d170490862689d4b0db1c5d34b0e6dea8f075e1b8,127
target_centrality,T:2237571,143696.0,cnes,A,2023,aim3_target_metrics_v2.parquet,374e15163c404aa19bf8453d170490862689d4b0db1c5d34b0e6dea8f075e1b8,219
target_centrality,T:2237601,187707.5,cnes,A,2023,aim3_target_metrics_v2.parquet,374e15163c404aa19bf8453d170490862689d4b0db1c5d34b0e6dea8f075e1b8,135
target_centrality,T:2244306,44458.5,cnes,A,2023,aim3_target_metrics_v2.parquet,374e15163c404aa19bf8453d170490862689d4b0db1c5d34b0e6dea8f075e1b8,125
target_centrality,T:2246929,20144.5,cnes,A,2023,aim3_target_metrics_v2.parquet,374e15163c404aa19bf8453d170490862689d4b0db1c5d34b0e6dea8f075e1b8,33
target_centrality,T:2246988,46464.5,cnes,A,2023,aim3_target_metrics_v2.parquet,374e15163c404aa19bf8453d170490862689d4b0db1c5d34b0e6dea8f075e1b8,29
target_centrality,T:2252694,2786.0,cnes,A,2023,aim3_target_metrics_v2.parquet,374e15163c404aa19bf8453d170490862689d4b0db1c5d34b0e6dea8f075e1b8,21
target_centrality,T:2255936,0.0,cnes,A,2023,aim3_target_metrics_v2.parquet,374e15163c404aa19bf8453d170490862689d4b0db1c5d34b0e6dea8f075e1b8,18
target_centrality,T:2257645,50880.0,cnes,A,2023,aim3_target_metrics_v2.parquet,374e15163c404aa19bf8453d170490862689d4b0db1c5d34b0e6dea8f075e1b8,87
target_centrality,T:2262568,9553.0,cnes,A,2023,aim3_target_metrics_v2.parquet,374e15163c404aa19bf8453d170490862689d4b0db1c5d34b0e6dea8f075e1b8,65
target_centrality,T:2265052,0.0,cnes,A,2023,aim3_target_metrics_v2.parquet,374e15163c404aa19bf8453d170490862689d4b0db1c5d34b0e6dea8f075e1b8,<5
target_centrality,T:2269384,0.0,cnes,A,2023,aim3_target_metrics_v2.parquet,374e15163c404aa19bf8453d170490862689d4b0db1c5d34b0e6dea8f075e1b8,40
target_centrality,T:2269481,70048.0,cnes,A,2023,aim3_target_metrics_v2.parquet,374e15163c404aa19bf8453d170490862689d4b0db1c5d34b0e6dea8f075e1b8,125
target_centrality,T:2269783,0.0,cnes,A,2023,aim3_target_metrics_v2.parquet,374e15163c404aa19bf8453d170490862689d4b0db1c5d34b0e6dea8f075e1b8,15
target_centrality,T:2269880,0.0,cnes,A,2023,aim3_target_metrics_v2.parquet,374e15163c404aa19bf8453d170490862689d4b0db1c5d34b0e6dea8f075e1b8,10
target_centrality,T:2270269,0.0,cnes,A,2023,aim3_target_metrics_v2.parquet,374e15163c404aa19bf8453d170490862689d4b0db1c5d34b0e6dea8f075e1b8,<5
target_centrality,T:2273411,5566.0,cnes,A,2023,aim3_target_metrics_v2.parquet,374e15163c404aa19bf8453d170490862689d4b0db1c5d34b0e6dea8f075e1b8,44
target_centrality,T:2273659,0.0,cnes,A,2023,aim3_target_metrics_v2.parquet,374e15163c404aa19bf8453d170490862689d4b0db1c5d34b0e6dea8f075e1b8,<5
target_centrality,T:2275562,2787.0,cnes,A,2023,aim3_target_metrics_v2.parquet,374e15163c404aa19bf8453d170490862689d4b0db1c5d34b0e6dea8f075e1b8,83
target_centrality,T:2278855,2786.0,cnes,A,2023,aim3_target_metrics_v2.parquet,374e15163c404aa19bf8453d170490862689d4b0db1c5d34b0e6dea8f075e1b8,5
target_centrality,T:2280167,773119.0,cnes,A,2023,aim3_target_metrics_v2.parquet,374e15163c404aa19bf8453d170490862689d4b0db1c5d34b0e6dea8f075e1b8,463
target_centrality,T:2287250,2786.0,cnes,A,2023,aim3_target_metrics_v2.parquet,374e15163c404aa19bf8453d170490862689d4b0db1c5d34b0e6dea8f075e1b8,55
target_centrality,T:2295415,3069.0,cnes,A,2023,aim3_target_metrics_v2.parquet,374e15163c404aa19bf8453d170490862689d4b0db1c5d34b0e6dea8f075e1b8,65
target_centrality,T:2295423,3836.0,cnes,A,2023,aim3_target_metrics_v2.parquet,374e15163c404aa19bf8453d170490862689d4b0db1c5d34b0e6dea8f075e1b8,90
target_centrality,T:2298031,513774.0,cnes,A,2023,aim3_target_metrics_v2.parquet,374e15163c404aa19bf8453d170490862689d4b0db1c5d34b0e6dea8f075e1b8,117
target_centrality,T:2301318,5626.0,cnes,A,2023,aim3_target_metrics_v2.parquet,374e15163c404aa19bf8453d170490862689d4b0db1c5d34b0e6dea8f075e1b8,25
target_centrality,T:2301830,276269.0,cnes,A,2023,aim3_target_metrics_v2.parquet,374e15163c404aa19bf8453d170490862689d4b0db1c5d34b0e6dea8f075e1b8,98
target_centrality,T:2323249,0.0,cnes,A,2023,aim3_target_metrics_v2.parquet,374e15163c404aa19bf8453d170490862689d4b0db1c5d34b0e6dea8f075e1b8,<5
target_centrality,T:2332981,15507.0,cnes,A,2023,aim3_target_metrics_v2.parquet,374e15163c404aa19bf8453d170490862689d4b0db1c5d34b0e6dea8f075e1b8,22
target_centrality,T:2333031,2786.0,cnes,A,2023,aim3_target_metrics_v2.parquet,374e15163c404aa19bf8453d170490862689d4b0db1c5d34b0e6dea8f075e1b8,<5
target_centrality,T:2334321,38730.0,cnes,A,2023,aim3_target_metrics_v2.parquet,374e15163c404aa19bf8453d170490862689d4b0db1c5d34b0e6dea8f075e1b8,23
target_centrality,T:2338424,0.0,cnes,A,2023,aim3_target_metrics_v2.parquet,374e15163c404aa19bf8453d170490862689d4b0db1c5d34b0e6dea8f075e1b8,<5
target_centrality,T:2338734,72044.5,cnes,A,2023,aim3_target_metrics_v2.parquet,374e15163c404aa19bf8453d170490862689d4b0db1c5d34b0e6dea8f075e1b8,121
target_centrality,T:2339110,320030.0,cnes,A,2023,aim3_target_metrics_v2.parquet,374e15163c404aa19bf8453d170490862689d4b0db1c5d34b0e6dea8f075e1b8,118
target_centrality,T:2340690,0.0,cnes,A,2023,aim3_target_metrics_v2.parquet,374e15163c404aa19bf8453d170490862689d4b0db1c5d34b0e6dea8f075e1b8,6
target_centrality,T:2362856,16704.0,cnes,A,2023,aim3_target_metrics_v2.parquet,374e15163c404aa19bf8453d170490862689d4b0db1c5d34b0e6dea8f075e1b8,9
target_centrality,T:2379333,262501.5,cnes,A,2023,aim3_target_metrics_v2.parquet,374e15163c404aa19bf8453d170490862689d4b0db1c5d34b0e6dea8f075e1b8,32
target_centrality,T:2384299,144338.0,cnes,A,2023,aim3_target_metrics_v2.parquet,374e15163c404aa19bf8453d170490862689d4b0db1c5d34b0e6dea8f075e1b8,100
target_centrality,T:2396866,9305.5,cnes,A,2023,aim3_target_metrics_v2.parquet,374e15163c404aa19bf8453d170490862689d4b0db1c5d34b0e6dea8f075e1b8,50
target_centrality,T:2399555,8371.333333333332,cnes,A,2023,aim3_target_metrics_v2.parquet,374e15163c404aa19bf8453d170490862689d4b0db1c5d34b0e6dea8f075e1b8,29
target_centrality,T:2400243,27808.833333333332,cnes,A,2023,aim3_target_metrics_v2.parquet,374e15163c404aa19bf8453d170490862689d4b0db1c5d34b0e6dea8f075e1b8,35
target_centrality,T:2400324,121258.83333333333,cnes,A,2023,aim3_target_metrics_v2.parquet,374e15163c404aa19bf8453d170490862689d4b0db1c5d34b0e6dea8f075e1b8,46
target_centrality,T:2400693,38923.5,cnes,A,2023,aim3_target_metrics_v2.parquet,374e15163c404aa19bf8453d170490862689d4b0db1c5d34b0e6dea8f075e1b8,69
target_centrality,T:2402076,2786.0,cnes,A,2023,aim3_target_metrics_v2.parquet,374e15163c404aa19bf8453d170490862689d4b0db1c5d34b0e6dea8f075e1b8,<5
target_centrality,T:2409194,4178.0,cnes,A,2023,aim3_target_metrics_v2.parquet,374e15163c404aa19bf8453d170490862689d4b0db1c5d34b0e6dea8f075e1b8,24
target_centrality,T:2427419,22492.0,cnes,A,2023,aim3_target_metrics_v2.parquet,374e15163c404aa19bf8453d170490862689d4b0db1c5d34b0e6dea8f075e1b8,96
target_centrality,T:2436450,2786.0,cnes,A,2023,aim3_target_metrics_v2.parquet,374e15163c404aa19bf8453d170490862689d4b0db1c5d34b0e6dea8f075e1b8,27
target_centrality,T:2436469,38162.0,cnes,A,2023,aim3_target_metrics_v2.parquet,374e15163c404aa19bf8453d170490862689d4b0db1c5d34b0e6dea8f075e1b8,50
target_centrality,T:2439360,5577.0,cnes,A,2023,aim3_target_metrics_v2.parquet,374e15163c404aa19bf8453d170490862689d4b0db1c5d34b0e6dea8f075e1b8,32
target_centrality,T:2464594,185104.3333333333,cnes,A,2023,aim3_target_metrics_v2.parquet,374e15163c404aa19bf8453d170490862689d4b0db1c5d34b0e6dea8f075e1b8,201
target_centrality,T:2485680,38920.5,cnes,A,2023,aim3_target_metrics_v2.parquet,374e15163c404aa19bf8453d170490862689d4b0db1c5d34b0e6dea8f075e1b8,101
target_centrality,T:2486199,0.0,cnes,A,2023,aim3_target_metrics_v2.parquet,374e15163c404aa19bf8453d170490862689d4b0db1c5d34b0e6dea8f075e1b8,<5
target_centrality,T:2491710,2786.0,cnes,A,2023,aim3_target_metrics_v2.parquet,374e15163c404aa19bf8453d170490862689d4b0db1c5d34b0e6dea8f075e1b8,<5
target_centrality,T:2494442,14666.0,cnes,A,2023,aim3_target_metrics_v2.parquet,374e15163c404aa19bf8453d170490862689d4b0db1c5d34b0e6dea8f075e1b8,<5
target_centrality,T:2494450,8625.0,cnes,A,2023,aim3_target_metrics_v2.parquet,374e15163c404aa19bf8453d170490862689d4b0db1c5d34b0e6dea8f075e1b8,12
target_centrality,T:2497654,225430.5,cnes,A,2023,aim3_target_metrics_v2.parquet,374e15163c404aa19bf8453d170490862689d4b0db1c5d34b0e6dea8f075e1b8,603
target_centrality,T:2499363,95284.5,cnes,A,2023,aim3_target_metrics_v2.parquet,374e15163c404aa19bf8453d170490862689d4b0db1c5d34b0e6dea8f075e1b8,515
target_centrality,T:2504332,5571.0,cnes,A,2023,aim3_target_metrics_v2.parquet,374e15163c404aa19bf8453d170490862689d4b0db1c5d34b0e6dea8f075e1b8,<5
target_centrality,T:2547821,2786.0,cnes,A,2023,aim3_target_metrics_v2.parquet,374e15163c404aa19bf8453d170490862689d4b0db1c5d34b0e6dea8f075e1b8,21
target_centrality,T:2550792,3002.0,cnes,A,2023,aim3_target_metrics_v2.parquet,374e15163c404aa19bf8453d170490862689d4b0db1c5d34b0e6dea8f075e1b8,31
target_centrality,T:2555646,8357.5,cnes,A,2023,aim3_target_metrics_v2.parquet,374e15163c404aa19bf8453d170490862689d4b0db1c5d34b0e6dea8f075e1b8,14
target_centrality,T:2558246,13937.5,cnes,A,2023,aim3_target_metrics_v2.parquet,374e15163c404aa19bf8453d170490862689d4b0db1c5d34b0e6dea8f075e1b8,21
target_centrality,T:2560771,41649.5,cnes,A,2023,aim3_target_metrics_v2.parquet,374e15163c404aa19bf8453d170490862689d4b0db1c5d34b0e6dea8f075e1b8,49
target_centrality,T:2560852,3.0,cnes,A,2023,aim3_target_metrics_v2.parquet,374e15163c404aa19bf8453d170490862689d4b0db1c5d34b0e6dea8f075e1b8,6
target_centrality,T:2561492,719938.6666666666,cnes,A,2023,aim3_target_metrics_v2.parquet,374e15163c404aa19bf8453d170490862689d4b0db1c5d34b0e6dea8f075e1b8,153
target_centrality,T:2568713,0.0,cnes,A,2023,aim3_target_metrics_v2.parquet,374e15163c404aa19bf8453d170490862689d4b0db1c5d34b0e6dea8f075e1b8,<5
target_centrality,T:2571072,0.0,cnes,A,2023,aim3_target_metrics_v2.parquet,374e15163c404aa19bf8453d170490862689d4b0db1c5d34b0e6dea8f075e1b8,8
target_centrality,T:2576341,24071.0,cnes,A,2023,aim3_target_metrics_v2.parquet,374e15163c404aa19bf8453d170490862689d4b0db1c5d34b0e6dea8f075e1b8,47
target_centrality,T:2577623,5444.5,cnes,A,2023,aim3_target_metrics_v2.parquet,374e15163c404aa19bf8453d170490862689d4b0db1c5d34b0e6dea8f075e1b8,15
target_centrality,T:2580055,66852.33333333344,cnes,A,2023,aim3_target_metrics_v2.parquet,374e15163c404aa19bf8453d170490862689d4b0db1c5d34b0e6dea8f075e1b8,72
target_centrality,T:2586142,35180.0,cnes,A,2023,aim3_target_metrics_v2.parquet,374e15163c404aa19bf8453d170490862689d4b0db1c5d34b0e6dea8f075e1b8,64
target_centrality,T:2587335,8358.0,cnes,A,2023,aim3_target_metrics_v2.parquet,374e15163c404aa19bf8453d170490862689d4b0db1c5d34b0e6dea8f075e1b8,18
target_centrality,T:2591049,13910.0,cnes,A,2023,aim3_target_metrics_v2.parquet,374e15163c404aa19bf8453d170490862689d4b0db1c5d34b0e6dea8f075e1b8,8
target_centrality,T:2600536,1.0,cnes,A,2023,aim3_target_metrics_v2.parquet,374e15163c404aa19bf8453d170490862689d4b0db1c5d34b0e6dea8f075e1b8,<5
target_centrality,T:2646536,45377.5,cnes,A,2023,aim3_target_metrics_v2.parquet,374e15163c404aa19bf8453d170490862689d4b0db1c5d34b0e6dea8f075e1b8,43
target_centrality,T:2651610,173905.5,cnes,A,2023,aim3_target_metrics_v2.parquet,374e15163c404aa19bf8453d170490862689d4b0db1c5d34b0e6dea8f075e1b8,150
target_centrality,T:2653982,1392.5,cnes,A,2023,aim3_target_metrics_v2.parquet,374e15163c404aa19bf8453d170490862689d4b0db1c5d34b0e6dea8f075e1b8,18
target_centrality,T:2686953,23493.0,cnes,A,2023,aim3_target_metrics_v2.parquet,374e15163c404aa19bf8453d170490862689d4b0db1c5d34b0e6dea8f075e1b8,62
target_centrality,T:2688689,0.0,cnes,A,2023,aim3_target_metrics_v2.parquet,374e15163c404aa19bf8453d170490862689d4b0db1c5d34b0e6dea8f075e1b8,129
target_centrality,T:2691841,11132.0,cnes,A,2023,aim3_target_metrics_v2.parquet,374e15163c404aa19bf8453d170490862689d4b0db1c5d34b0e6dea8f075e1b8,59
target_centrality,T:2696940,2786.0,cnes,A,2023,aim3_target_metrics_v2.parquet,374e15163c404aa19bf8453d170490862689d4b0db1c5d34b0e6dea8f075e1b8,9
target_centrality,T:2704900,309981.5833333335,cnes,A,2023,aim3_target_metrics_v2.parquet,374e15163c404aa19bf8453d170490862689d4b0db1c5d34b0e6dea8f075e1b8,69
target_centrality,T:2705982,19580.0,cnes,A,2023,aim3_target_metrics_v2.parquet,374e15163c404aa19bf8453d170490862689d4b0db1c5d34b0e6dea8f075e1b8,62
target_centrality,T:2707675,0.0,cnes,A,2023,aim3_target_metrics_v2.parquet,374e15163c404aa19bf8453d170490862689d4b0db1c5d34b0e6dea8f075e1b8,14
target_centrality,T:2708779,0.0,cnes,A,2023,aim3_target_metrics_v2.parquet,374e15163c404aa19bf8453d170490862689d4b0db1c5d34b0e6dea8f075e1b8,<5
target_centrality,T:2726653,4.5,cnes,A,2023,aim3_target_metrics_v2.parquet,374e15163c404aa19bf8453d170490862689d4b0db1c5d34b0e6dea8f075e1b8,9
target_centrality,T:2726971,52763.5,cnes,A,2023,aim3_target_metrics_v2.parquet,374e15163c404aa19bf8453d170490862689d4b0db1c5d34b0e6dea8f075e1b8,49
target_centrality,T:2733307,8396.0,cnes,A,2023,aim3_target_metrics_v2.parquet,374e15163c404aa19bf8453d170490862689d4b0db1c5d34b0e6dea8f075e1b8,11
target_centrality,T:2738309,2786.0,cnes,A,2023,aim3_target_metrics_v2.parquet,374e15163c404aa19bf8453d170490862689d4b0db1c5d34b0e6dea8f075e1b8,9
target_centrality,T:2738368,37367.0,cnes,A,2023,aim3_target_metrics_v2.parquet,374e15163c404aa19bf8453d170490862689d4b0db1c5d34b0e6dea8f075e1b8,64
target_centrality,T:2740338,74344.0,cnes,A,2023,aim3_target_metrics_v2.parquet,374e15163c404aa19bf8453d170490862689d4b0db1c5d34b0e6dea8f075e1b8,36
target_centrality,T:2743469,44944.5,cnes,A,2023,aim3_target_metrics_v2.parquet,374e15163c404aa19bf8453d170490862689d4b0db1c5d34b0e6dea8f075e1b8,34
target_centrality,T:2743477,2786.0,cnes,A,2023,aim3_target_metrics_v2.parquet,374e15163c404aa19bf8453d170490862689d4b0db1c5d34b0e6dea8f075e1b8,7
target_centrality,T:2748029,2052.5,cnes,A,2023,aim3_target_metrics_v2.parquet,374e15163c404aa19bf8453d170490862689d4b0db1c5d34b0e6dea8f075e1b8,17
target_centrality,T:2748223,61507.916666666664,cnes,A,2023,aim3_target_metrics_v2.parquet,374e15163c404aa19bf8453d170490862689d4b0db1c5d34b0e6dea8f075e1b8,65
target_centrality,T:2752700,245179.5,cnes,A,2023,aim3_target_metrics_v2.parquet,374e15163c404aa19bf8453d170490862689d4b0db1c5d34b0e6dea8f075e1b8,14
target_centrality,T:2755130,79117.0,cnes,A,2023,aim3_target_metrics_v2.parquet,374e15163c404aa19bf8453d170490862689d4b0db1c5d34b0e6dea8f075e1b8,119
target_centrality,T:2756951,0.0,cnes,A,2023,aim3_target_metrics_v2.parquet,374e15163c404aa19bf8453d170490862689d4b0db1c5d34b0e6dea8f075e1b8,22
target_centrality,T:2758164,11155.5,cnes,A,2023,aim3_target_metrics_v2.parquet,374e15163c404aa19bf8453d170490862689d4b0db1c5d34b0e6dea8f075e1b8,32
target_centrality,T:2761092,0.0,cnes,A,2023,aim3_target_metrics_v2.parquet,374e15163c404aa19bf8453d170490862689d4b0db1c5d34b0e6dea8f075e1b8,<5
target_centrality,T:2767953,0.0,cnes,A,2023,aim3_target_metrics_v2.parquet,374e15163c404aa19bf8453d170490862689d4b0db1c5d34b0e6dea8f075e1b8,11
target_centrality,T:2772310,8289.5,cnes,A,2023,aim3_target_metrics_v2.parquet,374e15163c404aa19bf8453d170490862689d4b0db1c5d34b0e6dea8f075e1b8,35
target_centrality,T:2775999,78.0,cnes,A,2023,aim3_target_metrics_v2.parquet,374e15163c404aa19bf8453d170490862689d4b0db1c5d34b0e6dea8f075e1b8,59
target_centrality,T:2776006,0.0,cnes,A,2023,aim3_target_metrics_v2.parquet,374e15163c404aa19bf8453d170490862689d4b0db1c5d34b0e6dea8f075e1b8,<5
target_centrality,T:2781859,105889.66666666693,cnes,A,2023,aim3_target_metrics_v2.parquet,374e15163c404aa19bf8453d170490862689d4b0db1c5d34b0e6dea8f075e1b8,80
target_centrality,T:2786117,47226.0,cnes,A,2023,aim3_target_metrics_v2.parquet,374e15163c404aa19bf8453d170490862689d4b0db1c5d34b0e6dea8f075e1b8,37
target_centrality,T:2786435,325790.0,cnes,A,2023,aim3_target_metrics_v2.parquet,374e15163c404aa19bf8453d170490862689d4b0db1c5d34b0e6dea8f075e1b8,253
target_centrality,T:2790602,82538.25,cnes,A,2023,aim3_target_metrics_v2.parquet,374e15163c404aa19bf8453d170490862689d4b0db1c5d34b0e6dea8f075e1b8,126
target_centrality,T:2791722,14266.166666666464,cnes,A,2023,aim3_target_metrics_v2.parquet,374e15163c404aa19bf8453d170490862689d4b0db1c5d34b0e6dea8f075e1b8,45
target_centrality,T:2792168,0.0,cnes,A,2023,aim3_target_metrics_v2.parquet,374e15163c404aa19bf8453d170490862689d4b0db1c5d34b0e6dea8f075e1b8,13
target_centrality,T:2792176,5578.0,cnes,A,2023,aim3_target_metrics_v2.parquet,374e15163c404aa19bf8453d170490862689d4b0db1c5d34b0e6dea8f075e1b8,38
target_centrality,T:2795655,106693.5,cnes,A,2023,aim3_target_metrics_v2.parquet,374e15163c404aa19bf8453d170490862689d4b0db1c5d34b0e6dea8f075e1b8,37
target_centrality,T:2798298,0.0,cnes,A,2023,aim3_target_metrics_v2.parquet,374e15163c404aa19bf8453d170490862689d4b0db1c5d34b0e6dea8f075e1b8,91
target_centrality,T:2798484,2786.0,cnes,A,2023,aim3_target_metrics_v2.parquet,374e15163c404aa19bf8453d170490862689d4b0db1c5d34b0e6dea8f075e1b8,12
target_centrality,T:2798662,7174.0,cnes,A,2023,aim3_target_metrics_v2.parquet,374e15163c404aa19bf8453d170490862689d4b0db1c5d34b0e6dea8f075e1b8,98
target_centrality,T:2799758,47134.0,cnes,A,2023,aim3_target_metrics_v2.parquet,374e15163c404aa19bf8453d170490862689d4b0db1c5d34b0e6dea8f075e1b8,117
target_centrality,T:2802783,96720.0,cnes,A,2023,aim3_target_metrics_v2.parquet,374e15163c404aa19bf8453d170490862689d4b0db1c5d34b0e6dea8f075e1b8,272
target_centrality,T:2816210,131525.5,cnes,A,2023,aim3_target_metrics_v2.parquet,374e15163c404aa19bf8453d170490862689d4b0db1c5d34b0e6dea8f075e1b8,25
target_centrality,T:2945622,84458.5,cnes,A,2023,aim3_target_metrics_v2.parquet,374e15163c404aa19bf8453d170490862689d4b0db1c5d34b0e6dea8f075e1b8,72
target_centrality,T:3075516,37293.0,cnes,A,2023,aim3_target_metrics_v2.parquet,374e15163c404aa19bf8453d170490862689d4b0db1c5d34b0e6dea8f075e1b8,10
target_centrality,T:3126838,39191.5,cnes,A,2023,aim3_target_metrics_v2.parquet,374e15163c404aa19bf8453d170490862689d4b0db1c5d34b0e6dea8f075e1b8,61
target_centrality,T:3157245,102033.0,cnes,A,2023,aim3_target_metrics_v2.parquet,374e15163c404aa19bf8453d170490862689d4b0db1c5d34b0e6dea8f075e1b8,156
target_centrality,T:3212130,0.0,cnes,A,2023,aim3_target_metrics_v2.parquet,374e15163c404aa19bf8453d170490862689d4b0db1c5d34b0e6dea8f075e1b8,9
target_centrality,T:3285391,63935.5,cnes,A,2023,aim3_target_metrics_v2.parquet,374e15163c404aa19bf8453d170490862689d4b0db1c5d34b0e6dea8f075e1b8,76
target_centrality,T:3972925,0.0,cnes,A,2023,aim3_target_metrics_v2.parquet,374e15163c404aa19bf8453d170490862689d4b0db1c5d34b0e6dea8f075e1b8,<5
target_centrality,T:4001303,5571.0,cnes,A,2023,aim3_target_metrics_v2.parquet,374e15163c404aa19bf8453d170490862689d4b0db1c5d34b0e6dea8f075e1b8,8
target_centrality,T:4028155,10513.0,cnes,A,2023,aim3_target_metrics_v2.parquet,374e15163c404aa19bf8453d170490862689d4b0db1c5d34b0e6dea8f075e1b8,10
target_centrality,T:4042085,2786.0,cnes,A,2023,aim3_target_metrics_v2.parquet,374e15163c404aa19bf8453d170490862689d4b0db1c5d34b0e6dea8f075e1b8,<5
target_centrality,T:4044916,86225.5,cnes,A,2023,aim3_target_metrics_v2.parquet,374e15163c404aa19bf8453d170490862689d4b0db1c5d34b0e6dea8f075e1b8,118
target_centrality,T:4051165,0.0,cnes,A,2023,aim3_target_metrics_v2.parquet,374e15163c404aa19bf8453d170490862689d4b0db1c5d34b0e6dea8f075e1b8,<5
target_centrality,T:4056752,24125.0,cnes,A,2023,aim3_target_metrics_v2.parquet,374e15163c404aa19bf8453d170490862689d4b0db1c5d34b0e6dea8f075e1b8,20
target_centrality,T:4089189,0.0,cnes,A,2023,aim3_target_metrics_v2.parquet,374e15163c404aa19bf8453d170490862689d4b0db1c5d34b0e6dea8f075e1b8,<5
target_centrality,T:4190203,0.0,cnes,A,2023,aim3_target_metrics_v2.parquet,374e15163c404aa19bf8453d170490862689d4b0db1c5d34b0e6dea8f075e1b8,<5
target_centrality,T:5061989,5572.0,cnes,A,2023,aim3_target_metrics_v2.parquet,374e15163c404aa19bf8453d170490862689d4b0db1c5d34b0e6dea8f075e1b8,23
target_centrality,T:5169976,0.0,cnes,A,2023,aim3_target_metrics_v2.parquet,374e15163c404aa19bf8453d170490862689d4b0db1c5d34b0e6dea8f075e1b8,12
target_centrality,T:5200105,0.0,cnes,A,2023,aim3_target_metrics_v2.parquet,374e15163c404aa19bf8453d170490862689d4b0db1c5d34b0e6dea8f075e1b8,49
target_centrality,T:5412447,5571.0,cnes,A,2023,aim3_target_metrics_v2.parquet,374e15163c404aa19bf8453d170490862689d4b0db1c5d34b0e6dea8f075e1b8,50
target_centrality,T:5585422,33366.0,cnes,A,2023,aim3_target_metrics_v2.parquet,374e15163c404aa19bf8453d170490862689d4b0db1c5d34b0e6dea8f075e1b8,64
target_centrality,T:5597501,5571.0,cnes,A,2023,aim3_target_metrics_v2.parquet,374e15163c404aa19bf8453d170490862689d4b0db1c5d34b0e6dea8f075e1b8,13
target_centrality,T:5860490,30.0,cnes,A,2023,aim3_target_metrics_v2.parquet,374e15163c404aa19bf8453d170490862689d4b0db1c5d34b0e6dea8f075e1b8,14
target_centrality,T:6007317,0.0,cnes,A,2023,aim3_target_metrics_v2.parquet,374e15163c404aa19bf8453d170490862689d4b0db1c5d34b0e6dea8f075e1b8,<5
target_centrality,T:6048692,0.0,cnes,A,2023,aim3_target_metrics_v2.parquet,374e15163c404aa19bf8453d170490862689d4b0db1c5d34b0e6dea8f075e1b8,<5
target_centrality,T:6085423,63663.0,cnes,A,2023,aim3_target_metrics_v2.parquet,374e15163c404aa19bf8453d170490862689d4b0db1c5d34b0e6dea8f075e1b8,30
target_centrality,T:6095666,2091.0,cnes,A,2023,aim3_target_metrics_v2.parquet,374e15163c404aa19bf8453d170490862689d4b0db1c5d34b0e6dea8f075e1b8,70
target_centrality,T:6123740,1979.0,cnes,A,2023,aim3_target_metrics_v2.parquet,374e15163c404aa19bf8453d170490862689d4b0db1c5d34b0e6dea8f075e1b8,84
target_centrality,T:6201059,0.0,cnes,A,2023,aim3_target_metrics_v2.parquet,374e15163c404aa19bf8453d170490862689d4b0db1c5d34b0e6dea8f075e1b8,15
target_centrality,T:6542638,5699.5,cnes,A,2023,aim3_target_metrics_v2.parquet,374e15163c404aa19bf8453d170490862689d4b0db1c5d34b0e6dea8f075e1b8,18
target_centrality,T:6595197,7486.0,cnes,A,2023,aim3_target_metrics_v2.parquet,374e15163c404aa19bf8453d170490862689d4b0db1c5d34b0e6dea8f075e1b8,33
target_centrality,T:6601804,0.0,cnes,A,2023,aim3_target_metrics_v2.parquet,374e15163c404aa19bf8453d170490862689d4b0db1c5d34b0e6dea8f075e1b8,193
target_centrality,T:6665322,101507.5,cnes,A,2023,aim3_target_metrics_v2.parquet,374e15163c404aa19bf8453d170490862689d4b0db1c5d34b0e6dea8f075e1b8,150
target_centrality,T:6756107,560429.5,cnes,A,2023,aim3_target_metrics_v2.parquet,374e15163c404aa19bf8453d170490862689d4b0db1c5d34b0e6dea8f075e1b8,600
target_centrality,T:6779522,1.0,cnes,A,2023,aim3_target_metrics_v2.parquet,374e15163c404aa19bf8453d170490862689d4b0db1c5d34b0e6dea8f075e1b8,5
target_centrality,T:6848710,11142.5,cnes,A,2023,aim3_target_metrics_v2.parquet,374e15163c404aa19bf8453d170490862689d4b0db1c5d34b0e6dea8f075e1b8,36
target_centrality,T:6878687,8125.0,cnes,A,2023,aim3_target_metrics_v2.parquet,374e15163c404aa19bf8453d170490862689d4b0db1c5d34b0e6dea8f075e1b8,68
target_centrality,T:7061021,2786.0,cnes,A,2023,aim3_target_metrics_v2.parquet,374e15163c404aa19bf8453d170490862689d4b0db1c5d34b0e6dea8f075e1b8,<5
target_centrality,T:7066376,5574.0,cnes,A,2023,aim3_target_metrics_v2.parquet,374e15163c404aa19bf8453d170490862689d4b0db1c5d34b0e6dea8f075e1b8,11
target_centrality,T:7068336,47214.0,cnes,A,2023,aim3_target_metrics_v2.parquet,374e15163c404aa19bf8453d170490862689d4b0db1c5d34b0e6dea8f075e1b8,29
target_centrality,T:7257406,93182.0,cnes,A,2023,aim3_target_metrics_v2.parquet,374e15163c404aa19bf8453d170490862689d4b0db1c5d34b0e6dea8f075e1b8,115
target_centrality,T:7283458,0.0,cnes,A,2023,aim3_target_metrics_v2.parquet,374e15163c404aa19bf8453d170490862689d4b0db1c5d34b0e6dea8f075e1b8,<5
target_centrality,T:7354746,0.0,cnes,A,2023,aim3_target_metrics_v2.parquet,374e15163c404aa19bf8453d170490862689d4b0db1c5d34b0e6dea8f075e1b8,<5
target_centrality,T:7373465,1.0,cnes,A,2023,aim3_target_metrics_v2.parquet,374e15163c404aa19bf8453d170490862689d4b0db1c5d34b0e6dea8f075e1b8,130
target_centrality,T:7498810,179229.0,cnes,A,2023,aim3_target_metrics_v2.parquet,374e15163c404aa19bf8453d170490862689d4b0db1c5d34b0e6dea8f075e1b8,358
target_centrality,T:7513151,5402.0,cnes,A,2023,aim3_target_metrics_v2.parquet,374e15163c404aa19bf8453d170490862689d4b0db1c5d34b0e6dea8f075e1b8,31
target_centrality,T:7564546,8355.5,cnes,A,2023,aim3_target_metrics_v2.parquet,374e15163c404aa19bf8453d170490862689d4b0db1c5d34b0e6dea8f075e1b8,46
target_centrality,T:7573162,0.0,cnes,A,2023,aim3_target_metrics_v2.parquet,374e15163c404aa19bf8453d170490862689d4b0db1c5d34b0e6dea8f075e1b8,<5
target_centrality,T:7743068,85349.0,cnes,A,2023,aim3_target_metrics_v2.parquet,374e15163c404aa19bf8453d170490862689d4b0db1c5d34b0e6dea8f075e1b8,147
target_centrality,T:7866801,604051.0,cnes,A,2023,aim3_target_metrics_v2.parquet,374e15163c404aa19bf8453d170490862689d4b0db1c5d34b0e6dea8f075e1b8,429
target_centrality,T:7967012,54727.0,cnes,A,2023,aim3_target_metrics_v2.parquet,374e15163c404aa19bf8453d170490862689d4b0db1c5d34b0e6dea8f075e1b8,12
target_centrality,T:9065768,19040.166666666664,cnes,A,2023,aim3_target_metrics_v2.parquet,374e15163c404aa19bf8453d170490862689d4b0db1c5d34b0e6dea8f075e1b8,16
target_centrality,T:9074457,138174.0,cnes,A,2023,aim3_target_metrics_v2.parquet,374e15163c404aa19bf8453d170490862689d4b0db1c5d34b0e6dea8f075e1b8,406
target_centrality,T:9209352,72463.5,cnes,A,2023,aim3_target_metrics_v2.parquet,374e15163c404aa19bf8453d170490862689d4b0db1c5d34b0e6dea8f075e1b8,83
target_centrality,T:9388133,37826.0,cnes,A,2023,aim3_target_metrics_v2.parquet,374e15163c404aa19bf8453d170490862689d4b0db1c5d34b0e6dea8f075e1b8,21
target_centrality,T:9425802,40593.666666666664,cnes,A,2023,aim3_target_metrics_v2.parquet,374e15163c404aa19bf8453d170490862689d4b0db1c5d34b0e6dea8f075e1b8,21
target_centrality,T:9443665,141151.0,cnes,A,2023,aim3_target_metrics_v2.parquet,374e15163c404aa19bf8453d170490862689d4b0db1c5d34b0e6dea8f075e1b8,225
target_centrality,T:9465464,2779.0,cnes,A,2023,aim3_target_metrics_v2.parquet,374e15163c404aa19bf8453d170490862689d4b0db1c5d34b0e6dea8f075e1b8,39
target_centrality,T:9491112,59853.166666666664,cnes,A,2023,aim3_target_metrics_v2.parquet,374e15163c404aa19bf8453d170490862689d4b0db1c5d34b0e6dea8f075e1b8,127
target_centrality,T:9491252,46688.0,cnes,A,2023,aim3_target_metrics_v2.parquet,374e15163c404aa19bf8453d170490862689d4b0db1c5d34b0e6dea8f075e1b8,53
target_centrality,T:9543856,102372.5,cnes,A,2023,aim3_target_metrics_v2.parquet,374e15163c404aa19bf8453d170490862689d4b0db1c5d34b0e6dea8f075e1b8,21
target_centrality,T:9556095,40215.0,cnes,A,2023,aim3_target_metrics_v2.parquet,374e15163c404aa19bf8453d170490862689d4b0db1c5d34b0e6dea8f075e1b8,52
target_centrality,T:9575936,168044.5,cnes,A,2023,aim3_target_metrics_v2.parquet,374e15163c404aa19bf8453d170490862689d4b0db1c5d34b0e6dea8f075e1b8,182
target_centrality,T:9680977,0.0,cnes,A,2023,aim3_target_metrics_v2.parquet,374e15163c404aa19bf8453d170490862689d4b0db1c5d34b0e6dea8f075e1b8,5
target_centrality,T:9841903,0.0,cnes,A,2023,aim3_target_metrics_v2.parquet,374e15163c404aa19bf8453d170490862689d4b0db1c5d34b0e6dea8f075e1b8,<5
target_centrality,T:0000396,5682.5,cnes,A,2024,aim3_target_metrics_v2.parquet,374e15163c404aa19bf8453d170490862689d4b0db1c5d34b0e6dea8f075e1b8,22
target_centrality,T:0000418,145086.0,cnes,A,2024,aim3_target_metrics_v2.parquet,374e15163c404aa19bf8453d170490862689d4b0db1c5d34b0e6dea8f075e1b8,48
target_centrality,T:0000426,35933.0,cnes,A,2024,aim3_target_metrics_v2.parquet,374e15163c404aa19bf8453d170490862689d4b0db1c5d34b0e6dea8f075e1b8,203
target_centrality,T:0000434,21932.5,cnes,A,2024,aim3_target_metrics_v2.parquet,374e15163c404aa19bf8453d170490862689d4b0db1c5d34b0e6dea8f075e1b8,66
target_centrality,T:0000477,219971.16666666666,cnes,A,2024,aim3_target_metrics_v2.parquet,374e15163c404aa19bf8453d170490862689d4b0db1c5d34b0e6dea8f075e1b8,137
target_centrality,T:0000655,20474.0,cnes,A,2024,aim3_target_metrics_v2.parquet,374e15163c404aa19bf8453d170490862689d4b0db1c5d34b0e6dea8f075e1b8,53
target_centrality,T:0002283,193600.5,cnes,A,2024,aim3_target_metrics_v2.parquet,374e15163c404aa19bf8453d170490862689d4b0db1c5d34b0e6dea8f075e1b8,109
target_centrality,T:0002534,0.0,cnes,A,2024,aim3_target_metrics_v2.parquet,374e15163c404aa19bf8453d170490862689d4b0db1c5d34b0e6dea8f075e1b8,<5
target_centrality,T:0003816,4943.0,cnes,A,2024,aim3_target_metrics_v2.parquet,374e15163c404aa19bf8453d170490862689d4b0db1c5d34b0e6dea8f075e1b8,28
target_centrality,T:0003832,0.0,cnes,A,2024,aim3_target_metrics_v2.parquet,374e15163c404aa19bf8453d170490862689d4b0db1c5d34b0e6dea8f075e1b8,<5
target_centrality,T:0003859,645097.3333333333,cnes,A,2024,aim3_target_metrics_v2.parquet,374e15163c404aa19bf8453d170490862689d4b0db1c5d34b0e6dea8f075e1b8,513
target_centrality,T:0004251,15838.5,cnes,A,2024,aim3_target_metrics_v2.parquet,374e15163c404aa19bf8453d170490862689d4b0db1c5d34b0e6dea8f075e1b8,29
target_centrality,T:0008052,0.0,cnes,A,2024,aim3_target_metrics_v2.parquet,374e15163c404aa19bf8453d170490862689d4b0db1c5d34b0e6dea8f075e1b8,20
target_centrality,T:0009601,0.0,cnes,A,2024,aim3_target_metrics_v2.parquet,374e15163c404aa19bf8453d170490862689d4b0db1c5d34b0e6dea8f075e1b8,<5
target_centrality,T:0009628,11130.0,cnes,A,2024,aim3_target_metrics_v2.parquet,374e15163c404aa19bf8453d170490862689d4b0db1c5d34b0e6dea8f075e1b8,41
target_centrality,T:0009709,3748.0,cnes,A,2024,aim3_target_metrics_v2.parquet,374e15163c404aa19bf8453d170490862689d4b0db1c5d34b0e6dea8f075e1b8,23
target_centrality,T:0009717,22107.0,cnes,A,2024,aim3_target_metrics_v2.parquet,374e15163c404aa19bf8453d170490862689d4b0db1c5d34b0e6dea8f075e1b8,66
target_centrality,T:0009725,35148.833333333336,cnes,A,2024,aim3_target_metrics_v2.parquet,374e15163c404aa19bf8453d170490862689d4b0db1c5d34b0e6dea8f075e1b8,122
target_centrality,T:0010456,64327.166666666664,cnes,A,2024,aim3_target_metrics_v2.parquet,374e15163c404aa19bf8453d170490862689d4b0db1c5d34b0e6dea8f075e1b8,111
target_centrality,T:0010464,0.0,cnes,A,2024,aim3_target_metrics_v2.parquet,374e15163c404aa19bf8453d170490862689d4b0db1c5d34b0e6dea8f075e1b8,<5
target_centrality,T:0010472,0.0,cnes,A,2024,aim3_target_metrics_v2.parquet,374e15163c404aa19bf8453d170490862689d4b0db1c5d34b0e6dea8f075e1b8,<5
target_centrality,T:0010499,14454.166666666666,cnes,A,2024,aim3_target_metrics_v2.parquet,374e15163c404aa19bf8453d170490862689d4b0db1c5d34b0e6dea8f075e1b8,43
target_centrality,T:0010502,0.0,cnes,A,2024,aim3_target_metrics_v2.parquet,374e15163c404aa19bf8453d170490862689d4b0db1c5d34b0e6dea8f075e1b8,<5
target_centrality,T:0010510,0.0,cnes,A,2024,aim3_target_metrics_v2.parquet,374e15163c404aa19bf8453d170490862689d4b0db1c5d34b0e6dea8f075e1b8,8
target_centrality,T:0011746,95983.5,cnes,A,2024,aim3_target_metrics_v2.parquet,374e15163c404aa19bf8453d170490862689d4b0db1c5d34b0e6dea8f075e1b8,47
target_centrality,T:0011800,0.0,cnes,A,2024,aim3_target_metrics_v2.parquet,374e15163c404aa19bf8453d170490862689d4b0db1c5d34b0e6dea8f075e1b8,<5
target_centrality,T:0012505,0.0,cnes,A,2024,aim3_target_metrics_v2.parquet,374e15163c404aa19bf8453d170490862689d4b0db1c5d34b0e6dea8f075e1b8,30
target_centrality,T:0012521,0.0,cnes,A,2024,aim3_target_metrics_v2.parquet,374e15163c404aa19bf8453d170490862689d4b0db1c5d34b0e6dea8f075e1b8,<5
target_centrality,T:0013633,120500.5,cnes,A,2024,aim3_target_metrics_v2.parquet,374e15163c404aa19bf8453d170490862689d4b0db1c5d34b0e6dea8f075e1b8,39
target_centrality,T:0014109,63225.0,cnes,A,2024,aim3_target_metrics_v2.parquet,374e15163c404aa19bf8453d170490862689d4b0db1c5d34b0e6dea8f075e1b8,76
target_centrality,T:0015245,17240.0,cnes,A,2024,aim3_target_metrics_v2.parquet,374e15163c404aa19bf8453d170490862689d4b0db1c5d34b0e6dea8f075e1b8,61
target_centrality,T:0015369,0.0,cnes,A,2024,aim3_target_metrics_v2.parquet,374e15163c404aa19bf8453d170490862689d4b0db1c5d34b0e6dea8f075e1b8,<5
target_centrality,T:0015407,12842.0,cnes,A,2024,aim3_target_metrics_v2.parquet,374e15163c404aa19bf8453d170490862689d4b0db1c5d34b0e6dea8f075e1b8,43
target_centrality,T:0015423,0.0,cnes,A,2024,aim3_target_metrics_v2.parquet,374e15163c404aa19bf8453d170490862689d4b0db1c5d34b0e6dea8f075e1b8,17
target_centrality,T:0015563,12895.0,cnes,A,2024,aim3_target_metrics_v2.parquet,374e15163c404aa19bf8453d170490862689d4b0db1c5d34b0e6dea8f075e1b8,11
target_centrality,T:0015644,77599.0,cnes,A,2024,aim3_target_metrics_v2.parquet,374e15163c404aa19bf8453d170490862689d4b0db1c5d34b0e6dea8f075e1b8,47
target_centrality,T:0026808,0.0,cnes,A,2024,aim3_target_metrics_v2.parquet,374e15163c404aa19bf8453d170490862689d4b0db1c5d34b0e6dea8f075e1b8,<5
target_centrality,T:0026859,8445.0,cnes,A,2024,aim3_target_metrics_v2.parquet,374e15163c404aa19bf8453d170490862689d4b0db1c5d34b0e6dea8f075e1b8,16
target_centrality,T:0027014,175290.0,cnes,A,2024,aim3_target_metrics_v2.parquet,374e15163c404aa19bf8453d170490862689d4b0db1c5d34b0e6dea8f075e1b8,176
target_centrality,T:0027022,0.0,cnes,A,2024,aim3_target_metrics_v2.parquet,374e15163c404aa19bf8453d170490862689d4b0db1c5d34b0e6dea8f075e1b8,36
target_centrality,T:0027049,471350.00000000006,cnes,A,2024,aim3_target_metrics_v2.parquet,374e15163c404aa19bf8453d170490862689d4b0db1c5d34b0e6dea8f075e1b8,142
target_centrality,T:0027863,34216.0,cnes,A,2024,aim3_target_metrics_v2.parquet,374e15163c404aa19bf8453d170490862689d4b0db1c5d34b0e6dea8f075e1b8,44
target_centrality,T:0086673,6661.0,cnes,A,2024,aim3_target_metrics_v2.parquet,374e15163c404aa19bf8453d170490862689d4b0db1c5d34b0e6dea8f075e1b8,30
target_centrality,T:0092894,193.0,cnes,A,2024,aim3_target_metrics_v2.parquet,374e15163c404aa19bf8453d170490862689d4b0db1c5d34b0e6dea8f075e1b8,5
target_centrality,T:0102105,0.0,cnes,A,2024,aim3_target_metrics_v2.parquet,374e15163c404aa19bf8453d170490862689d4b0db1c5d34b0e6dea8f075e1b8,<5
target_centrality,T:0136581,186663.5,cnes,A,2024,aim3_target_metrics_v2.parquet,374e15163c404aa19bf8453d170490862689d4b0db1c5d34b0e6dea8f075e1b8,262
target_centrality,T:0220027,0.5,cnes,A,2024,aim3_target_metrics_v2.parquet,374e15163c404aa19bf8453d170490862689d4b0db1c5d34b0e6dea8f075e1b8,<5
target_centrality,T:0220337,257456.5,cnes,A,2024,aim3_target_metrics_v2.parquet,374e15163c404aa19bf8453d170490862689d4b0db1c5d34b0e6dea8f075e1b8,185
target_centrality,T:0226491,24508.833333333336,cnes,A,2024,aim3_target_metrics_v2.parquet,374e15163c404aa19bf8453d170490862689d4b0db1c5d34b0e6dea8f075e1b8,43
target_centrality,T:0547484,3331.0,cnes,A,2024,aim3_target_metrics_v2.parquet,374e15163c404aa19bf8453d170490862689d4b0db1c5d34b0e6dea8f075e1b8,<5
target_centrality,T:2012472,0.0,cnes,A,2024,aim3_target_metrics_v2.parquet,374e15163c404aa19bf8453d170490862689d4b0db1c5d34b0e6dea8f075e1b8,<5
target_centrality,T:2012677,0.0,cnes,A,2024,aim3_target_metrics_v2.parquet,374e15163c404aa19bf8453d170490862689d4b0db1c5d34b0e6dea8f075e1b8,5
target_centrality,T:2012685,0.0,cnes,A,2024,aim3_target_metrics_v2.parquet,374e15163c404aa19bf8453d170490862689d4b0db1c5d34b0e6dea8f075e1b8,12
target_centrality,T:2013649,252208.33333333334,cnes,A,2024,aim3_target_metrics_v2.parquet,374e15163c404aa19bf8453d170490862689d4b0db1c5d34b0e6dea8f075e1b8,339
target_centrality,T:2017431,0.0,cnes,A,2024,aim3_target_metrics_v2.parquet,374e15163c404aa19bf8453d170490862689d4b0db1c5d34b0e6dea8f075e1b8,<5
target_centrality,T:2017644,0.0,cnes,A,2024,aim3_target_metrics_v2.parquet,374e15163c404aa19bf8453d170490862689d4b0db1c5d34b0e6dea8f075e1b8,<5
target_centrality,T:2019574,6659.0,cnes,A,2024,aim3_target_metrics_v2.parquet,374e15163c404aa19bf8453d170490862689d4b0db1c5d34b0e6dea8f075e1b8,44
target_centrality,T:2020890,16645.0,cnes,A,2024,aim3_target_metrics_v2.parquet,374e15163c404aa19bf8453d170490862689d4b0db1c5d34b0e6dea8f075e1b8,60
target_centrality,T:2024691,19971.0,cnes,A,2024,aim3_target_metrics_v2.parquet,374e15163c404aa19bf8453d170490862689d4b0db1c5d34b0e6dea8f075e1b8,42
target_centrality,T:2025507,33750.5,cnes,A,2024,aim3_target_metrics_v2.parquet,374e15163c404aa19bf8453d170490862689d4b0db1c5d34b0e6dea8f075e1b8,33
target_centrality,T:2025752,3326.0,cnes,A,2024,aim3_target_metrics_v2.parquet,374e15163c404aa19bf8453d170490862689d4b0db1c5d34b0e6dea8f075e1b8,89
target_centrality,T:2066092,0.0,cnes,A,2024,aim3_target_metrics_v2.parquet,374e15163c404aa19bf8453d170490862689d4b0db1c5d34b0e6dea8f075e1b8,113
target_centrality,T:2071568,0.0,cnes,A,2024,aim3_target_metrics_v2.parquet,374e15163c404aa19bf8453d170490862689d4b0db1c5d34b0e6dea8f075e1b8,<5
target_centrality,T:2076926,1544.0,cnes,A,2024,aim3_target_metrics_v2.parquet,374e15163c404aa19bf8453d170490862689d4b0db1c5d34b0e6dea8f075e1b8,14
target_centrality,T:2077396,553786.0,cnes,A,2024,aim3_target_metrics_v2.parquet,374e15163c404aa19bf8453d170490862689d4b0db1c5d34b0e6dea8f075e1b8,412
target_centrality,T:2077477,0.0,cnes,A,2024,aim3_target_metrics_v2.parquet,374e15163c404aa19bf8453d170490862689d4b0db1c5d34b0e6dea8f075e1b8,78
target_centrality,T:2077485,962.0,cnes,A,2024,aim3_target_metrics_v2.parquet,374e15163c404aa19bf8453d170490862689d4b0db1c5d34b0e6dea8f075e1b8,70
target_centrality,T:2077523,0.0,cnes,A,2024,aim3_target_metrics_v2.parquet,374e15163c404aa19bf8453d170490862689d4b0db1c5d34b0e6dea8f075e1b8,30
target_centrality,T:2077531,14.0,cnes,A,2024,aim3_target_metrics_v2.parquet,374e15163c404aa19bf8453d170490862689d4b0db1c5d34b0e6dea8f075e1b8,6
target_centrality,T:2077574,0.0,cnes,A,2024,aim3_target_metrics_v2.parquet,374e15163c404aa19bf8453d170490862689d4b0db1c5d34b0e6dea8f075e1b8,26
target_centrality,T:2078015,1369042.1666666667,cnes,A,2024,aim3_target_metrics_v2.parquet,374e15163c404aa19bf8453d170490862689d4b0db1c5d34b0e6dea8f075e1b8,765
target_centrality,T:2078562,3162.0,cnes,A,2024,aim3_target_metrics_v2.parquet,374e15163c404aa19bf8453d170490862689d4b0db1c5d34b0e6dea8f075e1b8,68
target_centrality,T:2078775,16645.5,cnes,A,2024,aim3_target_metrics_v2.parquet,374e15163c404aa19bf8453d170490862689d4b0db1c5d34b0e6dea8f075e1b8,20
target_centrality,T:2079321,0.0,cnes,A,2024,aim3_target_metrics_v2.parquet,374e15163c404aa19bf8453d170490862689d4b0db1c5d34b0e6dea8f075e1b8,<5
target_centrality,T:2079720,9538.0,cnes,A,2024,aim3_target_metrics_v2.parquet,374e15163c404aa19bf8453d170490862689d4b0db1c5d34b0e6dea8f075e1b8,87
target_centrality,T:2079798,186057.0,cnes,A,2024,aim3_target_metrics_v2.parquet,374e15163c404aa19bf8453d170490862689d4b0db1c5d34b0e6dea8f075e1b8,231
target_centrality,T:2079828,3332.0,cnes,A,2024,aim3_target_metrics_v2.parquet,374e15163c404aa19bf8453d170490862689d4b0db1c5d34b0e6dea8f075e1b8,81
target_centrality,T:2079917,0.0,cnes,A,2024,aim3_target_metrics_v2.parquet,374e15163c404aa19bf8453d170490862689d4b0db1c5d34b0e6dea8f075e1b8,11
target_centrality,T:2080125,0.0,cnes,A,2024,aim3_target_metrics_v2.parquet,374e15163c404aa19bf8453d170490862689d4b0db1c5d34b0e6dea8f075e1b8,<5
target_centrality,T:2080338,0.0,cnes,A,2024,aim3_target_metrics_v2.parquet,374e15163c404aa19bf8453d170490862689d4b0db1c5d34b0e6dea8f075e1b8,59
target_centrality,T:2080346,0.0,cnes,A,2024,aim3_target_metrics_v2.parquet,374e15163c404aa19bf8453d170490862689d4b0db1c5d34b0e6dea8f075e1b8,100
target_centrality,T:2080354,0.0,cnes,A,2024,aim3_target_metrics_v2.parquet,374e15163c404aa19bf8453d170490862689d4b0db1c5d34b0e6dea8f075e1b8,<5
target_centrality,T:2080400,0.0,cnes,A,2024,aim3_target_metrics_v2.parquet,374e15163c404aa19bf8453d170490862689d4b0db1c5d34b0e6dea8f075e1b8,18
target_centrality,T:2080532,46496.5,cnes,A,2024,aim3_target_metrics_v2.parquet,374e15163c404aa19bf8453d170490862689d4b0db1c5d34b0e6dea8f075e1b8,71
target_centrality,T:2080931,13318.0,cnes,A,2024,aim3_target_metrics_v2.parquet,374e15163c404aa19bf8453d170490862689d4b0db1c5d34b0e6dea8f075e1b8,49
target_centrality,T:2081253,0.0,cnes,A,2024,aim3_target_metrics_v2.parquet,374e15163c404aa19bf8453d170490862689d4b0db1c5d34b0e6dea8f075e1b8,15
target_centrality,T:2081377,19975.5,cnes,A,2024,aim3_target_metrics_v2.parquet,374e15163c404aa19bf8453d170490862689d4b0db1c5d34b0e6dea8f075e1b8,37
target_centrality,T:2081458,9990.0,cnes,A,2024,aim3_target_metrics_v2.parquet,374e15163c404aa19bf8453d170490862689d4b0db1c5d34b0e6dea8f075e1b8,104
target_centrality,T:2081512,0.0,cnes,A,2024,aim3_target_metrics_v2.parquet,374e15163c404aa19bf8453d170490862689d4b0db1c5d34b0e6dea8f075e1b8,<5
target_centrality,T:2081695,78583.5,cnes,A,2024,aim3_target_metrics_v2.parquet,374e15163c404aa19bf8453d170490862689d4b0db1c5d34b0e6dea8f075e1b8,184
target_centrality,T:2082187,163625.33333333334,cnes,A,2024,aim3_target_metrics_v2.parquet,374e15163c404aa19bf8453d170490862689d4b0db1c5d34b0e6dea8f075e1b8,224
target_centrality,T:2082527,9991.0,cnes,A,2024,aim3_target_metrics_v2.parquet,374e15163c404aa19bf8453d170490862689d4b0db1c5d34b0e6dea8f075e1b8,18
target_centrality,T:2082594,0.0,cnes,A,2024,aim3_target_metrics_v2.parquet,374e15163c404aa19bf8453d170490862689d4b0db1c5d34b0e6dea8f075e1b8,31
target_centrality,T:2082861,33209.0,cnes,A,2024,aim3_target_metrics_v2.parquet,374e15163c404aa19bf8453d170490862689d4b0db1c5d34b0e6dea8f075e1b8,23
target_centrality,T:2083086,21664.5,cnes,A,2024,aim3_target_metrics_v2.parquet,374e15163c404aa19bf8453d170490862689d4b0db1c5d34b0e6dea8f075e1b8,21
target_centrality,T:2083094,39346.0,cnes,A,2024,aim3_target_metrics_v2.parquet,374e15163c404aa19bf8453d170490862689d4b0db1c5d34b0e6dea8f075e1b8,43
target_centrality,T:2083116,2289.0,cnes,A,2024,aim3_target_metrics_v2.parquet,374e15163c404aa19bf8453d170490862689d4b0db1c5d34b0e6dea8f075e1b8,6
target_centrality,T:2087057,6661.0,cnes,A,2024,aim3_target_metrics_v2.parquet,374e15163c404aa19bf8453d170490862689d4b0db1c5d34b0e6dea8f075e1b8,47
target_centrality,T:2087103,0.0,cnes,A,2024,aim3_target_metrics_v2.parquet,374e15163c404aa19bf8453d170490862689d4b0db1c5d34b0e6dea8f075e1b8,<5
target_centrality,T:2087111,3331.0,cnes,A,2024,aim3_target_metrics_v2.parquet,374e15163c404aa19bf8453d170490862689d4b0db1c5d34b0e6dea8f075e1b8,20
target_centrality,T:2088576,0.0,cnes,A,2024,aim3_target_metrics_v2.parquet,374e15163c404aa19bf8453d170490862689d4b0db1c5d34b0e6dea8f075e1b8,26
target_centrality,T:2089327,39906.0,cnes,A,2024,aim3_target_metrics_v2.parquet,374e15163c404aa19bf8453d170490862689d4b0db1c5d34b0e6dea8f075e1b8,54
target_centrality,T:2090236,1834103.0,cnes,A,2024,aim3_target_metrics_v2.parquet,374e15163c404aa19bf8453d170490862689d4b0db1c5d34b0e6dea8f075e1b8,224
target_centrality,T:2092611,6661.0,cnes,A,2024,aim3_target_metrics_v2.parquet,374e15163c404aa19bf8453d170490862689d4b0db1c5d34b0e6dea8f075e1b8,24
target_centrality,T:2096412,3332.0,cnes,A,2024,aim3_target_metrics_v2.parquet,374e15163c404aa19bf8453d170490862689d4b0db1c5d34b0e6dea8f075e1b8,32
target_centrality,T:2098938,0.0,cnes,A,2024,aim3_target_metrics_v2.parquet,374e15163c404aa19bf8453d170490862689d4b0db1c5d34b0e6dea8f075e1b8,<5
target_centrality,T:2100754,0.0,cnes,A,2024,aim3_target_metrics_v2.parquet,374e15163c404aa19bf8453d170490862689d4b0db1c5d34b0e6dea8f075e1b8,5
target_centrality,T:2105780,1.5,cnes,A,2024,aim3_target_metrics_v2.parquet,374e15163c404aa19bf8453d170490862689d4b0db1c5d34b0e6dea8f075e1b8,<5
target_centrality,T:2109867,23296.0,cnes,A,2024,aim3_target_metrics_v2.parquet,374e15163c404aa19bf8453d170490862689d4b0db1c5d34b0e6dea8f075e1b8,37
target_centrality,T:2111624,190621.5,cnes,A,2024,aim3_target_metrics_v2.parquet,374e15163c404aa19bf8453d170490862689d4b0db1c5d34b0e6dea8f075e1b8,47
target_centrality,T:2118661,74380.0,cnes,A,2024,aim3_target_metrics_v2.parquet,374e15163c404aa19bf8453d170490862689d4b0db1c5d34b0e6dea8f075e1b8,61
target_centrality,T:2119528,1.0,cnes,A,2024,aim3_target_metrics_v2.parquet,374e15163c404aa19bf8453d170490862689d4b0db1c5d34b0e6dea8f075e1b8,<5
target_centrality,T:2124289,6661.5,cnes,A,2024,aim3_target_metrics_v2.parquet,374e15163c404aa19bf8453d170490862689d4b0db1c5d34b0e6dea8f075e1b8,11
target_centrality,T:2127989,77320.0,cnes,A,2024,aim3_target_metrics_v2.parquet,374e15163c404aa19bf8453d170490862689d4b0db1c5d34b0e6dea8f075e1b8,103
target_centrality,T:2129566,0.0,cnes,A,2024,aim3_target_metrics_v2.parquet,374e15163c404aa19bf8453d170490862689d4b0db1c5d34b0e6dea8f075e1b8,37
target_centrality,T:2146355,45702.0,cnes,A,2024,aim3_target_metrics_v2.parquet,374e15163c404aa19bf8453d170490862689d4b0db1c5d34b0e6dea8f075e1b8,116
target_centrality,T:2149990,40056.0,cnes,A,2024,aim3_target_metrics_v2.parquet,374e15163c404aa19bf8453d170490862689d4b0db1c5d34b0e6dea8f075e1b8,45
target_centrality,T:2171945,53373.0,cnes,A,2024,aim3_target_metrics_v2.parquet,374e15163c404aa19bf8453d170490862689d4b0db1c5d34b0e6dea8f075e1b8,48
target_centrality,T:2171988,0.0,cnes,A,2024,aim3_target_metrics_v2.parquet,374e15163c404aa19bf8453d170490862689d4b0db1c5d34b0e6dea8f075e1b8,<5
target_centrality,T:2195437,10021.0,cnes,A,2024,aim3_target_metrics_v2.parquet,374e15163c404aa19bf8453d170490862689d4b0db1c5d34b0e6dea8f075e1b8,8
target_centrality,T:2195453,102783.5,cnes,A,2024,aim3_target_metrics_v2.parquet,374e15163c404aa19bf8453d170490862689d4b0db1c5d34b0e6dea8f075e1b8,62
target_centrality,T:2206595,1.0,cnes,A,2024,aim3_target_metrics_v2.parquet,374e15163c404aa19bf8453d170490862689d4b0db1c5d34b0e6dea8f075e1b8,<5
target_centrality,T:2208857,0.0,cnes,A,2024,aim3_target_metrics_v2.parquet,374e15163c404aa19bf8453d170490862689d4b0db1c5d34b0e6dea8f075e1b8,<5
target_centrality,T:2218798,46554.5,cnes,A,2024,aim3_target_metrics_v2.parquet,374e15163c404aa19bf8453d170490862689d4b0db1c5d34b0e6dea8f075e1b8,79
target_centrality,T:2219646,13320.5,cnes,A,2024,aim3_target_metrics_v2.parquet,374e15163c404aa19bf8453d170490862689d4b0db1c5d34b0e6dea8f075e1b8,16
target_centrality,T:2219654,50415.5,cnes,A,2024,aim3_target_metrics_v2.parquet,374e15163c404aa19bf8453d170490862689d4b0db1c5d34b0e6dea8f075e1b8,57
target_centrality,T:2223538,23205.5,cnes,A,2024,aim3_target_metrics_v2.parquet,374e15163c404aa19bf8453d170490862689d4b0db1c5d34b0e6dea8f075e1b8,93
target_centrality,T:2223546,0.0,cnes,A,2024,aim3_target_metrics_v2.parquet,374e15163c404aa19bf8453d170490862689d4b0db1c5d34b0e6dea8f075e1b8,14
target_centrality,T:2237253,109787.00000000003,cnes,A,2024,aim3_target_metrics_v2.parquet,374e15163c404aa19bf8453d170490862689d4b0db1c5d34b0e6dea8f075e1b8,125
target_centrality,T:2237571,86078.66666666669,cnes,A,2024,aim3_target_metrics_v2.parquet,374e15163c404aa19bf8453d170490862689d4b0db1c5d34b0e6dea8f075e1b8,258
target_centrality,T:2237601,66306.16666666666,cnes,A,2024,aim3_target_metrics_v2.parquet,374e15163c404aa19bf8453d170490862689d4b0db1c5d34b0e6dea8f075e1b8,172
target_centrality,T:2244306,36590.5,cnes,A,2024,aim3_target_metrics_v2.parquet,374e15163c404aa19bf8453d170490862689d4b0db1c5d34b0e6dea8f075e1b8,128
target_centrality,T:2246929,26575.833333333278,cnes,A,2024,aim3_target_metrics_v2.parquet,374e15163c404aa19bf8453d170490862689d4b0db1c5d34b0e6dea8f075e1b8,56
target_centrality,T:2246988,52854.66666666654,cnes,A,2024,aim3_target_metrics_v2.parquet,374e15163c404aa19bf8453d170490862689d4b0db1c5d34b0e6dea8f075e1b8,24
target_centrality,T:2248247,0.0,cnes,A,2024,aim3_target_metrics_v2.parquet,374e15163c404aa19bf8453d170490862689d4b0db1c5d34b0e6dea8f075e1b8,<5
target_centrality,T:2252295,0.0,cnes,A,2024,aim3_target_metrics_v2.parquet,374e15163c404aa19bf8453d170490862689d4b0db1c5d34b0e6dea8f075e1b8,8
target_centrality,T:2252694,9990.0,cnes,A,2024,aim3_target_metrics_v2.parquet,374e15163c404aa19bf8453d170490862689d4b0db1c5d34b0e6dea8f075e1b8,24
target_centrality,T:2253046,0.0,cnes,A,2024,aim3_target_metrics_v2.parquet,374e15163c404aa19bf8453d170490862689d4b0db1c5d34b0e6dea8f075e1b8,10
target_centrality,T:2253054,0.0,cnes,A,2024,aim3_target_metrics_v2.parquet,374e15163c404aa19bf8453d170490862689d4b0db1c5d34b0e6dea8f075e1b8,5
target_centrality,T:2255936,0.0,cnes,A,2024,aim3_target_metrics_v2.parquet,374e15163c404aa19bf8453d170490862689d4b0db1c5d34b0e6dea8f075e1b8,26
target_centrality,T:2257645,33266.0,cnes,A,2024,aim3_target_metrics_v2.parquet,374e15163c404aa19bf8453d170490862689d4b0db1c5d34b0e6dea8f075e1b8,22
target_centrality,T:2259907,1.0,cnes,A,2024,aim3_target_metrics_v2.parquet,374e15163c404aa19bf8453d170490862689d4b0db1c5d34b0e6dea8f075e1b8,<5
target_centrality,T:2262568,13505.166666666666,cnes,A,2024,aim3_target_metrics_v2.parquet,374e15163c404aa19bf8453d170490862689d4b0db1c5d34b0e6dea8f075e1b8,78
target_centrality,T:2265060,0.0,cnes,A,2024,aim3_target_metrics_v2.parquet,374e15163c404aa19bf8453d170490862689d4b0db1c5d34b0e6dea8f075e1b8,<5
target_centrality,T:2269384,0.0,cnes,A,2024,aim3_target_metrics_v2.parquet,374e15163c404aa19bf8453d170490862689d4b0db1c5d34b0e6dea8f075e1b8,23
target_centrality,T:2269481,0.0,cnes,A,2024,aim3_target_metrics_v2.parquet,374e15163c404aa19bf8453d170490862689d4b0db1c5d34b0e6dea8f075e1b8,213
target_centrality,T:2269775,0.0,cnes,A,2024,aim3_target_metrics_v2.parquet,374e15163c404aa19bf8453d170490862689d4b0db1c5d34b0e6dea8f075e1b8,10
target_centrality,T:2269783,0.0,cnes,A,2024,aim3_target_metrics_v2.parquet,374e15163c404aa19bf8453d170490862689d4b0db1c5d34b0e6dea8f075e1b8,27
target_centrality,T:2269880,0.0,cnes,A,2024,aim3_target_metrics_v2.parquet,374e15163c404aa19bf8453d170490862689d4b0db1c5d34b0e6dea8f075e1b8,23
target_centrality,T:2269988,0.0,cnes,A,2024,aim3_target_metrics_v2.parquet,374e15163c404aa19bf8453d170490862689d4b0db1c5d34b0e6dea8f075e1b8,<5
target_centrality,T:2270234,0.0,cnes,A,2024,aim3_target_metrics_v2.parquet,374e15163c404aa19bf8453d170490862689d4b0db1c5d34b0e6dea8f075e1b8,<5
target_centrality,T:2270269,0.0,cnes,A,2024,aim3_target_metrics_v2.parquet,374e15163c404aa19bf8453d170490862689d4b0db1c5d34b0e6dea8f075e1b8,5
target_centrality,T:2270609,0.0,cnes,A,2024,aim3_target_metrics_v2.parquet,374e15163c404aa19bf8453d170490862689d4b0db1c5d34b0e6dea8f075e1b8,6
target_centrality,T:2273411,0.0,cnes,A,2024,aim3_target_metrics_v2.parquet,374e15163c404aa19bf8453d170490862689d4b0db1c5d34b0e6dea8f075e1b8,50
target_centrality,T:2275562,6945.0,cnes,A,2024,aim3_target_metrics_v2.parquet,374e15163c404aa19bf8453d170490862689d4b0db1c5d34b0e6dea8f075e1b8,89
target_centrality,T:2278855,0.0,cnes,A,2024,aim3_target_metrics_v2.parquet,374e15163c404aa19bf8453d170490862689d4b0db1c5d34b0e6dea8f075e1b8,14
target_centrality,T:2280167,654977.0,cnes,A,2024,aim3_target_metrics_v2.parquet,374e15163c404aa19bf8453d170490862689d4b0db1c5d34b0e6dea8f075e1b8,358
target_centrality,T:2280183,0.0,cnes,A,2024,aim3_target_metrics_v2.parquet,374e15163c404aa19bf8453d170490862689d4b0db1c5d34b0e6dea8f075e1b8,<5
target_centrality,T:2283395,0.0,cnes,A,2024,aim3_target_metrics_v2.parquet,374e15163c404aa19bf8453d170490862689d4b0db1c5d34b0e6dea8f075e1b8,23
target_centrality,T:2287250,3331.0,cnes,A,2024,aim3_target_metrics_v2.parquet,374e15163c404aa19bf8453d170490862689d4b0db1c5d34b0e6dea8f075e1b8,27
target_centrality,T:2295415,0.0,cnes,A,2024,aim3_target_metrics_v2.parquet,374e15163c404aa19bf8453d170490862689d4b0db1c5d34b0e6dea8f075e1b8,58
target_centrality,T:2295423,0.0,cnes,A,2024,aim3_target_metrics_v2.parquet,374e15163c404aa19bf8453d170490862689d4b0db1c5d34b0e6dea8f075e1b8,11
target_centrality,T:2298031,458325.0,cnes,A,2024,aim3_target_metrics_v2.parquet,374e15163c404aa19bf8453d170490862689d4b0db1c5d34b0e6dea8f075e1b8,330
target_centrality,T:2301830,227255.0,cnes,A,2024,aim3_target_metrics_v2.parquet,374e15163c404aa19bf8453d170490862689d4b0db1c5d34b0e6dea8f075e1b8,147
target_centrality,T:2332981,6651.0,cnes,A,2024,aim3_target_metrics_v2.parquet,374e15163c404aa19bf8453d170490862689d4b0db1c5d34b0e6dea8f075e1b8,37
target_centrality,T:2333031,0.0,cnes,A,2024,aim3_target_metrics_v2.parquet,374e15163c404aa19bf8453d170490862689d4b0db1c5d34b0e6dea8f075e1b8,19
target_centrality,T:2334321,3331.0,cnes,A,2024,aim3_target_metrics_v2.parquet,374e15163c404aa19bf8453d170490862689d4b0db1c5d34b0e6dea8f075e1b8,11
target_centrality,T:2338262,0.0,cnes,A,2024,aim3_target_metrics_v2.parquet,374e15163c404aa19bf8453d170490862689d4b0db1c5d34b0e6dea8f075e1b8,<5
target_centrality,T:2338424,0.0,cnes,A,2024,aim3_target_metrics_v2.parquet,374e15163c404aa19bf8453d170490862689d4b0db1c5d34b0e6dea8f075e1b8,6
target_centrality,T:2338734,40421.333333333336,cnes,A,2024,aim3_target_metrics_v2.parquet,374e15163c404aa19bf8453d170490862689d4b0db1c5d34b0e6dea8f075e1b8,93
target_centrality,T:2339110,0.0,cnes,A,2024,aim3_target_metrics_v2.parquet,374e15163c404aa19bf8453d170490862689d4b0db1c5d34b0e6dea8f075e1b8,<5
target_centrality,T:2340194,0.0,cnes,A,2024,aim3_target_metrics_v2.parquet,374e15163c404aa19bf8453d170490862689d4b0db1c5d34b0e6dea8f075e1b8,<5
target_centrality,T:2340690,1.0,cnes,A,2024,aim3_target_metrics_v2.parquet,374e15163c404aa19bf8453d170490862689d4b0db1c5d34b0e6dea8f075e1b8,39
target_centrality,T:2362856,3331.5,cnes,A,2024,aim3_target_metrics_v2.parquet,374e15163c404aa19bf8453d170490862689d4b0db1c5d34b0e6dea8f075e1b8,5
target_centrality,T:2379333,125218.66666666666,cnes,A,2024,aim3_target_metrics_v2.parquet,374e15163c404aa19bf8453d170490862689d4b0db1c5d34b0e6dea8f075e1b8,108
target_centrality,T:2384299,166294.0,cnes,A,2024,aim3_target_metrics_v2.parquet,374e15163c404aa19bf8453d170490862689d4b0db1c5d34b0e6dea8f075e1b8,207
target_centrality,T:2396866,6498.0,cnes,A,2024,aim3_target_metrics_v2.parquet,374e15163c404aa19bf8453d170490862689d4b0db1c5d34b0e6dea8f075e1b8,20
target_centrality,T:2397463,0.0,cnes,A,2024,aim3_target_metrics_v2.parquet,374e15163c404aa19bf8453d170490862689d4b0db1c5d34b0e6dea8f075e1b8,5
target_centrality,T:2399555,8867.0,cnes,A,2024,aim3_target_metrics_v2.parquet,374e15163c404aa19bf8453d170490862689d4b0db1c5d34b0e6dea8f075e1b8,46
target_centrality,T:2400243,122055.0,cnes,A,2024,aim3_target_metrics_v2.parquet,374e15163c404aa19bf8453d170490862689d4b0db1c5d34b0e6dea8f075e1b8,24
target_centrality,T:2400324,185981.0,cnes,A,2024,aim3_target_metrics_v2.parquet,374e15163c404aa19bf8453d170490862689d4b0db1c5d34b0e6dea8f075e1b8,165
target_centrality,T:2400693,24505.0,cnes,A,2024,aim3_target_metrics_v2.parquet,374e15163c404aa19bf8453d170490862689d4b0db1c5d34b0e6dea8f075e1b8,52
target_centrality,T:2402076,13194.0,cnes,A,2024,aim3_target_metrics_v2.parquet,374e15163c404aa19bf8453d170490862689d4b0db1c5d34b0e6dea8f075e1b8,16
target_centrality,T:2409194,6661.5,cnes,A,2024,aim3_target_metrics_v2.parquet,374e15163c404aa19bf8453d170490862689d4b0db1c5d34b0e6dea8f075e1b8,29
target_centrality,T:2427419,24414.0,cnes,A,2024,aim3_target_metrics_v2.parquet,374e15163c404aa19bf8453d170490862689d4b0db1c5d34b0e6dea8f075e1b8,110
target_centrality,T:2436469,16119.0,cnes,A,2024,aim3_target_metrics_v2.parquet,374e15163c404aa19bf8453d170490862689d4b0db1c5d34b0e6dea8f075e1b8,75
target_centrality,T:2439360,16884.0,cnes,A,2024,aim3_target_metrics_v2.parquet,374e15163c404aa19bf8453d170490862689d4b0db1c5d34b0e6dea8f075e1b8,65
target_centrality,T:2458799,3331.0,cnes,A,2024,aim3_target_metrics_v2.parquet,374e15163c404aa19bf8453d170490862689d4b0db1c5d34b0e6dea8f075e1b8,<5
target_centrality,T:2464594,332627.5,cnes,A,2024,aim3_target_metrics_v2.parquet,374e15163c404aa19bf8453d170490862689d4b0db1c5d34b0e6dea8f075e1b8,186
target_centrality,T:2479907,9990.0,cnes,A,2024,aim3_target_metrics_v2.parquet,374e15163c404aa19bf8453d170490862689d4b0db1c5d34b0e6dea8f075e1b8,17
target_centrality,T:2481286,0.0,cnes,A,2024,aim3_target_metrics_v2.parquet,374e15163c404aa19bf8453d170490862689d4b0db1c5d34b0e6dea8f075e1b8,<5
target_centrality,T:2485680,66791.5,cnes,A,2024,aim3_target_metrics_v2.parquet,374e15163c404aa19bf8453d170490862689d4b0db1c5d34b0e6dea8f075e1b8,111
target_centrality,T:2485729,1.0,cnes,A,2024,aim3_target_metrics_v2.parquet,374e15163c404aa19bf8453d170490862689d4b0db1c5d34b0e6dea8f075e1b8,<5
target_centrality,T:2486199,9398.5,cnes,A,2024,aim3_target_metrics_v2.parquet,374e15163c404aa19bf8453d170490862689d4b0db1c5d34b0e6dea8f075e1b8,23
target_centrality,T:2491710,9991.0,cnes,A,2024,aim3_target_metrics_v2.parquet,374e15163c404aa19bf8453d170490862689d4b0db1c5d34b0e6dea8f075e1b8,16
target_centrality,T:2494442,5584.0,cnes,A,2024,aim3_target_metrics_v2.parquet,374e15163c404aa19bf8453d170490862689d4b0db1c5d34b0e6dea8f075e1b8,7
target_centrality,T:2494450,10610.0,cnes,A,2024,aim3_target_metrics_v2.parquet,374e15163c404aa19bf8453d170490862689d4b0db1c5d34b0e6dea8f075e1b8,15
target_centrality,T:2495279,0.0,cnes,A,2024,aim3_target_metrics_v2.parquet,374e15163c404aa19bf8453d170490862689d4b0db1c5d34b0e6dea8f075e1b8,<5
target_centrality,T:2497654,414962.0,cnes,A,2024,aim3_target_metrics_v2.parquet,374e15163c404aa19bf8453d170490862689d4b0db1c5d34b0e6dea8f075e1b8,548
target_centrality,T:2499363,162490.0,cnes,A,2024,aim3_target_metrics_v2.parquet,374e15163c404aa19bf8453d170490862689d4b0db1c5d34b0e6dea8f075e1b8,452
target_centrality,T:2504332,33266.0,cnes,A,2024,aim3_target_metrics_v2.parquet,374e15163c404aa19bf8453d170490862689d4b0db1c5d34b0e6dea8f075e1b8,50
target_centrality,T:2521296,0.0,cnes,A,2024,aim3_target_metrics_v2.parquet,374e15163c404aa19bf8453d170490862689d4b0db1c5d34b0e6dea8f075e1b8,<5
target_centrality,T:2529149,0.0,cnes,A,2024,aim3_target_metrics_v2.parquet,374e15163c404aa19bf8453d170490862689d4b0db1c5d34b0e6dea8f075e1b8,<5
target_centrality,T:2534444,1149.0,cnes,A,2024,aim3_target_metrics_v2.parquet,374e15163c404aa19bf8453d170490862689d4b0db1c5d34b0e6dea8f075e1b8,<5
target_centrality,T:2543443,45958.0,cnes,A,2024,aim3_target_metrics_v2.parquet,374e15163c404aa19bf8453d170490862689d4b0db1c5d34b0e6dea8f075e1b8,40
target_centrality,T:2547317,3338.0,cnes,A,2024,aim3_target_metrics_v2.parquet,374e15163c404aa19bf8453d170490862689d4b0db1c5d34b0e6dea8f075e1b8,18
target_centrality,T:2547821,13020.0,cnes,A,2024,aim3_target_metrics_v2.parquet,374e15163c404aa19bf8453d170490862689d4b0db1c5d34b0e6dea8f075e1b8,31
target_centrality,T:2550792,82487.66666666667,cnes,A,2024,aim3_target_metrics_v2.parquet,374e15163c404aa19bf8453d170490862689d4b0db1c5d34b0e6dea8f075e1b8,53
target_centrality,T:2555646,9990.0,cnes,A,2024,aim3_target_metrics_v2.parquet,374e15163c404aa19bf8453d170490862689d4b0db1c5d34b0e6dea8f075e1b8,16
target_centrality,T:2558246,6687.0,cnes,A,2024,aim3_target_metrics_v2.parquet,374e15163c404aa19bf8453d170490862689d4b0db1c5d34b0e6dea8f075e1b8,23
target_centrality,T:2558254,0.0,cnes,A,2024,aim3_target_metrics_v2.parquet,374e15163c404aa19bf8453d170490862689d4b0db1c5d34b0e6dea8f075e1b8,11
target_centrality,T:2560771,44974.5,cnes,A,2024,aim3_target_metrics_v2.parquet,374e15163c404aa19bf8453d170490862689d4b0db1c5d34b0e6dea8f075e1b8,74
target_centrality,T:2560852,0.0,cnes,A,2024,aim3_target_metrics_v2.parquet,374e15163c404aa19bf8453d170490862689d4b0db1c5d34b0e6dea8f075e1b8,<5
target_centrality,T:2561492,1166651.0,cnes,A,2024,aim3_target_metrics_v2.parquet,374e15163c404aa19bf8453d170490862689d4b0db1c5d34b0e6dea8f075e1b8,140
target_centrality,T:2568713,1.0,cnes,A,2024,aim3_target_metrics_v2.parquet,374e15163c404aa19bf8453d170490862689d4b0db1c5d34b0e6dea8f075e1b8,<5
target_centrality,T:2571072,0.0,cnes,A,2024,aim3_target_metrics_v2.parquet,374e15163c404aa19bf8453d170490862689d4b0db1c5d34b0e6dea8f075e1b8,<5
target_centrality,T:2576341,98984.16666666667,cnes,A,2024,aim3_target_metrics_v2.parquet,374e15163c404aa19bf8453d170490862689d4b0db1c5d34b0e6dea8f075e1b8,98
target_centrality,T:2577623,7152.333333333333,cnes,A,2024,aim3_target_metrics_v2.parquet,374e15163c404aa19bf8453d170490862689d4b0db1c5d34b0e6dea8f075e1b8,14
target_centrality,T:2580055,35433.0,cnes,A,2024,aim3_target_metrics_v2.parquet,374e15163c404aa19bf8453d170490862689d4b0db1c5d34b0e6dea8f075e1b8,49
target_centrality,T:2586142,164418.0,cnes,A,2024,aim3_target_metrics_v2.parquet,374e15163c404aa19bf8453d170490862689d4b0db1c5d34b0e6dea8f075e1b8,69
target_centrality,T:2587335,10520.5,cnes,A,2024,aim3_target_metrics_v2.parquet,374e15163c404aa19bf8453d170490862689d4b0db1c5d34b0e6dea8f075e1b8,33
target_centrality,T:2589265,241340.0,cnes,A,2024,aim3_target_metrics_v2.parquet,374e15163c404aa19bf8453d170490862689d4b0db1c5d34b0e6dea8f075e1b8,108
target_centrality,T:2591049,0.0,cnes,A,2024,aim3_target_metrics_v2.parquet,374e15163c404aa19bf8453d170490862689d4b0db1c5d34b0e6dea8f075e1b8,8
target_centrality,T:2600536,16645.0,cnes,A,2024,aim3_target_metrics_v2.parquet,374e15163c404aa19bf8453d170490862689d4b0db1c5d34b0e6dea8f075e1b8,16
target_centrality,T:2646536,56640.5,cnes,A,2024,aim3_target_metrics_v2.parquet,374e15163c404aa19bf8453d170490862689d4b0db1c5d34b0e6dea8f075e1b8,56
target_centrality,T:2646773,3331.0,cnes,A,2024,aim3_target_metrics_v2.parquet,374e15163c404aa19bf8453d170490862689d4b0db1c5d34b0e6dea8f075e1b8,15
target_centrality,T:2651610,180950.83333333334,cnes,A,2024,aim3_target_metrics_v2.parquet,374e15163c404aa19bf8453d170490862689d4b0db1c5d34b0e6dea8f075e1b8,172
target_centrality,T:2653982,29943.0,cnes,A,2024,aim3_target_metrics_v2.parquet,374e15163c404aa19bf8453d170490862689d4b0db1c5d34b0e6dea8f075e1b8,31
target_centrality,T:2655411,0.0,cnes,A,2024,aim3_target_metrics_v2.parquet,374e15163c404aa19bf8453d170490862689d4b0db1c5d34b0e6dea8f075e1b8,<5
target_centrality,T:2672839,15605.5,cnes,A,2024,aim3_target_metrics_v2.parquet,374e15163c404aa19bf8453d170490862689d4b0db1c5d34b0e6dea8f075e1b8,23
target_centrality,T:2686953,22592.5,cnes,A,2024,aim3_target_metrics_v2.parquet,374e15163c404aa19bf8453d170490862689d4b0db1c5d34b0e6dea8f075e1b8,63
target_centrality,T:2688433,0.0,cnes,A,2024,aim3_target_metrics_v2.parquet,374e15163c404aa19bf8453d170490862689d4b0db1c5d34b0e6dea8f075e1b8,<5
target_centrality,T:2688689,12561.0,cnes,A,2024,aim3_target_metrics_v2.parquet,374e15163c404aa19bf8453d170490862689d4b0db1c5d34b0e6dea8f075e1b8,143
target_centrality,T:2691841,200757.5,cnes,A,2024,aim3_target_metrics_v2.parquet,374e15163c404aa19bf8453d170490862689d4b0db1c5d34b0e6dea8f075e1b8,49
target_centrality,T:2691868,0.0,cnes,A,2024,aim3_target_metrics_v2.parquet,374e15163c404aa19bf8453d170490862689d4b0db1c5d34b0e6dea8f075e1b8,<5
target_centrality,T:2696940,6661.0,cnes,A,2024,aim3_target_metrics_v2.parquet,374e15163c404aa19bf8453d170490862689d4b0db1c5d34b0e6dea8f075e1b8,9
target_centrality,T:2704900,30277.0,cnes,A,2024,aim3_target_metrics_v2.parquet,374e15163c404aa19bf8453d170490862689d4b0db1c5d34b0e6dea8f075e1b8,71
target_centrality,T:2705982,33038.0,cnes,A,2024,aim3_target_metrics_v2.parquet,374e15163c404aa19bf8453d170490862689d4b0db1c5d34b0e6dea8f075e1b8,90
target_centrality,T:2707675,3332.0,cnes,A,2024,aim3_target_metrics_v2.parquet,374e15163c404aa19bf8453d170490862689d4b0db1c5d34b0e6dea8f075e1b8,17
target_centrality,T:2726653,3332.0,cnes,A,2024,aim3_target_metrics_v2.parquet,374e15163c404aa19bf8453d170490862689d4b0db1c5d34b0e6dea8f075e1b8,25
target_centrality,T:2726726,0.0,cnes,A,2024,aim3_target_metrics_v2.parquet,374e15163c404aa19bf8453d170490862689d4b0db1c5d34b0e6dea8f075e1b8,<5
target_centrality,T:2726971,26540.5,cnes,A,2024,aim3_target_metrics_v2.parquet,374e15163c404aa19bf8453d170490862689d4b0db1c5d34b0e6dea8f075e1b8,19
target_centrality,T:2733307,18854.0,cnes,A,2024,aim3_target_metrics_v2.parquet,374e15163c404aa19bf8453d170490862689d4b0db1c5d34b0e6dea8f075e1b8,11
target_centrality,T:2738309,9990.25,cnes,A,2024,aim3_target_metrics_v2.parquet,374e15163c404aa19bf8453d170490862689d4b0db1c5d34b0e6dea8f075e1b8,15
target_centrality,T:2738368,123069.25,cnes,A,2024,aim3_target_metrics_v2.parquet,374e15163c404aa19bf8453d170490862689d4b0db1c5d34b0e6dea8f075e1b8,155
target_centrality,T:2740338,62161.75,cnes,A,2024,aim3_target_metrics_v2.parquet,374e15163c404aa19bf8453d170490862689d4b0db1c5d34b0e6dea8f075e1b8,40
target_centrality,T:2743469,221966.5,cnes,A,2024,aim3_target_metrics_v2.parquet,374e15163c404aa19bf8453d170490862689d4b0db1c5d34b0e6dea8f075e1b8,31
target_centrality,T:2748029,16388.0,cnes,A,2024,aim3_target_metrics_v2.parquet,374e15163c404aa19bf8453d170490862689d4b0db1c5d34b0e6dea8f075e1b8,24
target_centrality,T:2748223,58588.0,cnes,A,2024,aim3_target_metrics_v2.parquet,374e15163c404aa19bf8453d170490862689d4b0db1c5d34b0e6dea8f075e1b8,69
target_centrality,T:2752700,19975.5,cnes,A,2024,aim3_target_metrics_v2.parquet,374e15163c404aa19bf8453d170490862689d4b0db1c5d34b0e6dea8f075e1b8,46
target_centrality,T:2753278,0.0,cnes,A,2024,aim3_target_metrics_v2.parquet,374e15163c404aa19bf8453d170490862689d4b0db1c5d34b0e6dea8f075e1b8,12
target_centrality,T:2755130,95959.5,cnes,A,2024,aim3_target_metrics_v2.parquet,374e15163c404aa19bf8453d170490862689d4b0db1c5d34b0e6dea8f075e1b8,100
target_centrality,T:2755165,0.0,cnes,A,2024,aim3_target_metrics_v2.parquet,374e15163c404aa19bf8453d170490862689d4b0db1c5d34b0e6dea8f075e1b8,<5
target_centrality,T:2756951,0.0,cnes,A,2024,aim3_target_metrics_v2.parquet,374e15163c404aa19bf8453d170490862689d4b0db1c5d34b0e6dea8f075e1b8,21
target_centrality,T:2758164,24133.0,cnes,A,2024,aim3_target_metrics_v2.parquet,374e15163c404aa19bf8453d170490862689d4b0db1c5d34b0e6dea8f075e1b8,32
target_centrality,T:2761092,28226.0,cnes,A,2024,aim3_target_metrics_v2.parquet,374e15163c404aa19bf8453d170490862689d4b0db1c5d34b0e6dea8f075e1b8,26
target_centrality,T:2767953,0.0,cnes,A,2024,aim3_target_metrics_v2.parquet,374e15163c404aa19bf8453d170490862689d4b0db1c5d34b0e6dea8f075e1b8,22
target_centrality,T:2772310,5692.5,cnes,A,2024,aim3_target_metrics_v2.parquet,374e15163c404aa19bf8453d170490862689d4b0db1c5d34b0e6dea8f075e1b8,34
target_centrality,T:2775999,108561.0,cnes,A,2024,aim3_target_metrics_v2.parquet,374e15163c404aa19bf8453d170490862689d4b0db1c5d34b0e6dea8f075e1b8,63
target_centrality,T:2781859,37851.0,cnes,A,2024,aim3_target_metrics_v2.parquet,374e15163c404aa19bf8453d170490862689d4b0db1c5d34b0e6dea8f075e1b8,45
target_centrality,T:2786117,96172.0,cnes,A,2024,aim3_target_metrics_v2.parquet,374e15163c404aa19bf8453d170490862689d4b0db1c5d34b0e6dea8f075e1b8,69
target_centrality,T:2786435,22732.0,cnes,A,2024,aim3_target_metrics_v2.parquet,374e15163c404aa19bf8453d170490862689d4b0db1c5d34b0e6dea8f075e1b8,239
target_centrality,T:2790602,93777.0,cnes,A,2024,aim3_target_metrics_v2.parquet,374e15163c404aa19bf8453d170490862689d4b0db1c5d34b0e6dea8f075e1b8,193
target_centrality,T:2791722,19972.0,cnes,A,2024,aim3_target_metrics_v2.parquet,374e15163c404aa19bf8453d170490862689d4b0db1c5d34b0e6dea8f075e1b8,31
target_centrality,T:2792168,1.0,cnes,A,2024,aim3_target_metrics_v2.parquet,374e15163c404aa19bf8453d170490862689d4b0db1c5d34b0e6dea8f075e1b8,14
target_centrality,T:2792176,3331.0,cnes,A,2024,aim3_target_metrics_v2.parquet,374e15163c404aa19bf8453d170490862689d4b0db1c5d34b0e6dea8f075e1b8,73
target_centrality,T:2795655,48794.0,cnes,A,2024,aim3_target_metrics_v2.parquet,374e15163c404aa19bf8453d170490862689d4b0db1c5d34b0e6dea8f075e1b8,52
target_centrality,T:2798298,0.0,cnes,A,2024,aim3_target_metrics_v2.parquet,374e15163c404aa19bf8453d170490862689d4b0db1c5d34b0e6dea8f075e1b8,84
target_centrality,T:2798484,25483.0,cnes,A,2024,aim3_target_metrics_v2.parquet,374e15163c404aa19bf8453d170490862689d4b0db1c5d34b0e6dea8f075e1b8,50
target_centrality,T:2798662,14923.0,cnes,A,2024,aim3_target_metrics_v2.parquet,374e15163c404aa19bf8453d170490862689d4b0db1c5d34b0e6dea8f075e1b8,233
target_centrality,T:2799758,404449.3333333333,cnes,A,2024,aim3_target_metrics_v2.parquet,374e15163c404aa19bf8453d170490862689d4b0db1c5d34b0e6dea8f075e1b8,356
target_centrality,T:2802783,169182.0,cnes,A,2024,aim3_target_metrics_v2.parquet,374e15163c404aa19bf8453d170490862689d4b0db1c5d34b0e6dea8f075e1b8,282
target_centrality,T:2816210,65357.5,cnes,A,2024,aim3_target_metrics_v2.parquet,374e15163c404aa19bf8453d170490862689d4b0db1c5d34b0e6dea8f075e1b8,136
target_centrality,T:2945622,47605.333333333336,cnes,A,2024,aim3_target_metrics_v2.parquet,374e15163c404aa19bf8453d170490862689d4b0db1c5d34b0e6dea8f075e1b8,80
target_centrality,T:3075516,3331.0,cnes,A,2024,aim3_target_metrics_v2.parquet,374e15163c404aa19bf8453d170490862689d4b0db1c5d34b0e6dea8f075e1b8,9
target_centrality,T:3126838,32851.0,cnes,A,2024,aim3_target_metrics_v2.parquet,374e15163c404aa19bf8453d170490862689d4b0db1c5d34b0e6dea8f075e1b8,101
target_centrality,T:3157245,548368.5,cnes,A,2024,aim3_target_metrics_v2.parquet,374e15163c404aa19bf8453d170490862689d4b0db1c5d34b0e6dea8f075e1b8,161
target_centrality,T:3212130,0.0,cnes,A,2024,aim3_target_metrics_v2.parquet,374e15163c404aa19bf8453d170490862689d4b0db1c5d34b0e6dea8f075e1b8,64
target_centrality,T:3285391,111485.5,cnes,A,2024,aim3_target_metrics_v2.parquet,374e15163c404aa19bf8453d170490862689d4b0db1c5d34b0e6dea8f075e1b8,128
target_centrality,T:3508528,3332.0,cnes,A,2024,aim3_target_metrics_v2.parquet,374e15163c404aa19bf8453d170490862689d4b0db1c5d34b0e6dea8f075e1b8,43
target_centrality,T:3675580,9993.0,cnes,A,2024,aim3_target_metrics_v2.parquet,374e15163c404aa19bf8453d170490862689d4b0db1c5d34b0e6dea8f075e1b8,18
target_centrality,T:4001303,227996.0,cnes,A,2024,aim3_target_metrics_v2.parquet,374e15163c404aa19bf8453d170490862689d4b0db1c5d34b0e6dea8f075e1b8,137
target_centrality,T:4028155,110954.0,cnes,A,2024,aim3_target_metrics_v2.parquet,374e15163c404aa19bf8453d170490862689d4b0db1c5d34b0e6dea8f075e1b8,46
target_centrality,T:4034236,0.0,cnes,A,2024,aim3_target_metrics_v2.parquet,374e15163c404aa19bf8453d170490862689d4b0db1c5d34b0e6dea8f075e1b8,5
target_centrality,T:4042085,9990.0,cnes,A,2024,aim3_target_metrics_v2.parquet,374e15163c404aa19bf8453d170490862689d4b0db1c5d34b0e6dea8f075e1b8,<5
target_centrality,T:4044916,160412.5,cnes,A,2024,aim3_target_metrics_v2.parquet,374e15163c404aa19bf8453d170490862689d4b0db1c5d34b0e6dea8f075e1b8,125
target_centrality,T:4049020,0.0,cnes,A,2024,aim3_target_metrics_v2.parquet,374e15163c404aa19bf8453d170490862689d4b0db1c5d34b0e6dea8f075e1b8,<5
target_centrality,T:4056752,17879.75,cnes,A,2024,aim3_target_metrics_v2.parquet,374e15163c404aa19bf8453d170490862689d4b0db1c5d34b0e6dea8f075e1b8,18
target_centrality,T:4190203,30675.5,cnes,A,2024,aim3_target_metrics_v2.parquet,374e15163c404aa19bf8453d170490862689d4b0db1c5d34b0e6dea8f075e1b8,38
target_centrality,T:4578732,22135.5,cnes,A,2024,aim3_target_metrics_v2.parquet,374e15163c404aa19bf8453d170490862689d4b0db1c5d34b0e6dea8f075e1b8,33
target_centrality,T:4635612,0.0,cnes,A,2024,aim3_target_metrics_v2.parquet,374e15163c404aa19bf8453d170490862689d4b0db1c5d34b0e6dea8f075e1b8,<5
target_centrality,T:5061989,19971.0,cnes,A,2024,aim3_target_metrics_v2.parquet,374e15163c404aa19bf8453d170490862689d4b0db1c5d34b0e6dea8f075e1b8,80
target_centrality,T:5169976,3331.0,cnes,A,2024,aim3_target_metrics_v2.parquet,374e15163c404aa19bf8453d170490862689d4b0db1c5d34b0e6dea8f075e1b8,32
target_centrality,T:5200105,0.0,cnes,A,2024,aim3_target_metrics_v2.parquet,374e15163c404aa19bf8453d170490862689d4b0db1c5d34b0e6dea8f075e1b8,31
target_centrality,T:5336171,277321.6666666666,cnes,A,2024,aim3_target_metrics_v2.parquet,374e15163c404aa19bf8453d170490862689d4b0db1c5d34b0e6dea8f075e1b8,55
target_centrality,T:5412447,6661.0,cnes,A,2024,aim3_target_metrics_v2.parquet,374e15163c404aa19bf8453d170490862689d4b0db1c5d34b0e6dea8f075e1b8,57
target_centrality,T:5585422,71930.5,cnes,A,2024,aim3_target_metrics_v2.parquet,374e15163c404aa19bf8453d170490862689d4b0db1c5d34b0e6dea8f075e1b8,62
target_centrality,T:5597501,16645.0,cnes,A,2024,aim3_target_metrics_v2.parquet,374e15163c404aa19bf8453d170490862689d4b0db1c5d34b0e6dea8f075e1b8,32
target_centrality,T:5599504,30130.0,cnes,A,2024,aim3_target_metrics_v2.parquet,374e15163c404aa19bf8453d170490862689d4b0db1c5d34b0e6dea8f075e1b8,33
target_centrality,T:5860490,43547.5,cnes,A,2024,aim3_target_metrics_v2.parquet,374e15163c404aa19bf8453d170490862689d4b0db1c5d34b0e6dea8f075e1b8,14
target_centrality,T:6048692,0.0,cnes,A,2024,aim3_target_metrics_v2.parquet,374e15163c404aa19bf8453d170490862689d4b0db1c5d34b0e6dea8f075e1b8,<5
target_centrality,T:6085423,34616.5,cnes,A,2024,aim3_target_metrics_v2.parquet,374e15163c404aa19bf8453d170490862689d4b0db1c5d34b0e6dea8f075e1b8,79
target_centrality,T:6095666,3333.0,cnes,A,2024,aim3_target_metrics_v2.parquet,374e15163c404aa19bf8453d170490862689d4b0db1c5d34b0e6dea8f075e1b8,58
target_centrality,T:6123740,38936.0,cnes,A,2024,aim3_target_metrics_v2.parquet,374e15163c404aa19bf8453d170490862689d4b0db1c5d34b0e6dea8f075e1b8,108
target_centrality,T:6201059,3322.0,cnes,A,2024,aim3_target_metrics_v2.parquet,374e15163c404aa19bf8453d170490862689d4b0db1c5d34b0e6dea8f075e1b8,28
target_centrality,T:6542638,43711.5,cnes,A,2024,aim3_target_metrics_v2.parquet,374e15163c404aa19bf8453d170490862689d4b0db1c5d34b0e6dea8f075e1b8,64
target_centrality,T:6595197,23170.0,cnes,A,2024,aim3_target_metrics_v2.parquet,374e15163c404aa19bf8453d170490862689d4b0db1c5d34b0e6dea8f075e1b8,135
target_centrality,T:6599877,0.0,cnes,A,2024,aim3_target_metrics_v2.parquet,374e15163c404aa19bf8453d170490862689d4b0db1c5d34b0e6dea8f075e1b8,<5
target_centrality,T:6601804,0.0,cnes,A,2024,aim3_target_metrics_v2.parquet,374e15163c404aa19bf8453d170490862689d4b0db1c5d34b0e6dea8f075e1b8,195
target_centrality,T:6665322,166710.33333333334,cnes,A,2024,aim3_target_metrics_v2.parquet,374e15163c404aa19bf8453d170490862689d4b0db1c5d34b0e6dea8f075e1b8,179
target_centrality,T:6756107,366820.5,cnes,A,2024,aim3_target_metrics_v2.parquet,374e15163c404aa19bf8453d170490862689d4b0db1c5d34b0e6dea8f075e1b8,545
target_centrality,T:6779522,25743.5,cnes,A,2024,aim3_target_metrics_v2.parquet,374e15163c404aa19bf8453d170490862689d4b0db1c5d34b0e6dea8f075e1b8,81
target_centrality,T:6848710,39907.0,cnes,A,2024,aim3_target_metrics_v2.parquet,374e15163c404aa19bf8453d170490862689d4b0db1c5d34b0e6dea8f075e1b8,71
target_centrality,T:6876617,0.0,cnes,A,2024,aim3_target_metrics_v2.parquet,374e15163c404aa19bf8453d170490862689d4b0db1c5d34b0e6dea8f075e1b8,<5
target_centrality,T:6878687,13309.0,cnes,A,2024,aim3_target_metrics_v2.parquet,374e15163c404aa19bf8453d170490862689d4b0db1c5d34b0e6dea8f075e1b8,63
target_centrality,T:7061021,3333.5,cnes,A,2024,aim3_target_metrics_v2.parquet,374e15163c404aa19bf8453d170490862689d4b0db1c5d34b0e6dea8f075e1b8,23
target_centrality,T:7066376,7981.5,cnes,A,2024,aim3_target_metrics_v2.parquet,374e15163c404aa19bf8453d170490862689d4b0db1c5d34b0e6dea8f075e1b8,32
target_centrality,T:7068336,67134.0,cnes,A,2024,aim3_target_metrics_v2.parquet,374e15163c404aa19bf8453d170490862689d4b0db1c5d34b0e6dea8f075e1b8,49
target_centrality,T:7257406,6823.0,cnes,A,2024,aim3_target_metrics_v2.parquet,374e15163c404aa19bf8453d170490862689d4b0db1c5d34b0e6dea8f075e1b8,124
target_centrality,T:7354746,0.0,cnes,A,2024,aim3_target_metrics_v2.parquet,374e15163c404aa19bf8453d170490862689d4b0db1c5d34b0e6dea8f075e1b8,<5
target_centrality,T:7373465,1.0,cnes,A,2024,aim3_target_metrics_v2.parquet,374e15163c404aa19bf8453d170490862689d4b0db1c5d34b0e6dea8f075e1b8,132
target_centrality,T:7400926,3367.0,cnes,A,2024,aim3_target_metrics_v2.parquet,374e15163c404aa19bf8453d170490862689d4b0db1c5d34b0e6dea8f075e1b8,12
target_centrality,T:7498810,359752.5,cnes,A,2024,aim3_target_metrics_v2.parquet,374e15163c404aa19bf8453d170490862689d4b0db1c5d34b0e6dea8f075e1b8,352
target_centrality,T:7513151,325209.5,cnes,A,2024,aim3_target_metrics_v2.parquet,374e15163c404aa19bf8453d170490862689d4b0db1c5d34b0e6dea8f075e1b8,149
target_centrality,T:7564546,0.0,cnes,A,2024,aim3_target_metrics_v2.parquet,374e15163c404aa19bf8453d170490862689d4b0db1c5d34b0e6dea8f075e1b8,74
target_centrality,T:7573162,32436.0,cnes,A,2024,aim3_target_metrics_v2.parquet,374e15163c404aa19bf8453d170490862689d4b0db1c5d34b0e6dea8f075e1b8,14
target_centrality,T:7743068,88258.0,cnes,A,2024,aim3_target_metrics_v2.parquet,374e15163c404aa19bf8453d170490862689d4b0db1c5d34b0e6dea8f075e1b8,129
target_centrality,T:7845138,3331.0,cnes,A,2024,aim3_target_metrics_v2.parquet,374e15163c404aa19bf8453d170490862689d4b0db1c5d34b0e6dea8f075e1b8,<5
target_centrality,T:7866801,590448.4999999999,cnes,A,2024,aim3_target_metrics_v2.parquet,374e15163c404aa19bf8453d170490862689d4b0db1c5d34b0e6dea8f075e1b8,510
target_centrality,T:7891067,0.0,cnes,A,2024,aim3_target_metrics_v2.parquet,374e15163c404aa19bf8453d170490862689d4b0db1c5d34b0e6dea8f075e1b8,<5
target_centrality,T:7967012,230954.5,cnes,A,2024,aim3_target_metrics_v2.parquet,374e15163c404aa19bf8453d170490862689d4b0db1c5d34b0e6dea8f075e1b8,148
target_centrality,T:9065768,13323.0,cnes,A,2024,aim3_target_metrics_v2.parquet,374e15163c404aa19bf8453d170490862689d4b0db1c5d34b0e6dea8f075e1b8,24
target_centrality,T:9074457,671856.0,cnes,A,2024,aim3_target_metrics_v2.parquet,374e15163c404aa19bf8453d170490862689d4b0db1c5d34b0e6dea8f075e1b8,662
target_centrality,T:9209352,257520.5,cnes,A,2024,aim3_target_metrics_v2.parquet,374e15163c404aa19bf8453d170490862689d4b0db1c5d34b0e6dea8f075e1b8,81
target_centrality,T:9388133,212596.5,cnes,A,2024,aim3_target_metrics_v2.parquet,374e15163c404aa19bf8453d170490862689d4b0db1c5d34b0e6dea8f075e1b8,125
target_centrality,T:9425802,42694.5,cnes,A,2024,aim3_target_metrics_v2.parquet,374e15163c404aa19bf8453d170490862689d4b0db1c5d34b0e6dea8f075e1b8,45
target_centrality,T:9443665,266212.8333333334,cnes,A,2024,aim3_target_metrics_v2.parquet,374e15163c404aa19bf8453d170490862689d4b0db1c5d34b0e6dea8f075e1b8,227
target_centrality,T:9465464,3327.0,cnes,A,2024,aim3_target_metrics_v2.parquet,374e15163c404aa19bf8453d170490862689d4b0db1c5d34b0e6dea8f075e1b8,139
target_centrality,T:9491112,36528.5,cnes,A,2024,aim3_target_metrics_v2.parquet,374e15163c404aa19bf8453d170490862689d4b0db1c5d34b0e6dea8f075e1b8,124
target_centrality,T:9491252,68506.0,cnes,A,2024,aim3_target_metrics_v2.parquet,374e15163c404aa19bf8453d170490862689d4b0db1c5d34b0e6dea8f075e1b8,37
target_centrality,T:9543856,561602.3333333334,cnes,A,2024,aim3_target_metrics_v2.parquet,374e15163c404aa19bf8453d170490862689d4b0db1c5d34b0e6dea8f075e1b8,192
target_centrality,T:9556095,42156.0,cnes,A,2024,aim3_target_metrics_v2.parquet,374e15163c404aa19bf8453d170490862689d4b0db1c5d34b0e6dea8f075e1b8,59
target_centrality,T:9575936,438085.4999999999,cnes,A,2024,aim3_target_metrics_v2.parquet,374e15163c404aa19bf8453d170490862689d4b0db1c5d34b0e6dea8f075e1b8,245
target_centrality,T:9680977,0.0,cnes,A,2024,aim3_target_metrics_v2.parquet,374e15163c404aa19bf8453d170490862689d4b0db1c5d34b0e6dea8f075e1b8,14
target_centrality,T:9681752,3331.0,cnes,A,2024,aim3_target_metrics_v2.parquet,374e15163c404aa19bf8453d170490862689d4b0db1c5d34b0e6dea8f075e1b8,43
target_centrality,T:9841903,158661.5,cnes,A,2024,aim3_target_metrics_v2.parquet,374e15163c404aa19bf8453d170490862689d4b0db1c5d34b0e6dea8f075e1b8,47
target_centrality,T:0000396,14799.0,cnes,A,2025,aim3_target_metrics_v2.parquet,374e15163c404aa19bf8453d170490862689d4b0db1c5d34b0e6dea8f075e1b8,23
target_centrality,T:0000418,3646.0,cnes,A,2025,aim3_target_metrics_v2.parquet,374e15163c404aa19bf8453d170490862689d4b0db1c5d34b0e6dea8f075e1b8,36
target_centrality,T:0000426,43705.5,cnes,A,2025,aim3_target_metrics_v2.parquet,374e15163c404aa19bf8453d170490862689d4b0db1c5d34b0e6dea8f075e1b8,159
target_centrality,T:0000434,146136.0,cnes,A,2025,aim3_target_metrics_v2.parquet,374e15163c404aa19bf8453d170490862689d4b0db1c5d34b0e6dea8f075e1b8,65
target_centrality,T:0000477,364997.0,cnes,A,2025,aim3_target_metrics_v2.parquet,374e15163c404aa19bf8453d170490862689d4b0db1c5d34b0e6dea8f075e1b8,141
target_centrality,T:0000655,11180.0,cnes,A,2025,aim3_target_metrics_v2.parquet,374e15163c404aa19bf8453d170490862689d4b0db1c5d34b0e6dea8f075e1b8,28
target_centrality,T:0002283,169115.5,cnes,A,2025,aim3_target_metrics_v2.parquet,374e15163c404aa19bf8453d170490862689d4b0db1c5d34b0e6dea8f075e1b8,139
target_centrality,T:0002534,0.0,cnes,A,2025,aim3_target_metrics_v2.parquet,374e15163c404aa19bf8453d170490862689d4b0db1c5d34b0e6dea8f075e1b8,<5
target_centrality,T:0003816,10808.0,cnes,A,2025,aim3_target_metrics_v2.parquet,374e15163c404aa19bf8453d170490862689d4b0db1c5d34b0e6dea8f075e1b8,28
target_centrality,T:0003832,0.0,cnes,A,2025,aim3_target_metrics_v2.parquet,374e15163c404aa19bf8453d170490862689d4b0db1c5d34b0e6dea8f075e1b8,<5
target_centrality,T:0003859,648146.6666666666,cnes,A,2025,aim3_target_metrics_v2.parquet,374e15163c404aa19bf8453d170490862689d4b0db1c5d34b0e6dea8f075e1b8,655
target_centrality,T:0004251,16037.0,cnes,A,2025,aim3_target_metrics_v2.parquet,374e15163c404aa19bf8453d170490862689d4b0db1c5d34b0e6dea8f075e1b8,26
target_centrality,T:0008028,0.0,cnes,A,2025,aim3_target_metrics_v2.parquet,374e15163c404aa19bf8453d170490862689d4b0db1c5d34b0e6dea8f075e1b8,30
target_centrality,T:0008052,0.0,cnes,A,2025,aim3_target_metrics_v2.parquet,374e15163c404aa19bf8453d170490862689d4b0db1c5d34b0e6dea8f075e1b8,<5
target_centrality,T:0009601,0.0,cnes,A,2025,aim3_target_metrics_v2.parquet,374e15163c404aa19bf8453d170490862689d4b0db1c5d34b0e6dea8f075e1b8,8
target_centrality,T:0009628,11089.0,cnes,A,2025,aim3_target_metrics_v2.parquet,374e15163c404aa19bf8453d170490862689d4b0db1c5d34b0e6dea8f075e1b8,127
target_centrality,T:0009709,0.0,cnes,A,2025,aim3_target_metrics_v2.parquet,374e15163c404aa19bf8453d170490862689d4b0db1c5d34b0e6dea8f075e1b8,30
target_centrality,T:0009717,2001.0,cnes,A,2025,aim3_target_metrics_v2.parquet,374e15163c404aa19bf8453d170490862689d4b0db1c5d34b0e6dea8f075e1b8,62
target_centrality,T:0009725,19381.5,cnes,A,2025,aim3_target_metrics_v2.parquet,374e15163c404aa19bf8453d170490862689d4b0db1c5d34b0e6dea8f075e1b8,145
target_centrality,T:0010456,140446.0,cnes,A,2025,aim3_target_metrics_v2.parquet,374e15163c404aa19bf8453d170490862689d4b0db1c5d34b0e6dea8f075e1b8,627
target_centrality,T:0010472,0.0,cnes,A,2025,aim3_target_metrics_v2.parquet,374e15163c404aa19bf8453d170490862689d4b0db1c5d34b0e6dea8f075e1b8,<5
target_centrality,T:0010480,0.0,cnes,A,2025,aim3_target_metrics_v2.parquet,374e15163c404aa19bf8453d170490862689d4b0db1c5d34b0e6dea8f075e1b8,<5
target_centrality,T:0010499,2822.0,cnes,A,2025,aim3_target_metrics_v2.parquet,374e15163c404aa19bf8453d170490862689d4b0db1c5d34b0e6dea8f075e1b8,77
target_centrality,T:0010510,8588.0,cnes,A,2025,aim3_target_metrics_v2.parquet,374e15163c404aa19bf8453d170490862689d4b0db1c5d34b0e6dea8f075e1b8,54
target_centrality,T:0011746,30157.0,cnes,A,2025,aim3_target_metrics_v2.parquet,374e15163c404aa19bf8453d170490862689d4b0db1c5d34b0e6dea8f075e1b8,63
target_centrality,T:0012505,0.0,cnes,A,2025,aim3_target_metrics_v2.parquet,374e15163c404aa19bf8453d170490862689d4b0db1c5d34b0e6dea8f075e1b8,45
target_centrality,T:0013633,82368.33333333334,cnes,A,2025,aim3_target_metrics_v2.parquet,374e15163c404aa19bf8453d170490862689d4b0db1c5d34b0e6dea8f075e1b8,56
target_centrality,T:0013846,15687.0,cnes,A,2025,aim3_target_metrics_v2.parquet,374e15163c404aa19bf8453d170490862689d4b0db1c5d34b0e6dea8f075e1b8,17
target_centrality,T:0014109,80554.0,cnes,A,2025,aim3_target_metrics_v2.parquet,374e15163c404aa19bf8453d170490862689d4b0db1c5d34b0e6dea8f075e1b8,93
target_centrality,T:0015245,11100.0,cnes,A,2025,aim3_target_metrics_v2.parquet,374e15163c404aa19bf8453d170490862689d4b0db1c5d34b0e6dea8f075e1b8,30
target_centrality,T:0015334,0.0,cnes,A,2025,aim3_target_metrics_v2.parquet,374e15163c404aa19bf8453d170490862689d4b0db1c5d34b0e6dea8f075e1b8,<5
target_centrality,T:0015369,4688.0,cnes,A,2025,aim3_target_metrics_v2.parquet,374e15163c404aa19bf8453d170490862689d4b0db1c5d34b0e6dea8f075e1b8,15
target_centrality,T:0015407,11085.0,cnes,A,2025,aim3_target_metrics_v2.parquet,374e15163c404aa19bf8453d170490862689d4b0db1c5d34b0e6dea8f075e1b8,58
target_centrality,T:0015423,0.0,cnes,A,2025,aim3_target_metrics_v2.parquet,374e15163c404aa19bf8453d170490862689d4b0db1c5d34b0e6dea8f075e1b8,32
target_centrality,T:0015563,4153.0,cnes,A,2025,aim3_target_metrics_v2.parquet,374e15163c404aa19bf8453d170490862689d4b0db1c5d34b0e6dea8f075e1b8,5
target_centrality,T:0015644,30359.333333333332,cnes,A,2025,aim3_target_metrics_v2.parquet,374e15163c404aa19bf8453d170490862689d4b0db1c5d34b0e6dea8f075e1b8,53
target_centrality,T:0026808,49529.666666666664,cnes,A,2025,aim3_target_metrics_v2.parquet,374e15163c404aa19bf8453d170490862689d4b0db1c5d34b0e6dea8f075e1b8,75
target_centrality,T:0026859,7401.5,cnes,A,2025,aim3_target_metrics_v2.parquet,374e15163c404aa19bf8453d170490862689d4b0db1c5d34b0e6dea8f075e1b8,15
target_centrality,T:0027014,295704.0,cnes,A,2025,aim3_target_metrics_v2.parquet,374e15163c404aa19bf8453d170490862689d4b0db1c5d34b0e6dea8f075e1b8,197
target_centrality,T:0027022,29582.0,cnes,A,2025,aim3_target_metrics_v2.parquet,374e15163c404aa19bf8453d170490862689d4b0db1c5d34b0e6dea8f075e1b8,76
target_centrality,T:0027049,235906.0,cnes,A,2025,aim3_target_metrics_v2.parquet,374e15163c404aa19bf8453d170490862689d4b0db1c5d34b0e6dea8f075e1b8,116
target_centrality,T:0027863,3701.0,cnes,A,2025,aim3_target_metrics_v2.parquet,374e15163c404aa19bf8453d170490862689d4b0db1c5d34b0e6dea8f075e1b8,22
target_centrality,T:0086673,3661.0,cnes,A,2025,aim3_target_metrics_v2.parquet,374e15163c404aa19bf8453d170490862689d4b0db1c5d34b0e6dea8f075e1b8,42
target_centrality,T:0092894,3664.0,cnes,A,2025,aim3_target_metrics_v2.parquet,374e15163c404aa19bf8453d170490862689d4b0db1c5d34b0e6dea8f075e1b8,12
target_centrality,T:0105317,0.0,cnes,A,2025,aim3_target_metrics_v2.parquet,374e15163c404aa19bf8453d170490862689d4b0db1c5d34b0e6dea8f075e1b8,<5
target_centrality,T:0136581,387535.0,cnes,A,2025,aim3_target_metrics_v2.parquet,374e15163c404aa19bf8453d170490862689d4b0db1c5d34b0e6dea8f075e1b8,256
target_centrality,T:0179817,16744.0,cnes,A,2025,aim3_target_metrics_v2.parquet,374e15163c404aa19bf8453d170490862689d4b0db1c5d34b0e6dea8f075e1b8,15
target_centrality,T:0220027,59101.0,cnes,A,2025,aim3_target_metrics_v2.parquet,374e15163c404aa19bf8453d170490862689d4b0db1c5d34b0e6dea8f075e1b8,41
target_centrality,T:0220337,398404.0,cnes,A,2025,aim3_target_metrics_v2.parquet,374e15163c404aa19bf8453d170490862689d4b0db1c5d34b0e6dea8f075e1b8,185
target_centrality,T:0226491,48391.0,cnes,A,2025,aim3_target_metrics_v2.parquet,374e15163c404aa19bf8453d170490862689d4b0db1c5d34b0e6dea8f075e1b8,69
target_centrality,T:0547484,79879.83333333333,cnes,A,2025,aim3_target_metrics_v2.parquet,374e15163c404aa19bf8453d170490862689d4b0db1c5d34b0e6dea8f075e1b8,88
target_centrality,T:0607126,3704.666666666667,cnes,A,2025,aim3_target_metrics_v2.parquet,374e15163c404aa19bf8453d170490862689d4b0db1c5d34b0e6dea8f075e1b8,14
target_centrality,T:2001586,0.0,cnes,A,2025,aim3_target_metrics_v2.parquet,374e15163c404aa19bf8453d170490862689d4b0db1c5d34b0e6dea8f075e1b8,<5
target_centrality,T:2012685,0.0,cnes,A,2025,aim3_target_metrics_v2.parquet,374e15163c404aa19bf8453d170490862689d4b0db1c5d34b0e6dea8f075e1b8,5
target_centrality,T:2013649,69199.5,cnes,A,2025,aim3_target_metrics_v2.parquet,374e15163c404aa19bf8453d170490862689d4b0db1c5d34b0e6dea8f075e1b8,541
target_centrality,T:2017431,0.0,cnes,A,2025,aim3_target_metrics_v2.parquet,374e15163c404aa19bf8453d170490862689d4b0db1c5d34b0e6dea8f075e1b8,<5
target_centrality,T:2017644,0.0,cnes,A,2025,aim3_target_metrics_v2.parquet,374e15163c404aa19bf8453d170490862689d4b0db1c5d34b0e6dea8f075e1b8,<5
target_centrality,T:2018136,0.0,cnes,A,2025,aim3_target_metrics_v2.parquet,374e15163c404aa19bf8453d170490862689d4b0db1c5d34b0e6dea8f075e1b8,<5
target_centrality,T:2019574,1.5,cnes,A,2025,aim3_target_metrics_v2.parquet,374e15163c404aa19bf8453d170490862689d4b0db1c5d34b0e6dea8f075e1b8,15
target_centrality,T:2020645,0.0,cnes,A,2025,aim3_target_metrics_v2.parquet,374e15163c404aa19bf8453d170490862689d4b0db1c5d34b0e6dea8f075e1b8,6
target_centrality,T:2020890,11100.0,cnes,A,2025,aim3_target_metrics_v2.parquet,374e15163c404aa19bf8453d170490862689d4b0db1c5d34b0e6dea8f075e1b8,30
target_centrality,T:2023709,0.0,cnes,A,2025,aim3_target_metrics_v2.parquet,374e15163c404aa19bf8453d170490862689d4b0db1c5d34b0e6dea8f075e1b8,<5
target_centrality,T:2024691,7392.0,cnes,A,2025,aim3_target_metrics_v2.parquet,374e15163c404aa19bf8453d170490862689d4b0db1c5d34b0e6dea8f075e1b8,30
target_centrality,T:2025507,68479.0,cnes,A,2025,aim3_target_metrics_v2.parquet,374e15163c404aa19bf8453d170490862689d4b0db1c5d34b0e6dea8f075e1b8,36
target_centrality,T:2025752,3686.0,cnes,A,2025,aim3_target_metrics_v2.parquet,374e15163c404aa19bf8453d170490862689d4b0db1c5d34b0e6dea8f075e1b8,72
target_centrality,T:2066092,0.0,cnes,A,2025,aim3_target_metrics_v2.parquet,374e15163c404aa19bf8453d170490862689d4b0db1c5d34b0e6dea8f075e1b8,104
target_centrality,T:2071568,0.0,cnes,A,2025,aim3_target_metrics_v2.parquet,374e15163c404aa19bf8453d170490862689d4b0db1c5d34b0e6dea8f075e1b8,<5
target_centrality,T:2076926,0.0,cnes,A,2025,aim3_target_metrics_v2.parquet,374e15163c404aa19bf8453d170490862689d4b0db1c5d34b0e6dea8f075e1b8,54
target_centrality,T:2077396,346832.0,cnes,A,2025,aim3_target_metrics_v2.parquet,374e15163c404aa19bf8453d170490862689d4b0db1c5d34b0e6dea8f075e1b8,338
target_centrality,T:2077477,0.0,cnes,A,2025,aim3_target_metrics_v2.parquet,374e15163c404aa19bf8453d170490862689d4b0db1c5d34b0e6dea8f075e1b8,87
target_centrality,T:2077485,5866.0,cnes,A,2025,aim3_target_metrics_v2.parquet,374e15163c404aa19bf8453d170490862689d4b0db1c5d34b0e6dea8f075e1b8,88
target_centrality,T:2077523,0.0,cnes,A,2025,aim3_target_metrics_v2.parquet,374e15163c404aa19bf8453d170490862689d4b0db1c5d34b0e6dea8f075e1b8,38
target_centrality,T:2077531,0.0,cnes,A,2025,aim3_target_metrics_v2.parquet,374e15163c404aa19bf8453d170490862689d4b0db1c5d34b0e6dea8f075e1b8,<5
target_centrality,T:2077574,0.0,cnes,A,2025,aim3_target_metrics_v2.parquet,374e15163c404aa19bf8453d170490862689d4b0db1c5d34b0e6dea8f075e1b8,33
target_centrality,T:2077590,0.0,cnes,A,2025,aim3_target_metrics_v2.parquet,374e15163c404aa19bf8453d170490862689d4b0db1c5d34b0e6dea8f075e1b8,<5
target_centrality,T:2077620,0.0,cnes,A,2025,aim3_target_metrics_v2.parquet,374e15163c404aa19bf8453d170490862689d4b0db1c5d34b0e6dea8f075e1b8,38
target_centrality,T:2078015,3736042.0,cnes,A,2025,aim3_target_metrics_v2.parquet,374e15163c404aa19bf8453d170490862689d4b0db1c5d34b0e6dea8f075e1b8,1080
target_centrality,T:2078465,0.0,cnes,A,2025,aim3_target_metrics_v2.parquet,374e15163c404aa19bf8453d170490862689d4b0db1c5d34b0e6dea8f075e1b8,<5
target_centrality,T:2078562,7406.0,cnes,A,2025,aim3_target_metrics_v2.parquet,374e15163c404aa19bf8453d170490862689d4b0db1c5d34b0e6dea8f075e1b8,132
target_centrality,T:2078775,25780.5,cnes,A,2025,aim3_target_metrics_v2.parquet,374e15163c404aa19bf8453d170490862689d4b0db1c5d34b0e6dea8f075e1b8,45
target_centrality,T:2079720,7452.0,cnes,A,2025,aim3_target_metrics_v2.parquet,374e15163c404aa19bf8453d170490862689d4b0db1c5d34b0e6dea8f075e1b8,95
target_centrality,T:2079798,482129.0,cnes,A,2025,aim3_target_metrics_v2.parquet,374e15163c404aa19bf8453d170490862689d4b0db1c5d34b0e6dea8f075e1b8,242
target_centrality,T:2079828,3701.0,cnes,A,2025,aim3_target_metrics_v2.parquet,374e15163c404aa19bf8453d170490862689d4b0db1c5d34b0e6dea8f075e1b8,78
target_centrality,T:2080044,0.0,cnes,A,2025,aim3_target_metrics_v2.parquet,374e15163c404aa19bf8453d170490862689d4b0db1c5d34b0e6dea8f075e1b8,<5
target_centrality,T:2080125,0.0,cnes,A,2025,aim3_target_metrics_v2.parquet,374e15163c404aa19bf8453d170490862689d4b0db1c5d34b0e6dea8f075e1b8,16
target_centrality,T:2080184,0.0,cnes,A,2025,aim3_target_metrics_v2.parquet,374e15163c404aa19bf8453d170490862689d4b0db1c5d34b0e6dea8f075e1b8,7
target_centrality,T:2080338,0.0,cnes,A,2025,aim3_target_metrics_v2.parquet,374e15163c404aa19bf8453d170490862689d4b0db1c5d34b0e6dea8f075e1b8,46
target_centrality,T:2080346,0.0,cnes,A,2025,aim3_target_metrics_v2.parquet,374e15163c404aa19bf8453d170490862689d4b0db1c5d34b0e6dea8f075e1b8,139
target_centrality,T:2080354,0.0,cnes,A,2025,aim3_target_metrics_v2.parquet,374e15163c404aa19bf8453d170490862689d4b0db1c5d34b0e6dea8f075e1b8,<5
target_centrality,T:2080400,11100.0,cnes,A,2025,aim3_target_metrics_v2.parquet,374e15163c404aa19bf8453d170490862689d4b0db1c5d34b0e6dea8f075e1b8,24
target_centrality,T:2080532,28829.0,cnes,A,2025,aim3_target_metrics_v2.parquet,374e15163c404aa19bf8453d170490862689d4b0db1c5d34b0e6dea8f075e1b8,53
target_centrality,T:2080680,7405.0,cnes,A,2025,aim3_target_metrics_v2.parquet,374e15163c404aa19bf8453d170490862689d4b0db1c5d34b0e6dea8f075e1b8,60
target_centrality,T:2080931,30825.0,cnes,A,2025,aim3_target_metrics_v2.parquet,374e15163c404aa19bf8453d170490862689d4b0db1c5d34b0e6dea8f075e1b8,87
target_centrality,T:2081253,3685.0,cnes,A,2025,aim3_target_metrics_v2.parquet,374e15163c404aa19bf8453d170490862689d4b0db1c5d34b0e6dea8f075e1b8,17
target_centrality,T:2081377,114250.0,cnes,A,2025,aim3_target_metrics_v2.parquet,374e15163c404aa19bf8453d170490862689d4b0db1c5d34b0e6dea8f075e1b8,39
target_centrality,T:2081458,13475.0,cnes,A,2025,aim3_target_metrics_v2.parquet,374e15163c404aa19bf8453d170490862689d4b0db1c5d34b0e6dea8f075e1b8,118
target_centrality,T:2081512,0.0,cnes,A,2025,aim3_target_metrics_v2.parquet,374e15163c404aa19bf8453d170490862689d4b0db1c5d34b0e6dea8f075e1b8,13
target_centrality,T:2081695,53331.0,cnes,A,2025,aim3_target_metrics_v2.parquet,374e15163c404aa19bf8453d170490862689d4b0db1c5d34b0e6dea8f075e1b8,180
target_centrality,T:2082187,238872.5,cnes,A,2025,aim3_target_metrics_v2.parquet,374e15163c404aa19bf8453d170490862689d4b0db1c5d34b0e6dea8f075e1b8,156
target_centrality,T:2082225,0.0,cnes,A,2025,aim3_target_metrics_v2.parquet,374e15163c404aa19bf8453d170490862689d4b0db1c5d34b0e6dea8f075e1b8,<5
target_centrality,T:2082527,22102.0,cnes,A,2025,aim3_target_metrics_v2.parquet,374e15163c404aa19bf8453d170490862689d4b0db1c5d34b0e6dea8f075e1b8,56
target_centrality,T:2082594,0.0,cnes,A,2025,aim3_target_metrics_v2.parquet,374e15163c404aa19bf8453d170490862689d4b0db1c5d34b0e6dea8f075e1b8,33
target_centrality,T:2082861,3701.0,cnes,A,2025,aim3_target_metrics_v2.parquet,374e15163c404aa19bf8453d170490862689d4b0db1c5d34b0e6dea8f075e1b8,10
target_centrality,T:2083086,43339.5,cnes,A,2025,aim3_target_metrics_v2.parquet,374e15163c404aa19bf8453d170490862689d4b0db1c5d34b0e6dea8f075e1b8,44
target_centrality,T:2083094,21496.0,cnes,A,2025,aim3_target_metrics_v2.parquet,374e15163c404aa19bf8453d170490862689d4b0db1c5d34b0e6dea8f075e1b8,49
target_centrality,T:2083116,7329.0,cnes,A,2025,aim3_target_metrics_v2.parquet,374e15163c404aa19bf8453d170490862689d4b0db1c5d34b0e6dea8f075e1b8,8
target_centrality,T:2084163,0.0,cnes,A,2025,aim3_target_metrics_v2.parquet,374e15163c404aa19bf8453d170490862689d4b0db1c5d34b0e6dea8f075e1b8,<5
target_centrality,T:2087057,7401.0,cnes,A,2025,aim3_target_metrics_v2.parquet,374e15163c404aa19bf8453d170490862689d4b0db1c5d34b0e6dea8f075e1b8,31
target_centrality,T:2087103,0.0,cnes,A,2025,aim3_target_metrics_v2.parquet,374e15163c404aa19bf8453d170490862689d4b0db1c5d34b0e6dea8f075e1b8,<5
target_centrality,T:2087111,0.0,cnes,A,2025,aim3_target_metrics_v2.parquet,374e15163c404aa19bf8453d170490862689d4b0db1c5d34b0e6dea8f075e1b8,<5
target_centrality,T:2088576,0.0,cnes,A,2025,aim3_target_metrics_v2.parquet,374e15163c404aa19bf8453d170490862689d4b0db1c5d34b0e6dea8f075e1b8,<5
target_centrality,T:2089327,44352.0,cnes,A,2025,aim3_target_metrics_v2.parquet,374e15163c404aa19bf8453d170490862689d4b0db1c5d34b0e6dea8f075e1b8,71
target_centrality,T:2089335,0.0,cnes,A,2025,aim3_target_metrics_v2.parquet,374e15163c404aa19bf8453d170490862689d4b0db1c5d34b0e6dea8f075e1b8,14
target_centrality,T:2090236,1967546.0,cnes,A,2025,aim3_target_metrics_v2.parquet,374e15163c404aa19bf8453d170490862689d4b0db1c5d34b0e6dea8f075e1b8,327
target_centrality,T:2092298,2.0,cnes,A,2025,aim3_target_metrics_v2.parquet,374e15163c404aa19bf8453d170490862689d4b0db1c5d34b0e6dea8f075e1b8,32
target_centrality,T:2096412,2.5,cnes,A,2025,aim3_target_metrics_v2.parquet,374e15163c404aa19bf8453d170490862689d4b0db1c5d34b0e6dea8f075e1b8,32
target_centrality,T:2100754,0.0,cnes,A,2025,aim3_target_metrics_v2.parquet,374e15163c404aa19bf8453d170490862689d4b0db1c5d34b0e6dea8f075e1b8,<5
target_centrality,T:2105780,0.5,cnes,A,2025,aim3_target_metrics_v2.parquet,374e15163c404aa19bf8453d170490862689d4b0db1c5d34b0e6dea8f075e1b8,<5
target_centrality,T:2109867,29633.5,cnes,A,2025,aim3_target_metrics_v2.parquet,374e15163c404aa19bf8453d170490862689d4b0db1c5d34b0e6dea8f075e1b8,46
target_centrality,T:2111624,126811.0,cnes,A,2025,aim3_target_metrics_v2.parquet,374e15163c404aa19bf8453d170490862689d4b0db1c5d34b0e6dea8f075e1b8,110
target_centrality,T:2118661,44346.0,cnes,A,2025,aim3_target_metrics_v2.parquet,374e15163c404aa19bf8453d170490862689d4b0db1c5d34b0e6dea8f075e1b8,48
target_centrality,T:2119528,0.0,cnes,A,2025,aim3_target_metrics_v2.parquet,374e15163c404aa19bf8453d170490862689d4b0db1c5d34b0e6dea8f075e1b8,<5
target_centrality,T:2124289,0.0,cnes,A,2025,aim3_target_metrics_v2.parquet,374e15163c404aa19bf8453d170490862689d4b0db1c5d34b0e6dea8f075e1b8,<5
target_centrality,T:2127989,90619.0,cnes,A,2025,aim3_target_metrics_v2.parquet,374e15163c404aa19bf8453d170490862689d4b0db1c5d34b0e6dea8f075e1b8,115
target_centrality,T:2129469,0.0,cnes,A,2025,aim3_target_metrics_v2.parquet,374e15163c404aa19bf8453d170490862689d4b0db1c5d34b0e6dea8f075e1b8,<5
target_centrality,T:2129566,0.0,cnes,A,2025,aim3_target_metrics_v2.parquet,374e15163c404aa19bf8453d170490862689d4b0db1c5d34b0e6dea8f075e1b8,8
target_centrality,T:2146355,72716.0,cnes,A,2025,aim3_target_metrics_v2.parquet,374e15163c404aa19bf8453d170490862689d4b0db1c5d34b0e6dea8f075e1b8,107
target_centrality,T:2149990,59152.5,cnes,A,2025,aim3_target_metrics_v2.parquet,374e15163c404aa19bf8453d170490862689d4b0db1c5d34b0e6dea8f075e1b8,51
target_centrality,T:2153882,0.0,cnes,A,2025,aim3_target_metrics_v2.parquet,374e15163c404aa19bf8453d170490862689d4b0db1c5d34b0e6dea8f075e1b8,<5
target_centrality,T:2171945,82597.0,cnes,A,2025,aim3_target_metrics_v2.parquet,374e15163c404aa19bf8453d170490862689d4b0db1c5d34b0e6dea8f075e1b8,50
target_centrality,T:2171988,3701.0,cnes,A,2025,aim3_target_metrics_v2.parquet,374e15163c404aa19bf8453d170490862689d4b0db1c5d34b0e6dea8f075e1b8,<5
target_centrality,T:2195437,372.0,cnes,A,2025,aim3_target_metrics_v2.parquet,374e15163c404aa19bf8453d170490862689d4b0db1c5d34b0e6dea8f075e1b8,7
target_centrality,T:2195453,119133.5,cnes,A,2025,aim3_target_metrics_v2.parquet,374e15163c404aa19bf8453d170490862689d4b0db1c5d34b0e6dea8f075e1b8,68
target_centrality,T:2195585,5.0,cnes,A,2025,aim3_target_metrics_v2.parquet,374e15163c404aa19bf8453d170490862689d4b0db1c5d34b0e6dea8f075e1b8,<5
target_centrality,T:2200457,0.0,cnes,A,2025,aim3_target_metrics_v2.parquet,374e15163c404aa19bf8453d170490862689d4b0db1c5d34b0e6dea8f075e1b8,7
target_centrality,T:2206528,0.5,cnes,A,2025,aim3_target_metrics_v2.parquet,374e15163c404aa19bf8453d170490862689d4b0db1c5d34b0e6dea8f075e1b8,<5
target_centrality,T:2206595,11100.0,cnes,A,2025,aim3_target_metrics_v2.parquet,374e15163c404aa19bf8453d170490862689d4b0db1c5d34b0e6dea8f075e1b8,14
target_centrality,T:2208172,7401.0,cnes,A,2025,aim3_target_metrics_v2.parquet,374e15163c404aa19bf8453d170490862689d4b0db1c5d34b0e6dea8f075e1b8,<5
target_centrality,T:2208857,0.0,cnes,A,2025,aim3_target_metrics_v2.parquet,374e15163c404aa19bf8453d170490862689d4b0db1c5d34b0e6dea8f075e1b8,<5
target_centrality,T:2218798,50522.0,cnes,A,2025,aim3_target_metrics_v2.parquet,374e15163c404aa19bf8453d170490862689d4b0db1c5d34b0e6dea8f075e1b8,65
target_centrality,T:2219646,48041.5,cnes,A,2025,aim3_target_metrics_v2.parquet,374e15163c404aa19bf8453d170490862689d4b0db1c5d34b0e6dea8f075e1b8,28
target_centrality,T:2219654,99049.5,cnes,A,2025,aim3_target_metrics_v2.parquet,374e15163c404aa19bf8453d170490862689d4b0db1c5d34b0e6dea8f075e1b8,56
target_centrality,T:2223538,47958.0,cnes,A,2025,aim3_target_metrics_v2.parquet,374e15163c404aa19bf8453d170490862689d4b0db1c5d34b0e6dea8f075e1b8,147
target_centrality,T:2223546,0.0,cnes,A,2025,aim3_target_metrics_v2.parquet,374e15163c404aa19bf8453d170490862689d4b0db1c5d34b0e6dea8f075e1b8,11
target_centrality,T:2227762,602817.1666666666,cnes,A,2025,aim3_target_metrics_v2.parquet,374e15163c404aa19bf8453d170490862689d4b0db1c5d34b0e6dea8f075e1b8,522
target_centrality,T:2232022,0.0,cnes,A,2025,aim3_target_metrics_v2.parquet,374e15163c404aa19bf8453d170490862689d4b0db1c5d34b0e6dea8f075e1b8,<5
target_centrality,T:2237253,101726.0,cnes,A,2025,aim3_target_metrics_v2.parquet,374e15163c404aa19bf8453d170490862689d4b0db1c5d34b0e6dea8f075e1b8,114
target_centrality,T:2237571,667527.0,cnes,A,2025,aim3_target_metrics_v2.parquet,374e15163c404aa19bf8453d170490862689d4b0db1c5d34b0e6dea8f075e1b8,242
target_centrality,T:2237601,88586.16666666667,cnes,A,2025,aim3_target_metrics_v2.parquet,374e15163c404aa19bf8453d170490862689d4b0db1c5d34b0e6dea8f075e1b8,179
target_centrality,T:2244101,43344.666666666664,cnes,A,2025,aim3_target_metrics_v2.parquet,374e15163c404aa19bf8453d170490862689d4b0db1c5d34b0e6dea8f075e1b8,72
target_centrality,T:2244306,18500.5,cnes,A,2025,aim3_target_metrics_v2.parquet,374e15163c404aa19bf8453d170490862689d4b0db1c5d34b0e6dea8f075e1b8,86
target_centrality,T:2246929,55805.0,cnes,A,2025,aim3_target_metrics_v2.parquet,374e15163c404aa19bf8453d170490862689d4b0db1c5d34b0e6dea8f075e1b8,64
target_centrality,T:2246988,15183.0,cnes,A,2025,aim3_target_metrics_v2.parquet,374e15163c404aa19bf8453d170490862689d4b0db1c5d34b0e6dea8f075e1b8,30
target_centrality,T:2248247,0.0,cnes,A,2025,aim3_target_metrics_v2.parquet,374e15163c404aa19bf8453d170490862689d4b0db1c5d34b0e6dea8f075e1b8,<5
target_centrality,T:2252295,0.0,cnes,A,2025,aim3_target_metrics_v2.parquet,374e15163c404aa19bf8453d170490862689d4b0db1c5d34b0e6dea8f075e1b8,19
target_centrality,T:2252694,18489.0,cnes,A,2025,aim3_target_metrics_v2.parquet,374e15163c404aa19bf8453d170490862689d4b0db1c5d34b0e6dea8f075e1b8,16
target_centrality,T:2253046,3701.0,cnes,A,2025,aim3_target_metrics_v2.parquet,374e15163c404aa19bf8453d170490862689d4b0db1c5d34b0e6dea8f075e1b8,13
target_centrality,T:2253054,0.0,cnes,A,2025,aim3_target_metrics_v2.parquet,374e15163c404aa19bf8453d170490862689d4b0db1c5d34b0e6dea8f075e1b8,<5
target_centrality,T:2255936,0.0,cnes,A,2025,aim3_target_metrics_v2.parquet,374e15163c404aa19bf8453d170490862689d4b0db1c5d34b0e6dea8f075e1b8,30
target_centrality,T:2257645,34905.5,cnes,A,2025,aim3_target_metrics_v2.parquet,374e15163c404aa19bf8453d170490862689d4b0db1c5d34b0e6dea8f075e1b8,48
target_centrality,T:2257815,1.0,cnes,A,2025,aim3_target_metrics_v2.parquet,374e15163c404aa19bf8453d170490862689d4b0db1c5d34b0e6dea8f075e1b8,8
target_centrality,T:2259907,0.0,cnes,A,2025,aim3_target_metrics_v2.parquet,374e15163c404aa19bf8453d170490862689d4b0db1c5d34b0e6dea8f075e1b8,<5
target_centrality,T:2261030,113982.66666666667,cnes,A,2025,aim3_target_metrics_v2.parquet,374e15163c404aa19bf8453d170490862689d4b0db1c5d34b0e6dea8f075e1b8,127
target_centrality,T:2262568,11100.0,cnes,A,2025,aim3_target_metrics_v2.parquet,374e15163c404aa19bf8453d170490862689d4b0db1c5d34b0e6dea8f075e1b8,84
target_centrality,T:2269384,0.0,cnes,A,2025,aim3_target_metrics_v2.parquet,374e15163c404aa19bf8453d170490862689d4b0db1c5d34b0e6dea8f075e1b8,65
target_centrality,T:2269481,47481.0,cnes,A,2025,aim3_target_metrics_v2.parquet,374e15163c404aa19bf8453d170490862689d4b0db1c5d34b0e6dea8f075e1b8,203
target_centrality,T:2269775,0.0,cnes,A,2025,aim3_target_metrics_v2.parquet,374e15163c404aa19bf8453d170490862689d4b0db1c5d34b0e6dea8f075e1b8,<5
target_centrality,T:2269783,0.0,cnes,A,2025,aim3_target_metrics_v2.parquet,374e15163c404aa19bf8453d170490862689d4b0db1c5d34b0e6dea8f075e1b8,30
target_centrality,T:2269880,0.0,cnes,A,2025,aim3_target_metrics_v2.parquet,374e15163c404aa19bf8453d170490862689d4b0db1c5d34b0e6dea8f075e1b8,18
target_centrality,T:2270234,0.0,cnes,A,2025,aim3_target_metrics_v2.parquet,374e15163c404aa19bf8453d170490862689d4b0db1c5d34b0e6dea8f075e1b8,<5
target_centrality,T:2270269,0.0,cnes,A,2025,aim3_target_metrics_v2.parquet,374e15163c404aa19bf8453d170490862689d4b0db1c5d34b0e6dea8f075e1b8,8
target_centrality,T:2270609,0.0,cnes,A,2025,aim3_target_metrics_v2.parquet,374e15163c404aa19bf8453d170490862689d4b0db1c5d34b0e6dea8f075e1b8,7
target_centrality,T:2272784,0.0,cnes,A,2025,aim3_target_metrics_v2.parquet,374e15163c404aa19bf8453d170490862689d4b0db1c5d34b0e6dea8f075e1b8,<5
target_centrality,T:2273411,3701.0,cnes,A,2025,aim3_target_metrics_v2.parquet,374e15163c404aa19bf8453d170490862689d4b0db1c5d34b0e6dea8f075e1b8,72
target_centrality,T:2275562,0.0,cnes,A,2025,aim3_target_metrics_v2.parquet,374e15163c404aa19bf8453d170490862689d4b0db1c5d34b0e6dea8f075e1b8,95
target_centrality,T:2278855,3.0,cnes,A,2025,aim3_target_metrics_v2.parquet,374e15163c404aa19bf8453d170490862689d4b0db1c5d34b0e6dea8f075e1b8,<5
target_centrality,T:2280167,46094.0,cnes,A,2025,aim3_target_metrics_v2.parquet,374e15163c404aa19bf8453d170490862689d4b0db1c5d34b0e6dea8f075e1b8,283
target_centrality,T:2280183,0.0,cnes,A,2025,aim3_target_metrics_v2.parquet,374e15163c404aa19bf8453d170490862689d4b0db1c5d34b0e6dea8f075e1b8,<5
target_centrality,T:2287250,7401.0,cnes,A,2025,aim3_target_metrics_v2.parquet,374e15163c404aa19bf8453d170490862689d4b0db1c5d34b0e6dea8f075e1b8,42
target_centrality,T:2295415,0.0,cnes,A,2025,aim3_target_metrics_v2.parquet,374e15163c404aa19bf8453d170490862689d4b0db1c5d34b0e6dea8f075e1b8,75
target_centrality,T:2295423,0.0,cnes,A,2025,aim3_target_metrics_v2.parquet,374e15163c404aa19bf8453d170490862689d4b0db1c5d34b0e6dea8f075e1b8,<5
target_centrality,T:2298031,57168.0,cnes,A,2025,aim3_target_metrics_v2.parquet,374e15163c404aa19bf8453d170490862689d4b0db1c5d34b0e6dea8f075e1b8,405
target_centrality,T:2301830,321120.0,cnes,A,2025,aim3_target_metrics_v2.parquet,374e15163c404aa19bf8453d170490862689d4b0db1c5d34b0e6dea8f075e1b8,98
target_centrality,T:2306336,18357.0,cnes,A,2025,aim3_target_metrics_v2.parquet,374e15163c404aa19bf8453d170490862689d4b0db1c5d34b0e6dea8f075e1b8,34
target_centrality,T:2319659,0.0,cnes,A,2025,aim3_target_metrics_v2.parquet,374e15163c404aa19bf8453d170490862689d4b0db1c5d34b0e6dea8f075e1b8,<5
target_centrality,T:2332981,27055.5,cnes,A,2025,aim3_target_metrics_v2.parquet,374e15163c404aa19bf8453d170490862689d4b0db1c5d34b0e6dea8f075e1b8,64
target_centrality,T:2333031,0.0,cnes,A,2025,aim3_target_metrics_v2.parquet,374e15163c404aa19bf8453d170490862689d4b0db1c5d34b0e6dea8f075e1b8,22
target_centrality,T:2334321,2071.0,cnes,A,2025,aim3_target_metrics_v2.parquet,374e15163c404aa19bf8453d170490862689d4b0db1c5d34b0e6dea8f075e1b8,7
target_centrality,T:2338262,3701.0,cnes,A,2025,aim3_target_metrics_v2.parquet,374e15163c404aa19bf8453d170490862689d4b0db1c5d34b0e6dea8f075e1b8,<5
target_centrality,T:2338424,0.0,cnes,A,2025,aim3_target_metrics_v2.parquet,374e15163c404aa19bf8453d170490862689d4b0db1c5d34b0e6dea8f075e1b8,12
target_centrality,T:2338734,26081.5,cnes,A,2025,aim3_target_metrics_v2.parquet,374e15163c404aa19bf8453d170490862689d4b0db1c5d34b0e6dea8f075e1b8,71
target_centrality,T:2340690,3701.0,cnes,A,2025,aim3_target_metrics_v2.parquet,374e15163c404aa19bf8453d170490862689d4b0db1c5d34b0e6dea8f075e1b8,110
target_centrality,T:2362856,29697.5,cnes,A,2025,aim3_target_metrics_v2.parquet,374e15163c404aa19bf8453d170490862689d4b0db1c5d34b0e6dea8f075e1b8,27
target_centrality,T:2379333,78132.0,cnes,A,2025,aim3_target_metrics_v2.parquet,374e15163c404aa19bf8453d170490862689d4b0db1c5d34b0e6dea8f075e1b8,107
target_centrality,T:2384299,298957.0,cnes,A,2025,aim3_target_metrics_v2.parquet,374e15163c404aa19bf8453d170490862689d4b0db1c5d34b0e6dea8f075e1b8,171
target_centrality,T:2395886,0.0,cnes,A,2025,aim3_target_metrics_v2.parquet,374e15163c404aa19bf8453d170490862689d4b0db1c5d34b0e6dea8f075e1b8,<5
target_centrality,T:2396866,3702.0,cnes,A,2025,aim3_target_metrics_v2.parquet,374e15163c404aa19bf8453d170490862689d4b0db1c5d34b0e6dea8f075e1b8,30
target_centrality,T:2397463,0.0,cnes,A,2025,aim3_target_metrics_v2.parquet,374e15163c404aa19bf8453d170490862689d4b0db1c5d34b0e6dea8f075e1b8,<5
target_centrality,T:2397676,0.0,cnes,A,2025,aim3_target_metrics_v2.parquet,374e15163c404aa19bf8453d170490862689d4b0db1c5d34b0e6dea8f075e1b8,<5
target_centrality,T:2399555,14854.5,cnes,A,2025,aim3_target_metrics_v2.parquet,374e15163c404aa19bf8453d170490862689d4b0db1c5d34b0e6dea8f075e1b8,70
target_centrality,T:2399741,0.0,cnes,A,2025,aim3_target_metrics_v2.parquet,374e15163c404aa19bf8453d170490862689d4b0db1c5d34b0e6dea8f075e1b8,<5
target_centrality,T:2400243,0.0,cnes,A,2025,aim3_target_metrics_v2.parquet,374e15163c404aa19bf8453d170490862689d4b0db1c5d34b0e6dea8f075e1b8,18
target_centrality,T:2400324,106914.5,cnes,A,2025,aim3_target_metrics_v2.parquet,374e15163c404aa19bf8453d170490862689d4b0db1c5d34b0e6dea8f075e1b8,156
target_centrality,T:2400693,22538.0,cnes,A,2025,aim3_target_metrics_v2.parquet,374e15163c404aa19bf8453d170490862689d4b0db1c5d34b0e6dea8f075e1b8,35
target_centrality,T:2402076,155621.5,cnes,A,2025,aim3_target_metrics_v2.parquet,374e15163c404aa19bf8453d170490862689d4b0db1c5d34b0e6dea8f075e1b8,60
target_centrality,T:2409194,7401.0,cnes,A,2025,aim3_target_metrics_v2.parquet,374e15163c404aa19bf8453d170490862689d4b0db1c5d34b0e6dea8f075e1b8,20
target_centrality,T:2427419,15673.0,cnes,A,2025,aim3_target_metrics_v2.parquet,374e15163c404aa19bf8453d170490862689d4b0db1c5d34b0e6dea8f075e1b8,60
target_centrality,T:2427427,0.0,cnes,A,2025,aim3_target_metrics_v2.parquet,374e15163c404aa19bf8453d170490862689d4b0db1c5d34b0e6dea8f075e1b8,<5
target_centrality,T:2436450,0.0,cnes,A,2025,aim3_target_metrics_v2.parquet,374e15163c404aa19bf8453d170490862689d4b0db1c5d34b0e6dea8f075e1b8,5
target_centrality,T:2436469,15124.0,cnes,A,2025,aim3_target_metrics_v2.parquet,374e15163c404aa19bf8453d170490862689d4b0db1c5d34b0e6dea8f075e1b8,86
target_centrality,T:2439360,29348.5,cnes,A,2025,aim3_target_metrics_v2.parquet,374e15163c404aa19bf8453d170490862689d4b0db1c5d34b0e6dea8f075e1b8,49
target_centrality,T:2464594,257901.5,cnes,A,2025,aim3_target_metrics_v2.parquet,374e15163c404aa19bf8453d170490862689d4b0db1c5d34b0e6dea8f075e1b8,194
target_centrality,T:2479907,18495.0,cnes,A,2025,aim3_target_metrics_v2.parquet,374e15163c404aa19bf8453d170490862689d4b0db1c5d34b0e6dea8f075e1b8,64
target_centrality,T:2481286,0.0,cnes,A,2025,aim3_target_metrics_v2.parquet,374e15163c404aa19bf8453d170490862689d4b0db1c5d34b0e6dea8f075e1b8,<5
target_centrality,T:2485680,33259.5,cnes,A,2025,aim3_target_metrics_v2.parquet,374e15163c404aa19bf8453d170490862689d4b0db1c5d34b0e6dea8f075e1b8,60
target_centrality,T:2485729,3.0,cnes,A,2025,aim3_target_metrics_v2.parquet,374e15163c404aa19bf8453d170490862689d4b0db1c5d34b0e6dea8f075e1b8,5
target_centrality,T:2486199,3698.5,cnes,A,2025,aim3_target_metrics_v2.parquet,374e15163c404aa19bf8453d170490862689d4b0db1c5d34b0e6dea8f075e1b8,12
target_centrality,T:2491710,20408.0,cnes,A,2025,aim3_target_metrics_v2.parquet,374e15163c404aa19bf8453d170490862689d4b0db1c5d34b0e6dea8f075e1b8,17
target_centrality,T:2494442,3693.0,cnes,A,2025,aim3_target_metrics_v2.parquet,374e15163c404aa19bf8453d170490862689d4b0db1c5d34b0e6dea8f075e1b8,20
target_centrality,T:2494450,3981.0,cnes,A,2025,aim3_target_metrics_v2.parquet,374e15163c404aa19bf8453d170490862689d4b0db1c5d34b0e6dea8f075e1b8,15
target_centrality,T:2497654,928283.3333333333,cnes,A,2025,aim3_target_metrics_v2.parquet,374e15163c404aa19bf8453d170490862689d4b0db1c5d34b0e6dea8f075e1b8,637
target_centrality,T:2499363,169785.33333333334,cnes,A,2025,aim3_target_metrics_v2.parquet,374e15163c404aa19bf8453d170490862689d4b0db1c5d34b0e6dea8f075e1b8,367
target_centrality,T:2504332,33274.0,cnes,A,2025,aim3_target_metrics_v2.parquet,374e15163c404aa19bf8453d170490862689d4b0db1c5d34b0e6dea8f075e1b8,41
target_centrality,T:2504537,18457.5,cnes,A,2025,aim3_target_metrics_v2.parquet,374e15163c404aa19bf8453d170490862689d4b0db1c5d34b0e6dea8f075e1b8,26
target_centrality,T:2534444,22533.0,cnes,A,2025,aim3_target_metrics_v2.parquet,374e15163c404aa19bf8453d170490862689d4b0db1c5d34b0e6dea8f075e1b8,23
target_centrality,T:2537788,0.0,cnes,A,2025,aim3_target_metrics_v2.parquet,374e15163c404aa19bf8453d170490862689d4b0db1c5d34b0e6dea8f075e1b8,<5
target_centrality,T:2543443,173179.0,cnes,A,2025,aim3_target_metrics_v2.parquet,374e15163c404aa19bf8453d170490862689d4b0db1c5d34b0e6dea8f075e1b8,179
target_centrality,T:2546957,0.0,cnes,A,2025,aim3_target_metrics_v2.parquet,374e15163c404aa19bf8453d170490862689d4b0db1c5d34b0e6dea8f075e1b8,85
target_centrality,T:2547317,0.0,cnes,A,2025,aim3_target_metrics_v2.parquet,374e15163c404aa19bf8453d170490862689d4b0db1c5d34b0e6dea8f075e1b8,<5
target_centrality,T:2547821,3742.5,cnes,A,2025,aim3_target_metrics_v2.parquet,374e15163c404aa19bf8453d170490862689d4b0db1c5d34b0e6dea8f075e1b8,32
target_centrality,T:2550792,44189.83333333333,cnes,A,2025,aim3_target_metrics_v2.parquet,374e15163c404aa19bf8453d170490862689d4b0db1c5d34b0e6dea8f075e1b8,64
target_centrality,T:2551764,11482.5,cnes,A,2025,aim3_target_metrics_v2.parquet,374e15163c404aa19bf8453d170490862689d4b0db1c5d34b0e6dea8f075e1b8,29
target_centrality,T:2555646,4541.5,cnes,A,2025,aim3_target_metrics_v2.parquet,374e15163c404aa19bf8453d170490862689d4b0db1c5d34b0e6dea8f075e1b8,27
target_centrality,T:2558246,3777.0,cnes,A,2025,aim3_target_metrics_v2.parquet,374e15163c404aa19bf8453d170490862689d4b0db1c5d34b0e6dea8f075e1b8,23
target_centrality,T:2558254,7405.0,cnes,A,2025,aim3_target_metrics_v2.parquet,374e15163c404aa19bf8453d170490862689d4b0db1c5d34b0e6dea8f075e1b8,77
target_centrality,T:2560771,74202.5,cnes,A,2025,aim3_target_metrics_v2.parquet,374e15163c404aa19bf8453d170490862689d4b0db1c5d34b0e6dea8f075e1b8,106
target_centrality,T:2560852,3704.0,cnes,A,2025,aim3_target_metrics_v2.parquet,374e15163c404aa19bf8453d170490862689d4b0db1c5d34b0e6dea8f075e1b8,17
target_centrality,T:2561492,815862.5,cnes,A,2025,aim3_target_metrics_v2.parquet,374e15163c404aa19bf8453d170490862689d4b0db1c5d34b0e6dea8f075e1b8,135
target_centrality,T:2571072,0.0,cnes,A,2025,aim3_target_metrics_v2.parquet,374e15163c404aa19bf8453d170490862689d4b0db1c5d34b0e6dea8f075e1b8,<5
target_centrality,T:2576341,28848.0,cnes,A,2025,aim3_target_metrics_v2.parquet,374e15163c404aa19bf8453d170490862689d4b0db1c5d34b0e6dea8f075e1b8,58
target_centrality,T:2577623,11050.833333333334,cnes,A,2025,aim3_target_metrics_v2.parquet,374e15163c404aa19bf8453d170490862689d4b0db1c5d34b0e6dea8f075e1b8,20
target_centrality,T:2580055,29452.333333333332,cnes,A,2025,aim3_target_metrics_v2.parquet,374e15163c404aa19bf8453d170490862689d4b0db1c5d34b0e6dea8f075e1b8,44
target_centrality,T:2586142,36764.0,cnes,A,2025,aim3_target_metrics_v2.parquet,374e15163c404aa19bf8453d170490862689d4b0db1c5d34b0e6dea8f075e1b8,43
target_centrality,T:2587335,123286.0,cnes,A,2025,aim3_target_metrics_v2.parquet,374e15163c404aa19bf8453d170490862689d4b0db1c5d34b0e6dea8f075e1b8,81
target_centrality,T:2589265,346781.3333333333,cnes,A,2025,aim3_target_metrics_v2.parquet,374e15163c404aa19bf8453d170490862689d4b0db1c5d34b0e6dea8f075e1b8,195
target_centrality,T:2591049,8.0,cnes,A,2025,aim3_target_metrics_v2.parquet,374e15163c404aa19bf8453d170490862689d4b0db1c5d34b0e6dea8f075e1b8,8
target_centrality,T:2600536,210.0,cnes,A,2025,aim3_target_metrics_v2.parquet,374e15163c404aa19bf8453d170490862689d4b0db1c5d34b0e6dea8f075e1b8,68
target_centrality,T:2621614,0.0,cnes,A,2025,aim3_target_metrics_v2.parquet,374e15163c404aa19bf8453d170490862689d4b0db1c5d34b0e6dea8f075e1b8,<5
target_centrality,T:2646536,77508.0,cnes,A,2025,aim3_target_metrics_v2.parquet,374e15163c404aa19bf8453d170490862689d4b0db1c5d34b0e6dea8f075e1b8,52
target_centrality,T:2646773,33823.0,cnes,A,2025,aim3_target_metrics_v2.parquet,374e15163c404aa19bf8453d170490862689d4b0db1c5d34b0e6dea8f075e1b8,23
target_centrality,T:2651610,258592.0,cnes,A,2025,aim3_target_metrics_v2.parquet,374e15163c404aa19bf8453d170490862689d4b0db1c5d34b0e6dea8f075e1b8,212
target_centrality,T:2653982,25375.0,cnes,A,2025,aim3_target_metrics_v2.parquet,374e15163c404aa19bf8453d170490862689d4b0db1c5d34b0e6dea8f075e1b8,81
target_centrality,T:2659107,3701.0,cnes,A,2025,aim3_target_metrics_v2.parquet,374e15163c404aa19bf8453d170490862689d4b0db1c5d34b0e6dea8f075e1b8,5
target_centrality,T:2672839,26023.5,cnes,A,2025,aim3_target_metrics_v2.parquet,374e15163c404aa19bf8453d170490862689d4b0db1c5d34b0e6dea8f075e1b8,30
target_centrality,T:2686953,13935.0,cnes,A,2025,aim3_target_metrics_v2.parquet,374e15163c404aa19bf8453d170490862689d4b0db1c5d34b0e6dea8f075e1b8,80
target_centrality,T:2688433,0.0,cnes,A,2025,aim3_target_metrics_v2.parquet,374e15163c404aa19bf8453d170490862689d4b0db1c5d34b0e6dea8f075e1b8,10
target_centrality,T:2688689,2072.0,cnes,A,2025,aim3_target_metrics_v2.parquet,374e15163c404aa19bf8453d170490862689d4b0db1c5d34b0e6dea8f075e1b8,36
target_centrality,T:2691841,58591.5,cnes,A,2025,aim3_target_metrics_v2.parquet,374e15163c404aa19bf8453d170490862689d4b0db1c5d34b0e6dea8f075e1b8,39
target_centrality,T:2696940,3.0,cnes,A,2025,aim3_target_metrics_v2.parquet,374e15163c404aa19bf8453d170490862689d4b0db1c5d34b0e6dea8f075e1b8,<5
target_centrality,T:2697661,0.0,cnes,A,2025,aim3_target_metrics_v2.parquet,374e15163c404aa19bf8453d170490862689d4b0db1c5d34b0e6dea8f075e1b8,<5
target_centrality,T:2704900,317318.0,cnes,A,2025,aim3_target_metrics_v2.parquet,374e15163c404aa19bf8453d170490862689d4b0db1c5d34b0e6dea8f075e1b8,89
target_centrality,T:2705982,38344.0,cnes,A,2025,aim3_target_metrics_v2.parquet,374e15163c404aa19bf8453d170490862689d4b0db1c5d34b0e6dea8f075e1b8,99
target_centrality,T:2707675,11295.0,cnes,A,2025,aim3_target_metrics_v2.parquet,374e15163c404aa19bf8453d170490862689d4b0db1c5d34b0e6dea8f075e1b8,33
target_centrality,T:2707918,40657.0,cnes,A,2025,aim3_target_metrics_v2.parquet,374e15163c404aa19bf8453d170490862689d4b0db1c5d34b0e6dea8f075e1b8,34
target_centrality,T:2710935,0.0,cnes,A,2025,aim3_target_metrics_v2.parquet,374e15163c404aa19bf8453d170490862689d4b0db1c5d34b0e6dea8f075e1b8,9
target_centrality,T:2726653,18488.0,cnes,A,2025,aim3_target_metrics_v2.parquet,374e15163c404aa19bf8453d170490862689d4b0db1c5d34b0e6dea8f075e1b8,28
target_centrality,T:2726726,0.0,cnes,A,2025,aim3_target_metrics_v2.parquet,374e15163c404aa19bf8453d170490862689d4b0db1c5d34b0e6dea8f075e1b8,<5
target_centrality,T:2726971,72634.5,cnes,A,2025,aim3_target_metrics_v2.parquet,374e15163c404aa19bf8453d170490862689d4b0db1c5d34b0e6dea8f075e1b8,50
target_centrality,T:2726998,0.0,cnes,A,2025,aim3_target_metrics_v2.parquet,374e15163c404aa19bf8453d170490862689d4b0db1c5d34b0e6dea8f075e1b8,<5
target_centrality,T:2733307,3704.0,cnes,A,2025,aim3_target_metrics_v2.parquet,374e15163c404aa19bf8453d170490862689d4b0db1c5d34b0e6dea8f075e1b8,9
target_centrality,T:2738309,0.0,cnes,A,2025,aim3_target_metrics_v2.parquet,374e15163c404aa19bf8453d170490862689d4b0db1c5d34b0e6dea8f075e1b8,25
target_centrality,T:2738368,199893.5,cnes,A,2025,aim3_target_metrics_v2.parquet,374e15163c404aa19bf8453d170490862689d4b0db1c5d34b0e6dea8f075e1b8,202
target_centrality,T:2740338,176373.0,cnes,A,2025,aim3_target_metrics_v2.parquet,374e15163c404aa19bf8453d170490862689d4b0db1c5d34b0e6dea8f075e1b8,74
target_centrality,T:2743469,243404.0,cnes,A,2025,aim3_target_metrics_v2.parquet,374e15163c404aa19bf8453d170490862689d4b0db1c5d34b0e6dea8f075e1b8,36
target_centrality,T:2748029,14920.5,cnes,A,2025,aim3_target_metrics_v2.parquet,374e15163c404aa19bf8453d170490862689d4b0db1c5d34b0e6dea8f075e1b8,31
target_centrality,T:2748223,123395.0,cnes,A,2025,aim3_target_metrics_v2.parquet,374e15163c404aa19bf8453d170490862689d4b0db1c5d34b0e6dea8f075e1b8,96
target_centrality,T:2752700,43793.0,cnes,A,2025,aim3_target_metrics_v2.parquet,374e15163c404aa19bf8453d170490862689d4b0db1c5d34b0e6dea8f075e1b8,67
target_centrality,T:2753278,0.0,cnes,A,2025,aim3_target_metrics_v2.parquet,374e15163c404aa19bf8453d170490862689d4b0db1c5d34b0e6dea8f075e1b8,23
target_centrality,T:2755130,273145.5,cnes,A,2025,aim3_target_metrics_v2.parquet,374e15163c404aa19bf8453d170490862689d4b0db1c5d34b0e6dea8f075e1b8,86
target_centrality,T:2756951,0.0,cnes,A,2025,aim3_target_metrics_v2.parquet,374e15163c404aa19bf8453d170490862689d4b0db1c5d34b0e6dea8f075e1b8,28
target_centrality,T:2758164,18496.0,cnes,A,2025,aim3_target_metrics_v2.parquet,374e15163c404aa19bf8453d170490862689d4b0db1c5d34b0e6dea8f075e1b8,23
target_centrality,T:2761092,55427.0,cnes,A,2025,aim3_target_metrics_v2.parquet,374e15163c404aa19bf8453d170490862689d4b0db1c5d34b0e6dea8f075e1b8,61
target_centrality,T:2767953,0.0,cnes,A,2025,aim3_target_metrics_v2.parquet,374e15163c404aa19bf8453d170490862689d4b0db1c5d34b0e6dea8f075e1b8,16
target_centrality,T:2772310,4952.0,cnes,A,2025,aim3_target_metrics_v2.parquet,374e15163c404aa19bf8453d170490862689d4b0db1c5d34b0e6dea8f075e1b8,34
target_centrality,T:2775999,25886.0,cnes,A,2025,aim3_target_metrics_v2.parquet,374e15163c404aa19bf8453d170490862689d4b0db1c5d34b0e6dea8f075e1b8,18
target_centrality,T:2781859,113276.5,cnes,A,2025,aim3_target_metrics_v2.parquet,374e15163c404aa19bf8453d170490862689d4b0db1c5d34b0e6dea8f075e1b8,80
target_centrality,T:2786117,65533.0,cnes,A,2025,aim3_target_metrics_v2.parquet,374e15163c404aa19bf8453d170490862689d4b0db1c5d34b0e6dea8f075e1b8,52
target_centrality,T:2786435,22191.0,cnes,A,2025,aim3_target_metrics_v2.parquet,374e15163c404aa19bf8453d170490862689d4b0db1c5d34b0e6dea8f075e1b8,252
target_centrality,T:2786680,0.0,cnes,A,2025,aim3_target_metrics_v2.parquet,374e15163c404aa19bf8453d170490862689d4b0db1c5d34b0e6dea8f075e1b8,8
target_centrality,T:2790602,81699.5,cnes,A,2025,aim3_target_metrics_v2.parquet,374e15163c404aa19bf8453d170490862689d4b0db1c5d34b0e6dea8f075e1b8,211
target_centrality,T:2791722,7580.5,cnes,A,2025,aim3_target_metrics_v2.parquet,374e15163c404aa19bf8453d170490862689d4b0db1c5d34b0e6dea8f075e1b8,36
target_centrality,T:2792168,0.0,cnes,A,2025,aim3_target_metrics_v2.parquet,374e15163c404aa19bf8453d170490862689d4b0db1c5d34b0e6dea8f075e1b8,<5
target_centrality,T:2792176,11104.0,cnes,A,2025,aim3_target_metrics_v2.parquet,374e15163c404aa19bf8453d170490862689d4b0db1c5d34b0e6dea8f075e1b8,84
target_centrality,T:2795655,92624.0,cnes,A,2025,aim3_target_metrics_v2.parquet,374e15163c404aa19bf8453d170490862689d4b0db1c5d34b0e6dea8f075e1b8,74
target_centrality,T:2798298,0.0,cnes,A,2025,aim3_target_metrics_v2.parquet,374e15163c404aa19bf8453d170490862689d4b0db1c5d34b0e6dea8f075e1b8,112
target_centrality,T:2798484,114325.0,cnes,A,2025,aim3_target_metrics_v2.parquet,374e15163c404aa19bf8453d170490862689d4b0db1c5d34b0e6dea8f075e1b8,73
target_centrality,T:2798662,204959.0,cnes,A,2025,aim3_target_metrics_v2.parquet,374e15163c404aa19bf8453d170490862689d4b0db1c5d34b0e6dea8f075e1b8,180
target_centrality,T:2799758,443496.6666666667,cnes,A,2025,aim3_target_metrics_v2.parquet,374e15163c404aa19bf8453d170490862689d4b0db1c5d34b0e6dea8f075e1b8,273
target_centrality,T:2802783,554810.0,cnes,A,2025,aim3_target_metrics_v2.parquet,374e15163c404aa19bf8453d170490862689d4b0db1c5d34b0e6dea8f075e1b8,289
target_centrality,T:2816210,121856.5,cnes,A,2025,aim3_target_metrics_v2.parquet,374e15163c404aa19bf8453d170490862689d4b0db1c5d34b0e6dea8f075e1b8,84
target_centrality,T:2945622,266796.5,cnes,A,2025,aim3_target_metrics_v2.parquet,374e15163c404aa19bf8453d170490862689d4b0db1c5d34b0e6dea8f075e1b8,147
target_centrality,T:3075516,0.0,cnes,A,2025,aim3_target_metrics_v2.parquet,374e15163c404aa19bf8453d170490862689d4b0db1c5d34b0e6dea8f075e1b8,10
target_centrality,T:3126838,28688.0,cnes,A,2025,aim3_target_metrics_v2.parquet,374e15163c404aa19bf8453d170490862689d4b0db1c5d34b0e6dea8f075e1b8,100
target_centrality,T:3157245,1667855.0,cnes,A,2025,aim3_target_metrics_v2.parquet,374e15163c404aa19bf8453d170490862689d4b0db1c5d34b0e6dea8f075e1b8,173
target_centrality,T:3212130,0.0,cnes,A,2025,aim3_target_metrics_v2.parquet,374e15163c404aa19bf8453d170490862689d4b0db1c5d34b0e6dea8f075e1b8,103
target_centrality,T:3276678,0.0,cnes,A,2025,aim3_target_metrics_v2.parquet,374e15163c404aa19bf8453d170490862689d4b0db1c5d34b0e6dea8f075e1b8,<5
target_centrality,T:3285391,197414.5,cnes,A,2025,aim3_target_metrics_v2.parquet,374e15163c404aa19bf8453d170490862689d4b0db1c5d34b0e6dea8f075e1b8,115
target_centrality,T:3397874,0.0,cnes,A,2025,aim3_target_metrics_v2.parquet,374e15163c404aa19bf8453d170490862689d4b0db1c5d34b0e6dea8f075e1b8,<5
target_centrality,T:3508528,3702.0,cnes,A,2025,aim3_target_metrics_v2.parquet,374e15163c404aa19bf8453d170490862689d4b0db1c5d34b0e6dea8f075e1b8,77
target_centrality,T:3675580,36966.5,cnes,A,2025,aim3_target_metrics_v2.parquet,374e15163c404aa19bf8453d170490862689d4b0db1c5d34b0e6dea8f075e1b8,29
target_centrality,T:3771962,3701.0,cnes,A,2025,aim3_target_metrics_v2.parquet,374e15163c404aa19bf8453d170490862689d4b0db1c5d34b0e6dea8f075e1b8,7
target_centrality,T:3972925,0.0,cnes,A,2025,aim3_target_metrics_v2.parquet,374e15163c404aa19bf8453d170490862689d4b0db1c5d34b0e6dea8f075e1b8,<5
target_centrality,T:4001303,160234.0,cnes,A,2025,aim3_target_metrics_v2.parquet,374e15163c404aa19bf8453d170490862689d4b0db1c5d34b0e6dea8f075e1b8,109
target_centrality,T:4005732,0.0,cnes,A,2025,aim3_target_metrics_v2.parquet,374e15163c404aa19bf8453d170490862689d4b0db1c5d34b0e6dea8f075e1b8,<5
target_centrality,T:4028155,28485.0,cnes,A,2025,aim3_target_metrics_v2.parquet,374e15163c404aa19bf8453d170490862689d4b0db1c5d34b0e6dea8f075e1b8,50
target_centrality,T:4034236,3701.0,cnes,A,2025,aim3_target_metrics_v2.parquet,374e15163c404aa19bf8453d170490862689d4b0db1c5d34b0e6dea8f075e1b8,18
target_centrality,T:4042085,3701.0,cnes,A,2025,aim3_target_metrics_v2.parquet,374e15163c404aa19bf8453d170490862689d4b0db1c5d34b0e6dea8f075e1b8,<5
target_centrality,T:4044916,284621.5,cnes,A,2025,aim3_target_metrics_v2.parquet,374e15163c404aa19bf8453d170490862689d4b0db1c5d34b0e6dea8f075e1b8,136
target_centrality,T:4056752,22137.5,cnes,A,2025,aim3_target_metrics_v2.parquet,374e15163c404aa19bf8453d170490862689d4b0db1c5d34b0e6dea8f075e1b8,45
target_centrality,T:4190203,32828.0,cnes,A,2025,aim3_target_metrics_v2.parquet,374e15163c404aa19bf8453d170490862689d4b0db1c5d34b0e6dea8f075e1b8,42
target_centrality,T:4578732,100864.0,cnes,A,2025,aim3_target_metrics_v2.parquet,374e15163c404aa19bf8453d170490862689d4b0db1c5d34b0e6dea8f075e1b8,110
target_centrality,T:4635612,3701.0,cnes,A,2025,aim3_target_metrics_v2.parquet,374e15163c404aa19bf8453d170490862689d4b0db1c5d34b0e6dea8f075e1b8,39
target_centrality,T:4943309,3701.0,cnes,A,2025,aim3_target_metrics_v2.parquet,374e15163c404aa19bf8453d170490862689d4b0db1c5d34b0e6dea8f075e1b8,<5
target_centrality,T:4963938,3688.5,cnes,A,2025,aim3_target_metrics_v2.parquet,374e15163c404aa19bf8453d170490862689d4b0db1c5d34b0e6dea8f075e1b8,24
target_centrality,T:5061989,22193.0,cnes,A,2025,aim3_target_metrics_v2.parquet,374e15163c404aa19bf8453d170490862689d4b0db1c5d34b0e6dea8f075e1b8,138
target_centrality,T:5169976,135389.5,cnes,A,2025,aim3_target_metrics_v2.parquet,374e15163c404aa19bf8453d170490862689d4b0db1c5d34b0e6dea8f075e1b8,201
target_centrality,T:5200105,0.0,cnes,A,2025,aim3_target_metrics_v2.parquet,374e15163c404aa19bf8453d170490862689d4b0db1c5d34b0e6dea8f075e1b8,27
target_centrality,T:5274990,21216.0,cnes,A,2025,aim3_target_metrics_v2.parquet,374e15163c404aa19bf8453d170490862689d4b0db1c5d34b0e6dea8f075e1b8,61
target_centrality,T:5336171,78.0,cnes,A,2025,aim3_target_metrics_v2.parquet,374e15163c404aa19bf8453d170490862689d4b0db1c5d34b0e6dea8f075e1b8,83
target_centrality,T:5412447,3703.0,cnes,A,2025,aim3_target_metrics_v2.parquet,374e15163c404aa19bf8453d170490862689d4b0db1c5d34b0e6dea8f075e1b8,52
target_centrality,T:5585422,51546.5,cnes,A,2025,aim3_target_metrics_v2.parquet,374e15163c404aa19bf8453d170490862689d4b0db1c5d34b0e6dea8f075e1b8,88
target_centrality,T:5597501,11107.0,cnes,A,2025,aim3_target_metrics_v2.parquet,374e15163c404aa19bf8453d170490862689d4b0db1c5d34b0e6dea8f075e1b8,20
target_centrality,T:5599504,132561.5,cnes,A,2025,aim3_target_metrics_v2.parquet,374e15163c404aa19bf8453d170490862689d4b0db1c5d34b0e6dea8f075e1b8,125
target_centrality,T:5717515,0.0,cnes,A,2025,aim3_target_metrics_v2.parquet,374e15163c404aa19bf8453d170490862689d4b0db1c5d34b0e6dea8f075e1b8,<5
target_centrality,T:5860490,19764.0,cnes,A,2025,aim3_target_metrics_v2.parquet,374e15163c404aa19bf8453d170490862689d4b0db1c5d34b0e6dea8f075e1b8,27
target_centrality,T:6007317,10873.0,cnes,A,2025,aim3_target_metrics_v2.parquet,374e15163c404aa19bf8453d170490862689d4b0db1c5d34b0e6dea8f075e1b8,159
target_centrality,T:6048692,0.0,cnes,A,2025,aim3_target_metrics_v2.parquet,374e15163c404aa19bf8453d170490862689d4b0db1c5d34b0e6dea8f075e1b8,<5
target_centrality,T:6069134,0.0,cnes,A,2025,aim3_target_metrics_v2.parquet,374e15163c404aa19bf8453d170490862689d4b0db1c5d34b0e6dea8f075e1b8,<5
target_centrality,T:6085423,46597.0,cnes,A,2025,aim3_target_metrics_v2.parquet,374e15163c404aa19bf8453d170490862689d4b0db1c5d34b0e6dea8f075e1b8,27
target_centrality,T:6095666,5.0,cnes,A,2025,aim3_target_metrics_v2.parquet,374e15163c404aa19bf8453d170490862689d4b0db1c5d34b0e6dea8f075e1b8,66
target_centrality,T:6123740,67282.0,cnes,A,2025,aim3_target_metrics_v2.parquet,374e15163c404aa19bf8453d170490862689d4b0db1c5d34b0e6dea8f075e1b8,76
target_centrality,T:6201059,4795.0,cnes,A,2025,aim3_target_metrics_v2.parquet,374e15163c404aa19bf8453d170490862689d4b0db1c5d34b0e6dea8f075e1b8,15
target_centrality,T:6431569,13718.0,cnes,A,2025,aim3_target_metrics_v2.parquet,374e15163c404aa19bf8453d170490862689d4b0db1c5d34b0e6dea8f075e1b8,<5
target_centrality,T:6542638,32331.833333333332,cnes,A,2025,aim3_target_metrics_v2.parquet,374e15163c404aa19bf8453d170490862689d4b0db1c5d34b0e6dea8f075e1b8,33
target_centrality,T:6595197,30373.0,cnes,A,2025,aim3_target_metrics_v2.parquet,374e15163c404aa19bf8453d170490862689d4b0db1c5d34b0e6dea8f075e1b8,129
target_centrality,T:6601804,0.0,cnes,A,2025,aim3_target_metrics_v2.parquet,374e15163c404aa19bf8453d170490862689d4b0db1c5d34b0e6dea8f075e1b8,188
target_centrality,T:6665322,119361.0,cnes,A,2025,aim3_target_metrics_v2.parquet,374e15163c404aa19bf8453d170490862689d4b0db1c5d34b0e6dea8f075e1b8,181
target_centrality,T:6756107,477491.5,cnes,A,2025,aim3_target_metrics_v2.parquet,374e15163c404aa19bf8453d170490862689d4b0db1c5d34b0e6dea8f075e1b8,503
target_centrality,T:6779522,18521.0,cnes,A,2025,aim3_target_metrics_v2.parquet,374e15163c404aa19bf8453d170490862689d4b0db1c5d34b0e6dea8f075e1b8,54
target_centrality,T:6848710,33300.0,cnes,A,2025,aim3_target_metrics_v2.parquet,374e15163c404aa19bf8453d170490862689d4b0db1c5d34b0e6dea8f075e1b8,89
target_centrality,T:6876617,0.0,cnes,A,2025,aim3_target_metrics_v2.parquet,374e15163c404aa19bf8453d170490862689d4b0db1c5d34b0e6dea8f075e1b8,<5
target_centrality,T:6878687,7404.0,cnes,A,2025,aim3_target_metrics_v2.parquet,374e15163c404aa19bf8453d170490862689d4b0db1c5d34b0e6dea8f075e1b8,62
target_centrality,T:6920977,0.0,cnes,A,2025,aim3_target_metrics_v2.parquet,374e15163c404aa19bf8453d170490862689d4b0db1c5d34b0e6dea8f075e1b8,6
target_centrality,T:6995462,0.0,cnes,A,2025,aim3_target_metrics_v2.parquet,374e15163c404aa19bf8453d170490862689d4b0db1c5d34b0e6dea8f075e1b8,<5
target_centrality,T:7061021,92392.83333333333,cnes,A,2025,aim3_target_metrics_v2.parquet,374e15163c404aa19bf8453d170490862689d4b0db1c5d34b0e6dea8f075e1b8,141
target_centrality,T:7066376,6020.0,cnes,A,2025,aim3_target_metrics_v2.parquet,374e15163c404aa19bf8453d170490862689d4b0db1c5d34b0e6dea8f075e1b8,15
target_centrality,T:7068336,58818.0,cnes,A,2025,aim3_target_metrics_v2.parquet,374e15163c404aa19bf8453d170490862689d4b0db1c5d34b0e6dea8f075e1b8,39
target_centrality,T:7257406,26995.0,cnes,A,2025,aim3_target_metrics_v2.parquet,374e15163c404aa19bf8453d170490862689d4b0db1c5d34b0e6dea8f075e1b8,156
target_centrality,T:7283458,0.0,cnes,A,2025,aim3_target_metrics_v2.parquet,374e15163c404aa19bf8453d170490862689d4b0db1c5d34b0e6dea8f075e1b8,<5
target_centrality,T:7373465,3701.0,cnes,A,2025,aim3_target_metrics_v2.parquet,374e15163c404aa19bf8453d170490862689d4b0db1c5d34b0e6dea8f075e1b8,191
target_centrality,T:7400926,18205.5,cnes,A,2025,aim3_target_metrics_v2.parquet,374e15163c404aa19bf8453d170490862689d4b0db1c5d34b0e6dea8f075e1b8,37
target_centrality,T:7498810,338557.0,cnes,A,2025,aim3_target_metrics_v2.parquet,374e15163c404aa19bf8453d170490862689d4b0db1c5d34b0e6dea8f075e1b8,415
target_centrality,T:7513151,159013.66666666666,cnes,A,2025,aim3_target_metrics_v2.parquet,374e15163c404aa19bf8453d170490862689d4b0db1c5d34b0e6dea8f075e1b8,292
target_centrality,T:7564546,3705.5,cnes,A,2025,aim3_target_metrics_v2.parquet,374e15163c404aa19bf8453d170490862689d4b0db1c5d34b0e6dea8f075e1b8,128
target_centrality,T:7573162,29202.0,cnes,A,2025,aim3_target_metrics_v2.parquet,374e15163c404aa19bf8453d170490862689d4b0db1c5d34b0e6dea8f075e1b8,55
target_centrality,T:7743068,111324.83333333333,cnes,A,2025,aim3_target_metrics_v2.parquet,374e15163c404aa19bf8453d170490862689d4b0db1c5d34b0e6dea8f075e1b8,173
target_centrality,T:7845138,1.0,cnes,A,2025,aim3_target_metrics_v2.parquet,374e15163c404aa19bf8453d170490862689d4b0db1c5d34b0e6dea8f075e1b8,<5
target_centrality,T:7866801,810712.3333333333,cnes,A,2025,aim3_target_metrics_v2.parquet,374e15163c404aa19bf8453d170490862689d4b0db1c5d34b0e6dea8f075e1b8,536
target_centrality,T:7967012,200677.5,cnes,A,2025,aim3_target_metrics_v2.parquet,374e15163c404aa19bf8453d170490862689d4b0db1c5d34b0e6dea8f075e1b8,132
target_centrality,T:9065768,33358.0,cnes,A,2025,aim3_target_metrics_v2.parquet,374e15163c404aa19bf8453d170490862689d4b0db1c5d34b0e6dea8f075e1b8,29
target_centrality,T:9074457,265886.0,cnes,A,2025,aim3_target_metrics_v2.parquet,374e15163c404aa19bf8453d170490862689d4b0db1c5d34b0e6dea8f075e1b8,776
target_centrality,T:9209352,135639.0,cnes,A,2025,aim3_target_metrics_v2.parquet,374e15163c404aa19bf8453d170490862689d4b0db1c5d34b0e6dea8f075e1b8,93
target_centrality,T:9388133,48578.5,cnes,A,2025,aim3_target_metrics_v2.parquet,374e15163c404aa19bf8453d170490862689d4b0db1c5d34b0e6dea8f075e1b8,86
target_centrality,T:9425802,47852.0,cnes,A,2025,aim3_target_metrics_v2.parquet,374e15163c404aa19bf8453d170490862689d4b0db1c5d34b0e6dea8f075e1b8,44
target_centrality,T:9443665,35390.0,cnes,A,2025,aim3_target_metrics_v2.parquet,374e15163c404aa19bf8453d170490862689d4b0db1c5d34b0e6dea8f075e1b8,234
target_centrality,T:9465464,3696.0,cnes,A,2025,aim3_target_metrics_v2.parquet,374e15163c404aa19bf8453d170490862689d4b0db1c5d34b0e6dea8f075e1b8,223
target_centrality,T:9491112,116645.5,cnes,A,2025,aim3_target_metrics_v2.parquet,374e15163c404aa19bf8453d170490862689d4b0db1c5d34b0e6dea8f075e1b8,154
target_centrality,T:9491252,29397.0,cnes,A,2025,aim3_target_metrics_v2.parquet,374e15163c404aa19bf8453d170490862689d4b0db1c5d34b0e6dea8f075e1b8,30
target_centrality,T:9516255,7799.0,cnes,A,2025,aim3_target_metrics_v2.parquet,374e15163c404aa19bf8453d170490862689d4b0db1c5d34b0e6dea8f075e1b8,44
target_centrality,T:9543856,369966.0,cnes,A,2025,aim3_target_metrics_v2.parquet,374e15163c404aa19bf8453d170490862689d4b0db1c5d34b0e6dea8f075e1b8,285
target_centrality,T:9556095,33114.0,cnes,A,2025,aim3_target_metrics_v2.parquet,374e15163c404aa19bf8453d170490862689d4b0db1c5d34b0e6dea8f075e1b8,65
target_centrality,T:9575936,300266.1666666667,cnes,A,2025,aim3_target_metrics_v2.parquet,374e15163c404aa19bf8453d170490862689d4b0db1c5d34b0e6dea8f075e1b8,298
target_centrality,T:9650105,0.0,cnes,A,2025,aim3_target_metrics_v2.parquet,374e15163c404aa19bf8453d170490862689d4b0db1c5d34b0e6dea8f075e1b8,<5
target_centrality,T:9680977,0.0,cnes,A,2025,aim3_target_metrics_v2.parquet,374e15163c404aa19bf8453d170490862689d4b0db1c5d34b0e6dea8f075e1b8,46
target_centrality,T:9681752,25886.0,cnes,A,2025,aim3_target_metrics_v2.parquet,374e15163c404aa19bf8453d170490862689d4b0db1c5d34b0e6dea8f075e1b8,65
target_centrality,T:9841903,112595.0,cnes,A,2025,aim3_target_metrics_v2.parquet,374e15163c404aa19bf8453d170490862689d4b0db1c5d34b0e6dea8f075e1b8,68
target_centrality,T:0000396,18747.0,cnes,A,pooled,aim3_target_metrics_v2.parquet,374e15163c404aa19bf8453d170490862689d4b0db1c5d34b0e6dea8f075e1b8,60
target_centrality,T:0000418,9115.0,cnes,A,pooled,aim3_target_metrics_v2.parquet,374e15163c404aa19bf8453d170490862689d4b0db1c5d34b0e6dea8f075e1b8,89
target_centrality,T:0000426,19589.0,cnes,A,pooled,aim3_target_metrics_v2.parquet,374e15163c404aa19bf8453d170490862689d4b0db1c5d34b0e6dea8f075e1b8,367
target_centrality,T:0000434,39547.16666666667,cnes,A,pooled,aim3_target_metrics_v2.parquet,374e15163c404aa19bf8453d170490862689d4b0db1c5d34b0e6dea8f075e1b8,277
target_centrality,T:0000477,1055721.3333333335,cnes,A,pooled,aim3_target_metrics_v2.parquet,374e15163c404aa19bf8453d170490862689d4b0db1c5d34b0e6dea8f075e1b8,386
target_centrality,T:0000655,39095.66666666667,cnes,A,pooled,aim3_target_metrics_v2.parquet,374e15163c404aa19bf8453d170490862689d4b0db1c5d34b0e6dea8f075e1b8,180
target_centrality,T:0002283,263360.0,cnes,A,pooled,aim3_target_metrics_v2.parquet,374e15163c404aa19bf8453d170490862689d4b0db1c5d34b0e6dea8f075e1b8,491
target_centrality,T:0002534,4900.0,cnes,A,pooled,aim3_target_metrics_v2.parquet,374e15163c404aa19bf8453d170490862689d4b0db1c5d34b0e6dea8f075e1b8,37
target_centrality,T:0003816,24761.0,cnes,A,pooled,aim3_target_metrics_v2.parquet,374e15163c404aa19bf8453d170490862689d4b0db1c5d34b0e6dea8f075e1b8,124
target_centrality,T:0003832,0.0,cnes,A,pooled,aim3_target_metrics_v2.parquet,374e15163c404aa19bf8453d170490862689d4b0db1c5d34b0e6dea8f075e1b8,<5
target_centrality,T:0003859,2490242.0,cnes,A,pooled,aim3_target_metrics_v2.parquet,374e15163c404aa19bf8453d170490862689d4b0db1c5d34b0e6dea8f075e1b8,2514
target_centrality,T:0004251,28424.5,cnes,A,pooled,aim3_target_metrics_v2.parquet,374e15163c404aa19bf8453d170490862689d4b0db1c5d34b0e6dea8f075e1b8,84
target_centrality,T:0008028,0.0,cnes,A,pooled,aim3_target_metrics_v2.parquet,374e15163c404aa19bf8453d170490862689d4b0db1c5d34b0e6dea8f075e1b8,30
target_centrality,T:0008052,0.0,cnes,A,pooled,aim3_target_metrics_v2.parquet,374e15163c404aa19bf8453d170490862689d4b0db1c5d34b0e6dea8f075e1b8,47
target_centrality,T:0008923,0.0,cnes,A,pooled,aim3_target_metrics_v2.parquet,374e15163c404aa19bf8453d170490862689d4b0db1c5d34b0e6dea8f075e1b8,<5
target_centrality,T:0009601,0.0,cnes,A,pooled,aim3_target_metrics_v2.parquet,374e15163c404aa19bf8453d170490862689d4b0db1c5d34b0e6dea8f075e1b8,10
target_centrality,T:0009628,9817.0,cnes,A,pooled,aim3_target_metrics_v2.parquet,374e15163c404aa19bf8453d170490862689d4b0db1c5d34b0e6dea8f075e1b8,274
target_centrality,T:0009709,4934.5,cnes,A,pooled,aim3_target_metrics_v2.parquet,374e15163c404aa19bf8453d170490862689d4b0db1c5d34b0e6dea8f075e1b8,161
target_centrality,T:0009717,4964.0,cnes,A,pooled,aim3_target_metrics_v2.parquet,374e15163c404aa19bf8453d170490862689d4b0db1c5d34b0e6dea8f075e1b8,216
target_centrality,T:0009725,53049.0,cnes,A,pooled,aim3_target_metrics_v2.parquet,374e15163c404aa19bf8453d170490862689d4b0db1c5d34b0e6dea8f075e1b8,371
target_centrality,T:0010456,90229.0,cnes,A,pooled,aim3_target_metrics_v2.parquet,374e15163c404aa19bf8453d170490862689d4b0db1c5d34b0e6dea8f075e1b8,770
target_centrality,T:0010464,0.0,cnes,A,pooled,aim3_target_metrics_v2.parquet,374e15163c404aa19bf8453d170490862689d4b0db1c5d34b0e6dea8f075e1b8,<5
target_centrality,T:0010472,0.0,cnes,A,pooled,aim3_target_metrics_v2.parquet,374e15163c404aa19bf8453d170490862689d4b0db1c5d34b0e6dea8f075e1b8,6
target_centrality,T:0010480,0.0,cnes,A,pooled,aim3_target_metrics_v2.parquet,374e15163c404aa19bf8453d170490862689d4b0db1c5d34b0e6dea8f075e1b8,<5
target_centrality,T:0010499,37050.0,cnes,A,pooled,aim3_target_metrics_v2.parquet,374e15163c404aa19bf8453d170490862689d4b0db1c5d34b0e6dea8f075e1b8,237
target_centrality,T:0010502,0.0,cnes,A,pooled,aim3_target_metrics_v2.parquet,374e15163c404aa19bf8453d170490862689d4b0db1c5d34b0e6dea8f075e1b8,12
target_centrality,T:0010510,11580.0,cnes,A,pooled,aim3_target_metrics_v2.parquet,374e15163c404aa19bf8453d170490862689d4b0db1c5d34b0e6dea8f075e1b8,87
target_centrality,T:0011746,14714.5,cnes,A,pooled,aim3_target_metrics_v2.parquet,374e15163c404aa19bf8453d170490862689d4b0db1c5d34b0e6dea8f075e1b8,213
target_centrality,T:0011800,0.0,cnes,A,pooled,aim3_target_metrics_v2.parquet,374e15163c404aa19bf8453d170490862689d4b0db1c5d34b0e6dea8f075e1b8,<5
target_centrality,T:0012505,0.0,cnes,A,pooled,aim3_target_metrics_v2.parquet,374e15163c404aa19bf8453d170490862689d4b0db1c5d34b0e6dea8f075e1b8,157
target_centrality,T:0012521,0.0,cnes,A,pooled,aim3_target_metrics_v2.parquet,374e15163c404aa19bf8453d170490862689d4b0db1c5d34b0e6dea8f075e1b8,<5
target_centrality,T:0012556,0.0,cnes,A,pooled,aim3_target_metrics_v2.parquet,374e15163c404aa19bf8453d170490862689d4b0db1c5d34b0e6dea8f075e1b8,<5
target_centrality,T:0013633,680165.0,cnes,A,pooled,aim3_target_metrics_v2.parquet,374e15163c404aa19bf8453d170490862689d4b0db1c5d34b0e6dea8f075e1b8,218
target_centrality,T:0013846,0.0,cnes,A,pooled,aim3_target_metrics_v2.parquet,374e15163c404aa19bf8453d170490862689d4b0db1c5d34b0e6dea8f075e1b8,17
target_centrality,T:0014109,110951.0,cnes,A,pooled,aim3_target_metrics_v2.parquet,374e15163c404aa19bf8453d170490862689d4b0db1c5d34b0e6dea8f075e1b8,246
target_centrality,T:0015245,14698.0,cnes,A,pooled,aim3_target_metrics_v2.parquet,374e15163c404aa19bf8453d170490862689d4b0db1c5d34b0e6dea8f075e1b8,178
target_centrality,T:0015318,0.0,cnes,A,pooled,aim3_target_metrics_v2.parquet,374e15163c404aa19bf8453d170490862689d4b0db1c5d34b0e6dea8f075e1b8,<5
target_centrality,T:0015334,0.0,cnes,A,pooled,aim3_target_metrics_v2.parquet,374e15163c404aa19bf8453d170490862689d4b0db1c5d34b0e6dea8f075e1b8,<5
target_centrality,T:0015369,0.0,cnes,A,pooled,aim3_target_metrics_v2.parquet,374e15163c404aa19bf8453d170490862689d4b0db1c5d34b0e6dea8f075e1b8,52
target_centrality,T:0015407,114128.0,cnes,A,pooled,aim3_target_metrics_v2.parquet,374e15163c404aa19bf8453d170490862689d4b0db1c5d34b0e6dea8f075e1b8,217
target_centrality,T:0015423,0.0,cnes,A,pooled,aim3_target_metrics_v2.parquet,374e15163c404aa19bf8453d170490862689d4b0db1c5d34b0e6dea8f075e1b8,69
target_centrality,T:0015563,31656.0,cnes,A,pooled,aim3_target_metrics_v2.parquet,374e15163c404aa19bf8453d170490862689d4b0db1c5d34b0e6dea8f075e1b8,27
target_centrality,T:0015644,25757.0,cnes,A,pooled,aim3_target_metrics_v2.parquet,374e15163c404aa19bf8453d170490862689d4b0db1c5d34b0e6dea8f075e1b8,215
target_centrality,T:0019402,0.0,cnes,A,pooled,aim3_target_metrics_v2.parquet,374e15163c404aa19bf8453d170490862689d4b0db1c5d34b0e6dea8f075e1b8,<5
target_centrality,T:0026808,4905.5,cnes,A,pooled,aim3_target_metrics_v2.parquet,374e15163c404aa19bf8453d170490862689d4b0db1c5d34b0e6dea8f075e1b8,80
target_centrality,T:0026859,35299.0,cnes,A,pooled,aim3_target_metrics_v2.parquet,374e15163c404aa19bf8453d170490862689d4b0db1c5d34b0e6dea8f075e1b8,68
target_centrality,T:0027014,480080.5,cnes,A,pooled,aim3_target_metrics_v2.parquet,374e15163c404aa19bf8453d170490862689d4b0db1c5d34b0e6dea8f075e1b8,1027
target_centrality,T:0027022,4900.0,cnes,A,pooled,aim3_target_metrics_v2.parquet,374e15163c404aa19bf8453d170490862689d4b0db1c5d34b0e6dea8f075e1b8,112
target_centrality,T:0027049,981012.8333333333,cnes,A,pooled,aim3_target_metrics_v2.parquet,374e15163c404aa19bf8453d170490862689d4b0db1c5d34b0e6dea8f075e1b8,591
target_centrality,T:0027863,10374.0,cnes,A,pooled,aim3_target_metrics_v2.parquet,374e15163c404aa19bf8453d170490862689d4b0db1c5d34b0e6dea8f075e1b8,275
target_centrality,T:0086673,4900.0,cnes,A,pooled,aim3_target_metrics_v2.parquet,374e15163c404aa19bf8453d170490862689d4b0db1c5d34b0e6dea8f075e1b8,95
target_centrality,T:0092894,4910.0,cnes,A,pooled,aim3_target_metrics_v2.parquet,374e15163c404aa19bf8453d170490862689d4b0db1c5d34b0e6dea8f075e1b8,63
target_centrality,T:0102105,0.0,cnes,A,pooled,aim3_target_metrics_v2.parquet,374e15163c404aa19bf8453d170490862689d4b0db1c5d34b0e6dea8f075e1b8,<5
target_centrality,T:0105317,0.0,cnes,A,pooled,aim3_target_metrics_v2.parquet,374e15163c404aa19bf8453d170490862689d4b0db1c5d34b0e6dea8f075e1b8,<5
target_centrality,T:0136581,385069.0,cnes,A,pooled,aim3_target_metrics_v2.parquet,374e15163c404aa19bf8453d170490862689d4b0db1c5d34b0e6dea8f075e1b8,558
target_centrality,T:0179817,9799.0,cnes,A,pooled,aim3_target_metrics_v2.parquet,374e15163c404aa19bf8453d170490862689d4b0db1c5d34b0e6dea8f075e1b8,17
target_centrality,T:0220027,35070.0,cnes,A,pooled,aim3_target_metrics_v2.parquet,374e15163c404aa19bf8453d170490862689d4b0db1c5d34b0e6dea8f075e1b8,44
target_centrality,T:0220337,600620.0,cnes,A,pooled,aim3_target_metrics_v2.parquet,374e15163c404aa19bf8453d170490862689d4b0db1c5d34b0e6dea8f075e1b8,375
target_centrality,T:0226491,22515.5,cnes,A,pooled,aim3_target_metrics_v2.parquet,374e15163c404aa19bf8453d170490862689d4b0db1c5d34b0e6dea8f075e1b8,112
target_centrality,T:0547484,49008.833333333336,cnes,A,pooled,aim3_target_metrics_v2.parquet,374e15163c404aa19bf8453d170490862689d4b0db1c5d34b0e6dea8f075e1b8,96
target_centrality,T:0607126,0.0,cnes,A,pooled,aim3_target_metrics_v2.parquet,374e15163c404aa19bf8453d170490862689d4b0db1c5d34b0e6dea8f075e1b8,14
target_centrality,T:2001586,0.0,cnes,A,pooled,aim3_target_metrics_v2.parquet,374e15163c404aa19bf8453d170490862689d4b0db1c5d34b0e6dea8f075e1b8,<5
target_centrality,T:2012472,0.0,cnes,A,pooled,aim3_target_metrics_v2.parquet,374e15163c404aa19bf8453d170490862689d4b0db1c5d34b0e6dea8f075e1b8,<5
target_centrality,T:2012677,0.0,cnes,A,pooled,aim3_target_metrics_v2.parquet,374e15163c404aa19bf8453d170490862689d4b0db1c5d34b0e6dea8f075e1b8,14
target_centrality,T:2012685,0.0,cnes,A,pooled,aim3_target_metrics_v2.parquet,374e15163c404aa19bf8453d170490862689d4b0db1c5d34b0e6dea8f075e1b8,21
target_centrality,T:2013649,134989.0,cnes,A,pooled,aim3_target_metrics_v2.parquet,374e15163c404aa19bf8453d170490862689d4b0db1c5d34b0e6dea8f075e1b8,1145
target_centrality,T:2017431,0.0,cnes,A,pooled,aim3_target_metrics_v2.parquet,374e15163c404aa19bf8453d170490862689d4b0db1c5d34b0e6dea8f075e1b8,<5
target_centrality,T:2017644,0.0,cnes,A,pooled,aim3_target_metrics_v2.parquet,374e15163c404aa19bf8453d170490862689d4b0db1c5d34b0e6dea8f075e1b8,29
target_centrality,T:2018136,0.0,cnes,A,pooled,aim3_target_metrics_v2.parquet,374e15163c404aa19bf8453d170490862689d4b0db1c5d34b0e6dea8f075e1b8,<5
target_centrality,T:2019574,0.5,cnes,A,pooled,aim3_target_metrics_v2.parquet,374e15163c404aa19bf8453d170490862689d4b0db1c5d34b0e6dea8f075e1b8,71
target_centrality,T:2020645,0.0,cnes,A,pooled,aim3_target_metrics_v2.parquet,374e15163c404aa19bf8453d170490862689d4b0db1c5d34b0e6dea8f075e1b8,6
target_centrality,T:2020890,41245.0,cnes,A,pooled,aim3_target_metrics_v2.parquet,374e15163c404aa19bf8453d170490862689d4b0db1c5d34b0e6dea8f075e1b8,139
target_centrality,T:2023709,0.0,cnes,A,pooled,aim3_target_metrics_v2.parquet,374e15163c404aa19bf8453d170490862689d4b0db1c5d34b0e6dea8f075e1b8,<5
target_centrality,T:2024691,29387.0,cnes,A,pooled,aim3_target_metrics_v2.parquet,374e15163c404aa19bf8453d170490862689d4b0db1c5d34b0e6dea8f075e1b8,133
target_centrality,T:2025361,0.0,cnes,A,pooled,aim3_target_metrics_v2.parquet,374e15163c404aa19bf8453d170490862689d4b0db1c5d34b0e6dea8f075e1b8,46
target_centrality,T:2025507,92819.0,cnes,A,pooled,aim3_target_metrics_v2.parquet,374e15163c404aa19bf8453d170490862689d4b0db1c5d34b0e6dea8f075e1b8,120
target_centrality,T:2025752,9798.0,cnes,A,pooled,aim3_target_metrics_v2.parquet,374e15163c404aa19bf8453d170490862689d4b0db1c5d34b0e6dea8f075e1b8,369
target_centrality,T:2066092,0.0,cnes,A,pooled,aim3_target_metrics_v2.parquet,374e15163c404aa19bf8453d170490862689d4b0db1c5d34b0e6dea8f075e1b8,363
target_centrality,T:2071568,0.0,cnes,A,pooled,aim3_target_metrics_v2.parquet,374e15163c404aa19bf8453d170490862689d4b0db1c5d34b0e6dea8f075e1b8,<5
target_centrality,T:2076926,728.0,cnes,A,pooled,aim3_target_metrics_v2.parquet,374e15163c404aa19bf8453d170490862689d4b0db1c5d34b0e6dea8f075e1b8,68
target_centrality,T:2077396,1201157.0,cnes,A,pooled,aim3_target_metrics_v2.parquet,374e15163c404aa19bf8453d170490862689d4b0db1c5d34b0e6dea8f075e1b8,1880
target_centrality,T:2077477,0.0,cnes,A,pooled,aim3_target_metrics_v2.parquet,374e15163c404aa19bf8453d170490862689d4b0db1c5d34b0e6dea8f075e1b8,312
target_centrality,T:2077485,5770.0,cnes,A,pooled,aim3_target_metrics_v2.parquet,374e15163c404aa19bf8453d170490862689d4b0db1c5d34b0e6dea8f075e1b8,236
target_centrality,T:2077523,0.0,cnes,A,pooled,aim3_target_metrics_v2.parquet,374e15163c404aa19bf8453d170490862689d4b0db1c5d34b0e6dea8f075e1b8,79
target_centrality,T:2077531,0.0,cnes,A,pooled,aim3_target_metrics_v2.parquet,374e15163c404aa19bf8453d170490862689d4b0db1c5d34b0e6dea8f075e1b8,29
target_centrality,T:2077574,0.0,cnes,A,pooled,aim3_target_metrics_v2.parquet,374e15163c404aa19bf8453d170490862689d4b0db1c5d34b0e6dea8f075e1b8,62
target_centrality,T:2077590,0.0,cnes,A,pooled,aim3_target_metrics_v2.parquet,374e15163c404aa19bf8453d170490862689d4b0db1c5d34b0e6dea8f075e1b8,<5
target_centrality,T:2077620,0.0,cnes,A,pooled,aim3_target_metrics_v2.parquet,374e15163c404aa19bf8453d170490862689d4b0db1c5d34b0e6dea8f075e1b8,38
target_centrality,T:2078015,3733946.0,cnes,A,pooled,aim3_target_metrics_v2.parquet,374e15163c404aa19bf8453d170490862689d4b0db1c5d34b0e6dea8f075e1b8,3437
target_centrality,T:2078287,0.0,cnes,A,pooled,aim3_target_metrics_v2.parquet,374e15163c404aa19bf8453d170490862689d4b0db1c5d34b0e6dea8f075e1b8,<5
target_centrality,T:2078465,0.0,cnes,A,pooled,aim3_target_metrics_v2.parquet,374e15163c404aa19bf8453d170490862689d4b0db1c5d34b0e6dea8f075e1b8,<5
target_centrality,T:2078562,8569.0,cnes,A,pooled,aim3_target_metrics_v2.parquet,374e15163c404aa19bf8453d170490862689d4b0db1c5d34b0e6dea8f075e1b8,200
target_centrality,T:2078775,39177.0,cnes,A,pooled,aim3_target_metrics_v2.parquet,374e15163c404aa19bf8453d170490862689d4b0db1c5d34b0e6dea8f075e1b8,76
target_centrality,T:2079321,0.0,cnes,A,pooled,aim3_target_metrics_v2.parquet,374e15163c404aa19bf8453d170490862689d4b0db1c5d34b0e6dea8f075e1b8,<5
target_centrality,T:2079720,4900.0,cnes,A,pooled,aim3_target_metrics_v2.parquet,374e15163c404aa19bf8453d170490862689d4b0db1c5d34b0e6dea8f075e1b8,182
target_centrality,T:2079798,401793.0,cnes,A,pooled,aim3_target_metrics_v2.parquet,374e15163c404aa19bf8453d170490862689d4b0db1c5d34b0e6dea8f075e1b8,1068
target_centrality,T:2079828,5.0,cnes,A,pooled,aim3_target_metrics_v2.parquet,374e15163c404aa19bf8453d170490862689d4b0db1c5d34b0e6dea8f075e1b8,262
target_centrality,T:2079917,0.0,cnes,A,pooled,aim3_target_metrics_v2.parquet,374e15163c404aa19bf8453d170490862689d4b0db1c5d34b0e6dea8f075e1b8,18
target_centrality,T:2080044,0.0,cnes,A,pooled,aim3_target_metrics_v2.parquet,374e15163c404aa19bf8453d170490862689d4b0db1c5d34b0e6dea8f075e1b8,<5
target_centrality,T:2080125,0.0,cnes,A,pooled,aim3_target_metrics_v2.parquet,374e15163c404aa19bf8453d170490862689d4b0db1c5d34b0e6dea8f075e1b8,19
target_centrality,T:2080184,0.0,cnes,A,pooled,aim3_target_metrics_v2.parquet,374e15163c404aa19bf8453d170490862689d4b0db1c5d34b0e6dea8f075e1b8,7
target_centrality,T:2080338,0.0,cnes,A,pooled,aim3_target_metrics_v2.parquet,374e15163c404aa19bf8453d170490862689d4b0db1c5d34b0e6dea8f075e1b8,255
target_centrality,T:2080346,0.0,cnes,A,pooled,aim3_target_metrics_v2.parquet,374e15163c404aa19bf8453d170490862689d4b0db1c5d34b0e6dea8f075e1b8,455
target_centrality,T:2080354,0.0,cnes,A,pooled,aim3_target_metrics_v2.parquet,374e15163c404aa19bf8453d170490862689d4b0db1c5d34b0e6dea8f075e1b8,<5
target_centrality,T:2080400,0.0,cnes,A,pooled,aim3_target_metrics_v2.parquet,374e15163c404aa19bf8453d170490862689d4b0db1c5d34b0e6dea8f075e1b8,42
target_centrality,T:2080532,9845.5,cnes,A,pooled,aim3_target_metrics_v2.parquet,374e15163c404aa19bf8453d170490862689d4b0db1c5d34b0e6dea8f075e1b8,152
target_centrality,T:2080680,9799.0,cnes,A,pooled,aim3_target_metrics_v2.parquet,374e15163c404aa19bf8453d170490862689d4b0db1c5d34b0e6dea8f075e1b8,62
target_centrality,T:2080931,26985.0,cnes,A,pooled,aim3_target_metrics_v2.parquet,374e15163c404aa19bf8453d170490862689d4b0db1c5d34b0e6dea8f075e1b8,136
target_centrality,T:2081253,4875.0,cnes,A,pooled,aim3_target_metrics_v2.parquet,374e15163c404aa19bf8453d170490862689d4b0db1c5d34b0e6dea8f075e1b8,54
target_centrality,T:2081377,40047.5,cnes,A,pooled,aim3_target_metrics_v2.parquet,374e15163c404aa19bf8453d170490862689d4b0db1c5d34b0e6dea8f075e1b8,145
target_centrality,T:2081458,10138.0,cnes,A,pooled,aim3_target_metrics_v2.parquet,374e15163c404aa19bf8453d170490862689d4b0db1c5d34b0e6dea8f075e1b8,383
target_centrality,T:2081490,0.0,cnes,A,pooled,aim3_target_metrics_v2.parquet,374e15163c404aa19bf8453d170490862689d4b0db1c5d34b0e6dea8f075e1b8,<5
target_centrality,T:2081512,0.0,cnes,A,pooled,aim3_target_metrics_v2.parquet,374e15163c404aa19bf8453d170490862689d4b0db1c5d34b0e6dea8f075e1b8,16
target_centrality,T:2081695,100463.0,cnes,A,pooled,aim3_target_metrics_v2.parquet,374e15163c404aa19bf8453d170490862689d4b0db1c5d34b0e6dea8f075e1b8,575
target_centrality,T:2082187,361509.5,cnes,A,pooled,aim3_target_metrics_v2.parquet,374e15163c404aa19bf8453d170490862689d4b0db1c5d34b0e6dea8f075e1b8,771
target_centrality,T:2082225,0.0,cnes,A,pooled,aim3_target_metrics_v2.parquet,374e15163c404aa19bf8453d170490862689d4b0db1c5d34b0e6dea8f075e1b8,<5
target_centrality,T:2082527,28498.0,cnes,A,pooled,aim3_target_metrics_v2.parquet,374e15163c404aa19bf8453d170490862689d4b0db1c5d34b0e6dea8f075e1b8,74
target_centrality,T:2082594,0.0,cnes,A,pooled,aim3_target_metrics_v2.parquet,374e15163c404aa19bf8453d170490862689d4b0db1c5d34b0e6dea8f075e1b8,74
target_centrality,T:2082861,4435.0,cnes,A,pooled,aim3_target_metrics_v2.parquet,374e15163c404aa19bf8453d170490862689d4b0db1c5d34b0e6dea8f075e1b8,92
target_centrality,T:2083086,110568.0,cnes,A,pooled,aim3_target_metrics_v2.parquet,374e15163c404aa19bf8453d170490862689d4b0db1c5d34b0e6dea8f075e1b8,101
target_centrality,T:2083094,90868.0,cnes,A,pooled,aim3_target_metrics_v2.parquet,374e15163c404aa19bf8453d170490862689d4b0db1c5d34b0e6dea8f075e1b8,208
target_centrality,T:2083116,0.0,cnes,A,pooled,aim3_target_metrics_v2.parquet,374e15163c404aa19bf8453d170490862689d4b0db1c5d34b0e6dea8f075e1b8,23
target_centrality,T:2084163,0.0,cnes,A,pooled,aim3_target_metrics_v2.parquet,374e15163c404aa19bf8453d170490862689d4b0db1c5d34b0e6dea8f075e1b8,<5
target_centrality,T:2084414,0.0,cnes,A,pooled,aim3_target_metrics_v2.parquet,374e15163c404aa19bf8453d170490862689d4b0db1c5d34b0e6dea8f075e1b8,<5
target_centrality,T:2087057,19595.0,cnes,A,pooled,aim3_target_metrics_v2.parquet,374e15163c404aa19bf8453d170490862689d4b0db1c5d34b0e6dea8f075e1b8,206
target_centrality,T:2087103,0.0,cnes,A,pooled,aim3_target_metrics_v2.parquet,374e15163c404aa19bf8453d170490862689d4b0db1c5d34b0e6dea8f075e1b8,6
target_centrality,T:2087111,4900.0,cnes,A,pooled,aim3_target_metrics_v2.parquet,374e15163c404aa19bf8453d170490862689d4b0db1c5d34b0e6dea8f075e1b8,32
target_centrality,T:2088576,0.0,cnes,A,pooled,aim3_target_metrics_v2.parquet,374e15163c404aa19bf8453d170490862689d4b0db1c5d34b0e6dea8f075e1b8,77
target_centrality,T:2089327,60846.0,cnes,A,pooled,aim3_target_metrics_v2.parquet,374e15163c404aa19bf8453d170490862689d4b0db1c5d34b0e6dea8f075e1b8,198
target_centrality,T:2089335,0.0,cnes,A,pooled,aim3_target_metrics_v2.parquet,374e15163c404aa19bf8453d170490862689d4b0db1c5d34b0e6dea8f075e1b8,14
target_centrality,T:2090236,4176875.5,cnes,A,pooled,aim3_target_metrics_v2.parquet,374e15163c404aa19bf8453d170490862689d4b0db1c5d34b0e6dea8f075e1b8,917
target_centrality,T:2092298,0.0,cnes,A,pooled,aim3_target_metrics_v2.parquet,374e15163c404aa19bf8453d170490862689d4b0db1c5d34b0e6dea8f075e1b8,32
target_centrality,T:2092611,0.0,cnes,A,pooled,aim3_target_metrics_v2.parquet,374e15163c404aa19bf8453d170490862689d4b0db1c5d34b0e6dea8f075e1b8,72
target_centrality,T:2096412,4901.0,cnes,A,pooled,aim3_target_metrics_v2.parquet,374e15163c404aa19bf8453d170490862689d4b0db1c5d34b0e6dea8f075e1b8,145
target_centrality,T:2098938,0.0,cnes,A,pooled,aim3_target_metrics_v2.parquet,374e15163c404aa19bf8453d170490862689d4b0db1c5d34b0e6dea8f075e1b8,<5
target_centrality,T:2100754,1.0,cnes,A,pooled,aim3_target_metrics_v2.parquet,374e15163c404aa19bf8453d170490862689d4b0db1c5d34b0e6dea8f075e1b8,13
target_centrality,T:2105780,4900.0,cnes,A,pooled,aim3_target_metrics_v2.parquet,374e15163c404aa19bf8453d170490862689d4b0db1c5d34b0e6dea8f075e1b8,15
target_centrality,T:2109867,29397.0,cnes,A,pooled,aim3_target_metrics_v2.parquet,374e15163c404aa19bf8453d170490862689d4b0db1c5d34b0e6dea8f075e1b8,99
target_centrality,T:2111624,246920.0,cnes,A,pooled,aim3_target_metrics_v2.parquet,374e15163c404aa19bf8453d170490862689d4b0db1c5d34b0e6dea8f075e1b8,278
target_centrality,T:2118661,151621.0,cnes,A,pooled,aim3_target_metrics_v2.parquet,374e15163c404aa19bf8453d170490862689d4b0db1c5d34b0e6dea8f075e1b8,247
target_centrality,T:2119528,0.0,cnes,A,pooled,aim3_target_metrics_v2.parquet,374e15163c404aa19bf8453d170490862689d4b0db1c5d34b0e6dea8f075e1b8,6
target_centrality,T:2124289,0.0,cnes,A,pooled,aim3_target_metrics_v2.parquet,374e15163c404aa19bf8453d170490862689d4b0db1c5d34b0e6dea8f075e1b8,13
target_centrality,T:2127989,158497.0,cnes,A,pooled,aim3_target_metrics_v2.parquet,374e15163c404aa19bf8453d170490862689d4b0db1c5d34b0e6dea8f075e1b8,404
target_centrality,T:2129469,0.0,cnes,A,pooled,aim3_target_metrics_v2.parquet,374e15163c404aa19bf8453d170490862689d4b0db1c5d34b0e6dea8f075e1b8,<5
target_centrality,T:2129566,0.0,cnes,A,pooled,aim3_target_metrics_v2.parquet,374e15163c404aa19bf8453d170490862689d4b0db1c5d34b0e6dea8f075e1b8,74
target_centrality,T:2144298,0.0,cnes,A,pooled,aim3_target_metrics_v2.parquet,374e15163c404aa19bf8453d170490862689d4b0db1c5d34b0e6dea8f075e1b8,<5
target_centrality,T:2146355,118967.0,cnes,A,pooled,aim3_target_metrics_v2.parquet,374e15163c404aa19bf8453d170490862689d4b0db1c5d34b0e6dea8f075e1b8,475
target_centrality,T:2149990,144931.66666666666,cnes,A,pooled,aim3_target_metrics_v2.parquet,374e15163c404aa19bf8453d170490862689d4b0db1c5d34b0e6dea8f075e1b8,169
target_centrality,T:2153882,0.0,cnes,A,pooled,aim3_target_metrics_v2.parquet,374e15163c404aa19bf8453d170490862689d4b0db1c5d34b0e6dea8f075e1b8,<5
target_centrality,T:2163829,0.0,cnes,A,pooled,aim3_target_metrics_v2.parquet,374e15163c404aa19bf8453d170490862689d4b0db1c5d34b0e6dea8f075e1b8,<5
target_centrality,T:2171945,75875.5,cnes,A,pooled,aim3_target_metrics_v2.parquet,374e15163c404aa19bf8453d170490862689d4b0db1c5d34b0e6dea8f075e1b8,123
target_centrality,T:2171988,75211.0,cnes,A,pooled,aim3_target_metrics_v2.parquet,374e15163c404aa19bf8453d170490862689d4b0db1c5d34b0e6dea8f075e1b8,47
target_centrality,T:2192128,0.0,cnes,A,pooled,aim3_target_metrics_v2.parquet,374e15163c404aa19bf8453d170490862689d4b0db1c5d34b0e6dea8f075e1b8,<5
target_centrality,T:2195437,14710.5,cnes,A,pooled,aim3_target_metrics_v2.parquet,374e15163c404aa19bf8453d170490862689d4b0db1c5d34b0e6dea8f075e1b8,28
target_centrality,T:2195453,277566.0,cnes,A,pooled,aim3_target_metrics_v2.parquet,374e15163c404aa19bf8453d170490862689d4b0db1c5d34b0e6dea8f075e1b8,203
target_centrality,T:2195585,0.0,cnes,A,pooled,aim3_target_metrics_v2.parquet,374e15163c404aa19bf8453d170490862689d4b0db1c5d34b0e6dea8f075e1b8,<5
target_centrality,T:2200457,4900.0,cnes,A,pooled,aim3_target_metrics_v2.parquet,374e15163c404aa19bf8453d170490862689d4b0db1c5d34b0e6dea8f075e1b8,23
target_centrality,T:2205440,0.0,cnes,A,pooled,aim3_target_metrics_v2.parquet,374e15163c404aa19bf8453d170490862689d4b0db1c5d34b0e6dea8f075e1b8,<5
target_centrality,T:2206528,0.0,cnes,A,pooled,aim3_target_metrics_v2.parquet,374e15163c404aa19bf8453d170490862689d4b0db1c5d34b0e6dea8f075e1b8,<5
target_centrality,T:2206595,4902.0,cnes,A,pooled,aim3_target_metrics_v2.parquet,374e15163c404aa19bf8453d170490862689d4b0db1c5d34b0e6dea8f075e1b8,21
target_centrality,T:2208172,4901.0,cnes,A,pooled,aim3_target_metrics_v2.parquet,374e15163c404aa19bf8453d170490862689d4b0db1c5d34b0e6dea8f075e1b8,<5
target_centrality,T:2208857,15194.0,cnes,A,pooled,aim3_target_metrics_v2.parquet,374e15163c404aa19bf8453d170490862689d4b0db1c5d34b0e6dea8f075e1b8,20
target_centrality,T:2218798,117686.83333333334,cnes,A,pooled,aim3_target_metrics_v2.parquet,374e15163c404aa19bf8453d170490862689d4b0db1c5d34b0e6dea8f075e1b8,319
target_centrality,T:2219646,65229.666666666664,cnes,A,pooled,aim3_target_metrics_v2.parquet,374e15163c404aa19bf8453d170490862689d4b0db1c5d34b0e6dea8f075e1b8,80
target_centrality,T:2219654,62273.166666666664,cnes,A,pooled,aim3_target_metrics_v2.parquet,374e15163c404aa19bf8453d170490862689d4b0db1c5d34b0e6dea8f075e1b8,137
target_centrality,T:2223538,268130.0,cnes,A,pooled,aim3_target_metrics_v2.parquet,374e15163c404aa19bf8453d170490862689d4b0db1c5d34b0e6dea8f075e1b8,423
target_centrality,T:2223546,4404.0,cnes,A,pooled,aim3_target_metrics_v2.parquet,374e15163c404aa19bf8453d170490862689d4b0db1c5d34b0e6dea8f075e1b8,80
target_centrality,T:2227762,217258.3333333333,cnes,A,pooled,aim3_target_metrics_v2.parquet,374e15163c404aa19bf8453d170490862689d4b0db1c5d34b0e6dea8f075e1b8,522
target_centrality,T:2232022,0.0,cnes,A,pooled,aim3_target_metrics_v2.parquet,374e15163c404aa19bf8453d170490862689d4b0db1c5d34b0e6dea8f075e1b8,<5
target_centrality,T:2232995,0.0,cnes,A,pooled,aim3_target_metrics_v2.parquet,374e15163c404aa19bf8453d170490862689d4b0db1c5d34b0e6dea8f075e1b8,<5
target_centrality,T:2237253,855624.8333333333,cnes,A,pooled,aim3_target_metrics_v2.parquet,374e15163c404aa19bf8453d170490862689d4b0db1c5d34b0e6dea8f075e1b8,638
target_centrality,T:2237571,408545.0,cnes,A,pooled,aim3_target_metrics_v2.parquet,374e15163c404aa19bf8453d170490862689d4b0db1c5d34b0e6dea8f075e1b8,957
target_centrality,T:2237601,104912.0,cnes,A,pooled,aim3_target_metrics_v2.parquet,374e15163c404aa19bf8453d170490862689d4b0db1c5d34b0e6dea8f075e1b8,723
target_centrality,T:2241021,4900.0,cnes,A,pooled,aim3_target_metrics_v2.parquet,374e15163c404aa19bf8453d170490862689d4b0db1c5d34b0e6dea8f075e1b8,11
target_centrality,T:2244101,41169.0,cnes,A,pooled,aim3_target_metrics_v2.parquet,374e15163c404aa19bf8453d170490862689d4b0db1c5d34b0e6dea8f075e1b8,72
target_centrality,T:2244306,69758.5,cnes,A,pooled,aim3_target_metrics_v2.parquet,374e15163c404aa19bf8453d170490862689d4b0db1c5d34b0e6dea8f075e1b8,382
target_centrality,T:2246929,141052.0,cnes,A,pooled,aim3_target_metrics_v2.parquet,374e15163c404aa19bf8453d170490862689d4b0db1c5d34b0e6dea8f075e1b8,206
target_centrality,T:2246988,106198.83333333334,cnes,A,pooled,aim3_target_metrics_v2.parquet,374e15163c404aa19bf8453d170490862689d4b0db1c5d34b0e6dea8f075e1b8,139
target_centrality,T:2248247,0.0,cnes,A,pooled,aim3_target_metrics_v2.parquet,374e15163c404aa19bf8453d170490862689d4b0db1c5d34b0e6dea8f075e1b8,<5
target_centrality,T:2252295,0.0,cnes,A,pooled,aim3_target_metrics_v2.parquet,374e15163c404aa19bf8453d170490862689d4b0db1c5d34b0e6dea8f075e1b8,27
target_centrality,T:2252694,9824.333333333332,cnes,A,pooled,aim3_target_metrics_v2.parquet,374e15163c404aa19bf8453d170490862689d4b0db1c5d34b0e6dea8f075e1b8,74
target_centrality,T:2253046,4900.0,cnes,A,pooled,aim3_target_metrics_v2.parquet,374e15163c404aa19bf8453d170490862689d4b0db1c5d34b0e6dea8f075e1b8,23
target_centrality,T:2253054,0.0,cnes,A,pooled,aim3_target_metrics_v2.parquet,374e15163c404aa19bf8453d170490862689d4b0db1c5d34b0e6dea8f075e1b8,8
target_centrality,T:2255936,0.0,cnes,A,pooled,aim3_target_metrics_v2.parquet,374e15163c404aa19bf8453d170490862689d4b0db1c5d34b0e6dea8f075e1b8,91
target_centrality,T:2257645,121421.5,cnes,A,pooled,aim3_target_metrics_v2.parquet,374e15163c404aa19bf8453d170490862689d4b0db1c5d34b0e6dea8f075e1b8,217
target_centrality,T:2257815,0.0,cnes,A,pooled,aim3_target_metrics_v2.parquet,374e15163c404aa19bf8453d170490862689d4b0db1c5d34b0e6dea8f075e1b8,8
target_centrality,T:2259907,1.0,cnes,A,pooled,aim3_target_metrics_v2.parquet,374e15163c404aa19bf8453d170490862689d4b0db1c5d34b0e6dea8f075e1b8,7
target_centrality,T:2261030,92970.16666666669,cnes,A,pooled,aim3_target_metrics_v2.parquet,374e15163c404aa19bf8453d170490862689d4b0db1c5d34b0e6dea8f075e1b8,127
target_centrality,T:2262568,442070.0,cnes,A,pooled,aim3_target_metrics_v2.parquet,374e15163c404aa19bf8453d170490862689d4b0db1c5d34b0e6dea8f075e1b8,284
target_centrality,T:2265052,0.0,cnes,A,pooled,aim3_target_metrics_v2.parquet,374e15163c404aa19bf8453d170490862689d4b0db1c5d34b0e6dea8f075e1b8,<5
target_centrality,T:2265060,0.0,cnes,A,pooled,aim3_target_metrics_v2.parquet,374e15163c404aa19bf8453d170490862689d4b0db1c5d34b0e6dea8f075e1b8,<5
target_centrality,T:2269384,0.0,cnes,A,pooled,aim3_target_metrics_v2.parquet,374e15163c404aa19bf8453d170490862689d4b0db1c5d34b0e6dea8f075e1b8,144
target_centrality,T:2269481,0.0,cnes,A,pooled,aim3_target_metrics_v2.parquet,374e15163c404aa19bf8453d170490862689d4b0db1c5d34b0e6dea8f075e1b8,541
target_centrality,T:2269775,0.0,cnes,A,pooled,aim3_target_metrics_v2.parquet,374e15163c404aa19bf8453d170490862689d4b0db1c5d34b0e6dea8f075e1b8,16
target_centrality,T:2269783,720.0,cnes,A,pooled,aim3_target_metrics_v2.parquet,374e15163c404aa19bf8453d170490862689d4b0db1c5d34b0e6dea8f075e1b8,95
target_centrality,T:2269880,0.0,cnes,A,pooled,aim3_target_metrics_v2.parquet,374e15163c404aa19bf8453d170490862689d4b0db1c5d34b0e6dea8f075e1b8,55
target_centrality,T:2269988,0.0,cnes,A,pooled,aim3_target_metrics_v2.parquet,374e15163c404aa19bf8453d170490862689d4b0db1c5d34b0e6dea8f075e1b8,<5
target_centrality,T:2270234,0.0,cnes,A,pooled,aim3_target_metrics_v2.parquet,374e15163c404aa19bf8453d170490862689d4b0db1c5d34b0e6dea8f075e1b8,<5
target_centrality,T:2270269,0.0,cnes,A,pooled,aim3_target_metrics_v2.parquet,374e15163c404aa19bf8453d170490862689d4b0db1c5d34b0e6dea8f075e1b8,17
target_centrality,T:2270609,0.0,cnes,A,pooled,aim3_target_metrics_v2.parquet,374e15163c404aa19bf8453d170490862689d4b0db1c5d34b0e6dea8f075e1b8,13
target_centrality,T:2272784,0.0,cnes,A,pooled,aim3_target_metrics_v2.parquet,374e15163c404aa19bf8453d170490862689d4b0db1c5d34b0e6dea8f075e1b8,<5
target_centrality,T:2273411,0.0,cnes,A,pooled,aim3_target_metrics_v2.parquet,374e15163c404aa19bf8453d170490862689d4b0db1c5d34b0e6dea8f075e1b8,169
target_centrality,T:2273659,0.0,cnes,A,pooled,aim3_target_metrics_v2.parquet,374e15163c404aa19bf8453d170490862689d4b0db1c5d34b0e6dea8f075e1b8,<5
target_centrality,T:2275562,4900.0,cnes,A,pooled,aim3_target_metrics_v2.parquet,374e15163c404aa19bf8453d170490862689d4b0db1c5d34b0e6dea8f075e1b8,351
target_centrality,T:2278855,9799.0,cnes,A,pooled,aim3_target_metrics_v2.parquet,374e15163c404aa19bf8453d170490862689d4b0db1c5d34b0e6dea8f075e1b8,30
target_centrality,T:2280167,460806.0,cnes,A,pooled,aim3_target_metrics_v2.parquet,374e15163c404aa19bf8453d170490862689d4b0db1c5d34b0e6dea8f075e1b8,1316
target_centrality,T:2280183,0.0,cnes,A,pooled,aim3_target_metrics_v2.parquet,374e15163c404aa19bf8453d170490862689d4b0db1c5d34b0e6dea8f075e1b8,<5
target_centrality,T:2283395,0.0,cnes,A,pooled,aim3_target_metrics_v2.parquet,374e15163c404aa19bf8453d170490862689d4b0db1c5d34b0e6dea8f075e1b8,23
target_centrality,T:2287250,9799.0,cnes,A,pooled,aim3_target_metrics_v2.parquet,374e15163c404aa19bf8453d170490862689d4b0db1c5d34b0e6dea8f075e1b8,158
target_centrality,T:2295407,0.0,cnes,A,pooled,aim3_target_metrics_v2.parquet,374e15163c404aa19bf8453d170490862689d4b0db1c5d34b0e6dea8f075e1b8,<5
target_centrality,T:2295415,0.0,cnes,A,pooled,aim3_target_metrics_v2.parquet,374e15163c404aa19bf8453d170490862689d4b0db1c5d34b0e6dea8f075e1b8,279
target_centrality,T:2295423,0.0,cnes,A,pooled,aim3_target_metrics_v2.parquet,374e15163c404aa19bf8453d170490862689d4b0db1c5d34b0e6dea8f075e1b8,132
target_centrality,T:2298031,70449.0,cnes,A,pooled,aim3_target_metrics_v2.parquet,374e15163c404aa19bf8453d170490862689d4b0db1c5d34b0e6dea8f075e1b8,854
target_centrality,T:2298317,0.0,cnes,A,pooled,aim3_target_metrics_v2.parquet,374e15163c404aa19bf8453d170490862689d4b0db1c5d34b0e6dea8f075e1b8,<5
target_centrality,T:2301318,0.0,cnes,A,pooled,aim3_target_metrics_v2.parquet,374e15163c404aa19bf8453d170490862689d4b0db1c5d34b0e6dea8f075e1b8,48
target_centrality,T:2301830,457158.3333333333,cnes,A,pooled,aim3_target_metrics_v2.parquet,374e15163c404aa19bf8453d170490862689d4b0db1c5d34b0e6dea8f075e1b8,403
target_centrality,T:2306336,9801.0,cnes,A,pooled,aim3_target_metrics_v2.parquet,374e15163c404aa19bf8453d170490862689d4b0db1c5d34b0e6dea8f075e1b8,34
target_centrality,T:2319659,0.0,cnes,A,pooled,aim3_target_metrics_v2.parquet,374e15163c404aa19bf8453d170490862689d4b0db1c5d34b0e6dea8f075e1b8,<5
target_centrality,T:2323249,0.0,cnes,A,pooled,aim3_target_metrics_v2.parquet,374e15163c404aa19bf8453d170490862689d4b0db1c5d34b0e6dea8f075e1b8,<5
target_centrality,T:2332981,79173.66666666667,cnes,A,pooled,aim3_target_metrics_v2.parquet,374e15163c404aa19bf8453d170490862689d4b0db1c5d34b0e6dea8f075e1b8,228
target_centrality,T:2333031,4900.0,cnes,A,pooled,aim3_target_metrics_v2.parquet,374e15163c404aa19bf8453d170490862689d4b0db1c5d34b0e6dea8f075e1b8,46
target_centrality,T:2334321,21284.5,cnes,A,pooled,aim3_target_metrics_v2.parquet,374e15163c404aa19bf8453d170490862689d4b0db1c5d34b0e6dea8f075e1b8,51
target_centrality,T:2338262,0.0,cnes,A,pooled,aim3_target_metrics_v2.parquet,374e15163c404aa19bf8453d170490862689d4b0db1c5d34b0e6dea8f075e1b8,5
target_centrality,T:2338424,0.0,cnes,A,pooled,aim3_target_metrics_v2.parquet,374e15163c404aa19bf8453d170490862689d4b0db1c5d34b0e6dea8f075e1b8,21
target_centrality,T:2338734,125495.5,cnes,A,pooled,aim3_target_metrics_v2.parquet,374e15163c404aa19bf8453d170490862689d4b0db1c5d34b0e6dea8f075e1b8,302
target_centrality,T:2339110,4670.0,cnes,A,pooled,aim3_target_metrics_v2.parquet,374e15163c404aa19bf8453d170490862689d4b0db1c5d34b0e6dea8f075e1b8,121
target_centrality,T:2340194,0.0,cnes,A,pooled,aim3_target_metrics_v2.parquet,374e15163c404aa19bf8453d170490862689d4b0db1c5d34b0e6dea8f075e1b8,<5
target_centrality,T:2340690,0.0,cnes,A,pooled,aim3_target_metrics_v2.parquet,374e15163c404aa19bf8453d170490862689d4b0db1c5d34b0e6dea8f075e1b8,155
target_centrality,T:2362856,26942.5,cnes,A,pooled,aim3_target_metrics_v2.parquet,374e15163c404aa19bf8453d170490862689d4b0db1c5d34b0e6dea8f075e1b8,41
target_centrality,T:2379333,128482.0,cnes,A,pooled,aim3_target_metrics_v2.parquet,374e15163c404aa19bf8453d170490862689d4b0db1c5d34b0e6dea8f075e1b8,251
target_centrality,T:2384299,345153.0,cnes,A,pooled,aim3_target_metrics_v2.parquet,374e15163c404aa19bf8453d170490862689d4b0db1c5d34b0e6dea8f075e1b8,587
target_centrality,T:2395886,0.0,cnes,A,pooled,aim3_target_metrics_v2.parquet,374e15163c404aa19bf8453d170490862689d4b0db1c5d34b0e6dea8f075e1b8,<5
target_centrality,T:2396866,15058.5,cnes,A,pooled,aim3_target_metrics_v2.parquet,374e15163c404aa19bf8453d170490862689d4b0db1c5d34b0e6dea8f075e1b8,121
target_centrality,T:2397463,0.0,cnes,A,pooled,aim3_target_metrics_v2.parquet,374e15163c404aa19bf8453d170490862689d4b0db1c5d34b0e6dea8f075e1b8,6
target_centrality,T:2397676,0.0,cnes,A,pooled,aim3_target_metrics_v2.parquet,374e15163c404aa19bf8453d170490862689d4b0db1c5d34b0e6dea8f075e1b8,<5
target_centrality,T:2399318,0.0,cnes,A,pooled,aim3_target_metrics_v2.parquet,374e15163c404aa19bf8453d170490862689d4b0db1c5d34b0e6dea8f075e1b8,<5
target_centrality,T:2399555,27571.5,cnes,A,pooled,aim3_target_metrics_v2.parquet,374e15163c404aa19bf8453d170490862689d4b0db1c5d34b0e6dea8f075e1b8,189
target_centrality,T:2399741,0.0,cnes,A,pooled,aim3_target_metrics_v2.parquet,374e15163c404aa19bf8453d170490862689d4b0db1c5d34b0e6dea8f075e1b8,<5
target_centrality,T:2399776,0.0,cnes,A,pooled,aim3_target_metrics_v2.parquet,374e15163c404aa19bf8453d170490862689d4b0db1c5d34b0e6dea8f075e1b8,<5
target_centrality,T:2400243,134877.0,cnes,A,pooled,aim3_target_metrics_v2.parquet,374e15163c404aa19bf8453d170490862689d4b0db1c5d34b0e6dea8f075e1b8,139
target_centrality,T:2400324,259925.5,cnes,A,pooled,aim3_target_metrics_v2.parquet,374e15163c404aa19bf8453d170490862689d4b0db1c5d34b0e6dea8f075e1b8,367
target_centrality,T:2400693,71749.5,cnes,A,pooled,aim3_target_metrics_v2.parquet,374e15163c404aa19bf8453d170490862689d4b0db1c5d34b0e6dea8f075e1b8,210
target_centrality,T:2402076,29854.5,cnes,A,pooled,aim3_target_metrics_v2.parquet,374e15163c404aa19bf8453d170490862689d4b0db1c5d34b0e6dea8f075e1b8,78
target_centrality,T:2409194,14697.0,cnes,A,pooled,aim3_target_metrics_v2.parquet,374e15163c404aa19bf8453d170490862689d4b0db1c5d34b0e6dea8f075e1b8,75
target_centrality,T:2427419,85433.0,cnes,A,pooled,aim3_target_metrics_v2.parquet,374e15163c404aa19bf8453d170490862689d4b0db1c5d34b0e6dea8f075e1b8,304
target_centrality,T:2427427,0.0,cnes,A,pooled,aim3_target_metrics_v2.parquet,374e15163c404aa19bf8453d170490862689d4b0db1c5d34b0e6dea8f075e1b8,<5
target_centrality,T:2436450,4896.0,cnes,A,pooled,aim3_target_metrics_v2.parquet,374e15163c404aa19bf8453d170490862689d4b0db1c5d34b0e6dea8f075e1b8,146
target_centrality,T:2436469,35463.0,cnes,A,pooled,aim3_target_metrics_v2.parquet,374e15163c404aa19bf8453d170490862689d4b0db1c5d34b0e6dea8f075e1b8,361
target_centrality,T:2439360,49003.5,cnes,A,pooled,aim3_target_metrics_v2.parquet,374e15163c404aa19bf8453d170490862689d4b0db1c5d34b0e6dea8f075e1b8,152
target_centrality,T:2458799,0.0,cnes,A,pooled,aim3_target_metrics_v2.parquet,374e15163c404aa19bf8453d170490862689d4b0db1c5d34b0e6dea8f075e1b8,<5
target_centrality,T:2464594,672694.5,cnes,A,pooled,aim3_target_metrics_v2.parquet,374e15163c404aa19bf8453d170490862689d4b0db1c5d34b0e6dea8f075e1b8,851
target_centrality,T:2479907,9799.0,cnes,A,pooled,aim3_target_metrics_v2.parquet,374e15163c404aa19bf8453d170490862689d4b0db1c5d34b0e6dea8f075e1b8,81
target_centrality,T:2481286,0.0,cnes,A,pooled,aim3_target_metrics_v2.parquet,374e15163c404aa19bf8453d170490862689d4b0db1c5d34b0e6dea8f075e1b8,<5
target_centrality,T:2485680,111601.0,cnes,A,pooled,aim3_target_metrics_v2.parquet,374e15163c404aa19bf8453d170490862689d4b0db1c5d34b0e6dea8f075e1b8,293
target_centrality,T:2485729,0.0,cnes,A,pooled,aim3_target_metrics_v2.parquet,374e15163c404aa19bf8453d170490862689d4b0db1c5d34b0e6dea8f075e1b8,7
target_centrality,T:2486199,2.5,cnes,A,pooled,aim3_target_metrics_v2.parquet,374e15163c404aa19bf8453d170490862689d4b0db1c5d34b0e6dea8f075e1b8,46
target_centrality,T:2491710,24489.0,cnes,A,pooled,aim3_target_metrics_v2.parquet,374e15163c404aa19bf8453d170490862689d4b0db1c5d34b0e6dea8f075e1b8,37
target_centrality,T:2494442,12339.0,cnes,A,pooled,aim3_target_metrics_v2.parquet,374e15163c404aa19bf8453d170490862689d4b0db1c5d34b0e6dea8f075e1b8,30
target_centrality,T:2494450,4023.0,cnes,A,pooled,aim3_target_metrics_v2.parquet,374e15163c404aa19bf8453d170490862689d4b0db1c5d34b0e6dea8f075e1b8,46
target_centrality,T:2495279,0.0,cnes,A,pooled,aim3_target_metrics_v2.parquet,374e15163c404aa19bf8453d170490862689d4b0db1c5d34b0e6dea8f075e1b8,<5
target_centrality,T:2497654,654819.8333333334,cnes,A,pooled,aim3_target_metrics_v2.parquet,374e15163c404aa19bf8453d170490862689d4b0db1c5d34b0e6dea8f075e1b8,2679
target_centrality,T:2499363,277570.3333333334,cnes,A,pooled,aim3_target_metrics_v2.parquet,374e15163c404aa19bf8453d170490862689d4b0db1c5d34b0e6dea8f075e1b8,1804
target_centrality,T:2504332,49400.5,cnes,A,pooled,aim3_target_metrics_v2.parquet,374e15163c404aa19bf8453d170490862689d4b0db1c5d34b0e6dea8f075e1b8,95
target_centrality,T:2504537,13856.5,cnes,A,pooled,aim3_target_metrics_v2.parquet,374e15163c404aa19bf8453d170490862689d4b0db1c5d34b0e6dea8f075e1b8,26
target_centrality,T:2521296,0.0,cnes,A,pooled,aim3_target_metrics_v2.parquet,374e15163c404aa19bf8453d170490862689d4b0db1c5d34b0e6dea8f075e1b8,<5
target_centrality,T:2522411,0.0,cnes,A,pooled,aim3_target_metrics_v2.parquet,374e15163c404aa19bf8453d170490862689d4b0db1c5d34b0e6dea8f075e1b8,<5
target_centrality,T:2529149,0.0,cnes,A,pooled,aim3_target_metrics_v2.parquet,374e15163c404aa19bf8453d170490862689d4b0db1c5d34b0e6dea8f075e1b8,<5
target_centrality,T:2534444,14699.0,cnes,A,pooled,aim3_target_metrics_v2.parquet,374e15163c404aa19bf8453d170490862689d4b0db1c5d34b0e6dea8f075e1b8,26
target_centrality,T:2537788,0.0,cnes,A,pooled,aim3_target_metrics_v2.parquet,374e15163c404aa19bf8453d170490862689d4b0db1c5d34b0e6dea8f075e1b8,<5
target_centrality,T:2543443,185425.3333333333,cnes,A,pooled,aim3_target_metrics_v2.parquet,374e15163c404aa19bf8453d170490862689d4b0db1c5d34b0e6dea8f075e1b8,219
target_centrality,T:2546957,0.0,cnes,A,pooled,aim3_target_metrics_v2.parquet,374e15163c404aa19bf8453d170490862689d4b0db1c5d34b0e6dea8f075e1b8,85
target_centrality,T:2547317,9798.0,cnes,A,pooled,aim3_target_metrics_v2.parquet,374e15163c404aa19bf8453d170490862689d4b0db1c5d34b0e6dea8f075e1b8,19
target_centrality,T:2547821,9799.0,cnes,A,pooled,aim3_target_metrics_v2.parquet,374e15163c404aa19bf8453d170490862689d4b0db1c5d34b0e6dea8f075e1b8,84
target_centrality,T:2550792,138341.3333333333,cnes,A,pooled,aim3_target_metrics_v2.parquet,374e15163c404aa19bf8453d170490862689d4b0db1c5d34b0e6dea8f075e1b8,311
target_centrality,T:2551764,0.0,cnes,A,pooled,aim3_target_metrics_v2.parquet,374e15163c404aa19bf8453d170490862689d4b0db1c5d34b0e6dea8f075e1b8,29
target_centrality,T:2555646,8643.0,cnes,A,pooled,aim3_target_metrics_v2.parquet,374e15163c404aa19bf8453d170490862689d4b0db1c5d34b0e6dea8f075e1b8,76
target_centrality,T:2558246,27937.0,cnes,A,pooled,aim3_target_metrics_v2.parquet,374e15163c404aa19bf8453d170490862689d4b0db1c5d34b0e6dea8f075e1b8,100
target_centrality,T:2558254,9.0,cnes,A,pooled,aim3_target_metrics_v2.parquet,374e15163c404aa19bf8453d170490862689d4b0db1c5d34b0e6dea8f075e1b8,88
target_centrality,T:2560771,112372.0,cnes,A,pooled,aim3_target_metrics_v2.parquet,374e15163c404aa19bf8453d170490862689d4b0db1c5d34b0e6dea8f075e1b8,349
target_centrality,T:2560852,4900.0,cnes,A,pooled,aim3_target_metrics_v2.parquet,374e15163c404aa19bf8453d170490862689d4b0db1c5d34b0e6dea8f075e1b8,25
target_centrality,T:2561492,2578517.5,cnes,A,pooled,aim3_target_metrics_v2.parquet,374e15163c404aa19bf8453d170490862689d4b0db1c5d34b0e6dea8f075e1b8,673
target_centrality,T:2568713,1.0,cnes,A,pooled,aim3_target_metrics_v2.parquet,374e15163c404aa19bf8453d170490862689d4b0db1c5d34b0e6dea8f075e1b8,<5
target_centrality,T:2571072,0.0,cnes,A,pooled,aim3_target_metrics_v2.parquet,374e15163c404aa19bf8453d170490862689d4b0db1c5d34b0e6dea8f075e1b8,15
target_centrality,T:2576341,96593.83333333333,cnes,A,pooled,aim3_target_metrics_v2.parquet,374e15163c404aa19bf8453d170490862689d4b0db1c5d34b0e6dea8f075e1b8,257
target_centrality,T:2577623,4903.0,cnes,A,pooled,aim3_target_metrics_v2.parquet,374e15163c404aa19bf8453d170490862689d4b0db1c5d34b0e6dea8f075e1b8,111
target_centrality,T:2580055,80380.33333333334,cnes,A,pooled,aim3_target_metrics_v2.parquet,374e15163c404aa19bf8453d170490862689d4b0db1c5d34b0e6dea8f075e1b8,261
target_centrality,T:2586142,131021.0,cnes,A,pooled,aim3_target_metrics_v2.parquet,374e15163c404aa19bf8453d170490862689d4b0db1c5d34b0e6dea8f075e1b8,304
target_centrality,T:2587335,91745.0,cnes,A,pooled,aim3_target_metrics_v2.parquet,374e15163c404aa19bf8453d170490862689d4b0db1c5d34b0e6dea8f075e1b8,173
target_centrality,T:2589265,835453.5,cnes,A,pooled,aim3_target_metrics_v2.parquet,374e15163c404aa19bf8453d170490862689d4b0db1c5d34b0e6dea8f075e1b8,303
target_centrality,T:2591049,0.0,cnes,A,pooled,aim3_target_metrics_v2.parquet,374e15163c404aa19bf8453d170490862689d4b0db1c5d34b0e6dea8f075e1b8,39
target_centrality,T:2600536,117322.0,cnes,A,pooled,aim3_target_metrics_v2.parquet,374e15163c404aa19bf8453d170490862689d4b0db1c5d34b0e6dea8f075e1b8,96
target_centrality,T:2621614,0.0,cnes,A,pooled,aim3_target_metrics_v2.parquet,374e15163c404aa19bf8453d170490862689d4b0db1c5d34b0e6dea8f075e1b8,<5
target_centrality,T:2646536,83150.5,cnes,A,pooled,aim3_target_metrics_v2.parquet,374e15163c404aa19bf8453d170490862689d4b0db1c5d34b0e6dea8f075e1b8,162
target_centrality,T:2646773,4900.0,cnes,A,pooled,aim3_target_metrics_v2.parquet,374e15163c404aa19bf8453d170490862689d4b0db1c5d34b0e6dea8f075e1b8,38
target_centrality,T:2651610,341205.0,cnes,A,pooled,aim3_target_metrics_v2.parquet,374e15163c404aa19bf8453d170490862689d4b0db1c5d34b0e6dea8f075e1b8,860
target_centrality,T:2653982,14715.0,cnes,A,pooled,aim3_target_metrics_v2.parquet,374e15163c404aa19bf8453d170490862689d4b0db1c5d34b0e6dea8f075e1b8,229
target_centrality,T:2655411,0.0,cnes,A,pooled,aim3_target_metrics_v2.parquet,374e15163c404aa19bf8453d170490862689d4b0db1c5d34b0e6dea8f075e1b8,<5
target_centrality,T:2659107,4900.0,cnes,A,pooled,aim3_target_metrics_v2.parquet,374e15163c404aa19bf8453d170490862689d4b0db1c5d34b0e6dea8f075e1b8,5
target_centrality,T:2672839,29392.5,cnes,A,pooled,aim3_target_metrics_v2.parquet,374e15163c404aa19bf8453d170490862689d4b0db1c5d34b0e6dea8f075e1b8,53
target_centrality,T:2686953,51991.5,cnes,A,pooled,aim3_target_metrics_v2.parquet,374e15163c404aa19bf8453d170490862689d4b0db1c5d34b0e6dea8f075e1b8,274
target_centrality,T:2688433,0.0,cnes,A,pooled,aim3_target_metrics_v2.parquet,374e15163c404aa19bf8453d170490862689d4b0db1c5d34b0e6dea8f075e1b8,14
target_centrality,T:2688689,0.0,cnes,A,pooled,aim3_target_metrics_v2.parquet,374e15163c404aa19bf8453d170490862689d4b0db1c5d34b0e6dea8f075e1b8,521
target_centrality,T:2691841,10952.0,cnes,A,pooled,aim3_target_metrics_v2.parquet,374e15163c404aa19bf8453d170490862689d4b0db1c5d34b0e6dea8f075e1b8,163
target_centrality,T:2691868,0.0,cnes,A,pooled,aim3_target_metrics_v2.parquet,374e15163c404aa19bf8453d170490862689d4b0db1c5d34b0e6dea8f075e1b8,<5
target_centrality,T:2696940,9799.0,cnes,A,pooled,aim3_target_metrics_v2.parquet,374e15163c404aa19bf8453d170490862689d4b0db1c5d34b0e6dea8f075e1b8,27
target_centrality,T:2697661,0.0,cnes,A,pooled,aim3_target_metrics_v2.parquet,374e15163c404aa19bf8453d170490862689d4b0db1c5d34b0e6dea8f075e1b8,<5
target_centrality,T:2704900,57308.0,cnes,A,pooled,aim3_target_metrics_v2.parquet,374e15163c404aa19bf8453d170490862689d4b0db1c5d34b0e6dea8f075e1b8,344
target_centrality,T:2705982,205738.0,cnes,A,pooled,aim3_target_metrics_v2.parquet,374e15163c404aa19bf8453d170490862689d4b0db1c5d34b0e6dea8f075e1b8,360
target_centrality,T:2707675,4925.0,cnes,A,pooled,aim3_target_metrics_v2.parquet,374e15163c404aa19bf8453d170490862689d4b0db1c5d34b0e6dea8f075e1b8,67
target_centrality,T:2707918,44382.0,cnes,A,pooled,aim3_target_metrics_v2.parquet,374e15163c404aa19bf8453d170490862689d4b0db1c5d34b0e6dea8f075e1b8,34
target_centrality,T:2708779,0.0,cnes,A,pooled,aim3_target_metrics_v2.parquet,374e15163c404aa19bf8453d170490862689d4b0db1c5d34b0e6dea8f075e1b8,6
target_centrality,T:2710935,0.0,cnes,A,pooled,aim3_target_metrics_v2.parquet,374e15163c404aa19bf8453d170490862689d4b0db1c5d34b0e6dea8f075e1b8,9
target_centrality,T:2726653,19600.5,cnes,A,pooled,aim3_target_metrics_v2.parquet,374e15163c404aa19bf8453d170490862689d4b0db1c5d34b0e6dea8f075e1b8,81
target_centrality,T:2726726,4900.0,cnes,A,pooled,aim3_target_metrics_v2.parquet,374e15163c404aa19bf8453d170490862689d4b0db1c5d34b0e6dea8f075e1b8,<5
target_centrality,T:2726971,211972.5,cnes,A,pooled,aim3_target_metrics_v2.parquet,374e15163c404aa19bf8453d170490862689d4b0db1c5d34b0e6dea8f075e1b8,178
target_centrality,T:2726998,0.0,cnes,A,pooled,aim3_target_metrics_v2.parquet,374e15163c404aa19bf8453d170490862689d4b0db1c5d34b0e6dea8f075e1b8,<5
target_centrality,T:2733307,34281.0,cnes,A,pooled,aim3_target_metrics_v2.parquet,374e15163c404aa19bf8453d170490862689d4b0db1c5d34b0e6dea8f075e1b8,31
target_centrality,T:2738309,0.0,cnes,A,pooled,aim3_target_metrics_v2.parquet,374e15163c404aa19bf8453d170490862689d4b0db1c5d34b0e6dea8f075e1b8,66
target_centrality,T:2738368,306212.5,cnes,A,pooled,aim3_target_metrics_v2.parquet,374e15163c404aa19bf8453d170490862689d4b0db1c5d34b0e6dea8f075e1b8,474
target_centrality,T:2740338,119008.0,cnes,A,pooled,aim3_target_metrics_v2.parquet,374e15163c404aa19bf8453d170490862689d4b0db1c5d34b0e6dea8f075e1b8,204
target_centrality,T:2743469,371056.0,cnes,A,pooled,aim3_target_metrics_v2.parquet,374e15163c404aa19bf8453d170490862689d4b0db1c5d34b0e6dea8f075e1b8,148
target_centrality,T:2743477,0.0,cnes,A,pooled,aim3_target_metrics_v2.parquet,374e15163c404aa19bf8453d170490862689d4b0db1c5d34b0e6dea8f075e1b8,7
target_centrality,T:2748029,19610.0,cnes,A,pooled,aim3_target_metrics_v2.parquet,374e15163c404aa19bf8453d170490862689d4b0db1c5d34b0e6dea8f075e1b8,73
target_centrality,T:2748223,132014.0,cnes,A,pooled,aim3_target_metrics_v2.parquet,374e15163c404aa19bf8453d170490862689d4b0db1c5d34b0e6dea8f075e1b8,364
target_centrality,T:2752700,41876.166666666664,cnes,A,pooled,aim3_target_metrics_v2.parquet,374e15163c404aa19bf8453d170490862689d4b0db1c5d34b0e6dea8f075e1b8,130
target_centrality,T:2753278,0.0,cnes,A,pooled,aim3_target_metrics_v2.parquet,374e15163c404aa19bf8453d170490862689d4b0db1c5d34b0e6dea8f075e1b8,35
target_centrality,T:2755130,194188.5,cnes,A,pooled,aim3_target_metrics_v2.parquet,374e15163c404aa19bf8453d170490862689d4b0db1c5d34b0e6dea8f075e1b8,515
target_centrality,T:2755165,0.0,cnes,A,pooled,aim3_target_metrics_v2.parquet,374e15163c404aa19bf8453d170490862689d4b0db1c5d34b0e6dea8f075e1b8,<5
target_centrality,T:2756951,0.0,cnes,A,pooled,aim3_target_metrics_v2.parquet,374e15163c404aa19bf8453d170490862689d4b0db1c5d34b0e6dea8f075e1b8,90
target_centrality,T:2758164,45461.0,cnes,A,pooled,aim3_target_metrics_v2.parquet,374e15163c404aa19bf8453d170490862689d4b0db1c5d34b0e6dea8f075e1b8,120
target_centrality,T:2761092,71528.0,cnes,A,pooled,aim3_target_metrics_v2.parquet,374e15163c404aa19bf8453d170490862689d4b0db1c5d34b0e6dea8f075e1b8,88
target_centrality,T:2767953,0.0,cnes,A,pooled,aim3_target_metrics_v2.parquet,374e15163c404aa19bf8453d170490862689d4b0db1c5d34b0e6dea8f075e1b8,57
target_centrality,T:2772310,4900.0,cnes,A,pooled,aim3_target_metrics_v2.parquet,374e15163c404aa19bf8453d170490862689d4b0db1c5d34b0e6dea8f075e1b8,153
target_centrality,T:2775999,147474.5,cnes,A,pooled,aim3_target_metrics_v2.parquet,374e15163c404aa19bf8453d170490862689d4b0db1c5d34b0e6dea8f075e1b8,240
target_centrality,T:2776006,0.0,cnes,A,pooled,aim3_target_metrics_v2.parquet,374e15163c404aa19bf8453d170490862689d4b0db1c5d34b0e6dea8f075e1b8,<5
target_centrality,T:2781859,96672.5,cnes,A,pooled,aim3_target_metrics_v2.parquet,374e15163c404aa19bf8453d170490862689d4b0db1c5d34b0e6dea8f075e1b8,271
target_centrality,T:2786117,301611.0,cnes,A,pooled,aim3_target_metrics_v2.parquet,374e15163c404aa19bf8453d170490862689d4b0db1c5d34b0e6dea8f075e1b8,159
target_centrality,T:2786435,134969.0,cnes,A,pooled,aim3_target_metrics_v2.parquet,374e15163c404aa19bf8453d170490862689d4b0db1c5d34b0e6dea8f075e1b8,1126
target_centrality,T:2786680,0.0,cnes,A,pooled,aim3_target_metrics_v2.parquet,374e15163c404aa19bf8453d170490862689d4b0db1c5d34b0e6dea8f075e1b8,8
target_centrality,T:2790602,151927.5,cnes,A,pooled,aim3_target_metrics_v2.parquet,374e15163c404aa19bf8453d170490862689d4b0db1c5d34b0e6dea8f075e1b8,539
target_centrality,T:2791722,39424.0,cnes,A,pooled,aim3_target_metrics_v2.parquet,374e15163c404aa19bf8453d170490862689d4b0db1c5d34b0e6dea8f075e1b8,216
target_centrality,T:2792168,0.0,cnes,A,pooled,aim3_target_metrics_v2.parquet,374e15163c404aa19bf8453d170490862689d4b0db1c5d34b0e6dea8f075e1b8,89
target_centrality,T:2792176,9803.0,cnes,A,pooled,aim3_target_metrics_v2.parquet,374e15163c404aa19bf8453d170490862689d4b0db1c5d34b0e6dea8f075e1b8,253
target_centrality,T:2795655,119805.0,cnes,A,pooled,aim3_target_metrics_v2.parquet,374e15163c404aa19bf8453d170490862689d4b0db1c5d34b0e6dea8f075e1b8,163
target_centrality,T:2798298,0.0,cnes,A,pooled,aim3_target_metrics_v2.parquet,374e15163c404aa19bf8453d170490862689d4b0db1c5d34b0e6dea8f075e1b8,476
target_centrality,T:2798484,134759.0,cnes,A,pooled,aim3_target_metrics_v2.parquet,374e15163c404aa19bf8453d170490862689d4b0db1c5d34b0e6dea8f075e1b8,135
target_centrality,T:2798662,20001.0,cnes,A,pooled,aim3_target_metrics_v2.parquet,374e15163c404aa19bf8453d170490862689d4b0db1c5d34b0e6dea8f075e1b8,511
target_centrality,T:2799758,208492.0,cnes,A,pooled,aim3_target_metrics_v2.parquet,374e15163c404aa19bf8453d170490862689d4b0db1c5d34b0e6dea8f075e1b8,818
target_centrality,T:2802783,891113.5,cnes,A,pooled,aim3_target_metrics_v2.parquet,374e15163c404aa19bf8453d170490862689d4b0db1c5d34b0e6dea8f075e1b8,1204
target_centrality,T:2816210,253174.0,cnes,A,pooled,aim3_target_metrics_v2.parquet,374e15163c404aa19bf8453d170490862689d4b0db1c5d34b0e6dea8f075e1b8,247
target_centrality,T:2825589,0.0,cnes,A,pooled,aim3_target_metrics_v2.parquet,374e15163c404aa19bf8453d170490862689d4b0db1c5d34b0e6dea8f075e1b8,<5
target_centrality,T:2945622,79429.0,cnes,A,pooled,aim3_target_metrics_v2.parquet,374e15163c404aa19bf8453d170490862689d4b0db1c5d34b0e6dea8f075e1b8,299
target_centrality,T:3075516,57566.0,cnes,A,pooled,aim3_target_metrics_v2.parquet,374e15163c404aa19bf8453d170490862689d4b0db1c5d34b0e6dea8f075e1b8,51
target_centrality,T:3126838,137519.0,cnes,A,pooled,aim3_target_metrics_v2.parquet,374e15163c404aa19bf8453d170490862689d4b0db1c5d34b0e6dea8f075e1b8,355
target_centrality,T:3157245,861478.5,cnes,A,pooled,aim3_target_metrics_v2.parquet,374e15163c404aa19bf8453d170490862689d4b0db1c5d34b0e6dea8f075e1b8,766
target_centrality,T:3212130,0.0,cnes,A,pooled,aim3_target_metrics_v2.parquet,374e15163c404aa19bf8453d170490862689d4b0db1c5d34b0e6dea8f075e1b8,176
target_centrality,T:3276678,0.0,cnes,A,pooled,aim3_target_metrics_v2.parquet,374e15163c404aa19bf8453d170490862689d4b0db1c5d34b0e6dea8f075e1b8,<5
target_centrality,T:3285391,951435.5,cnes,A,pooled,aim3_target_metrics_v2.parquet,374e15163c404aa19bf8453d170490862689d4b0db1c5d34b0e6dea8f075e1b8,402
target_centrality,T:3397874,0.0,cnes,A,pooled,aim3_target_metrics_v2.parquet,374e15163c404aa19bf8453d170490862689d4b0db1c5d34b0e6dea8f075e1b8,<5
target_centrality,T:3508528,1.0,cnes,A,pooled,aim3_target_metrics_v2.parquet,374e15163c404aa19bf8453d170490862689d4b0db1c5d34b0e6dea8f075e1b8,120
target_centrality,T:3675580,9802.0,cnes,A,pooled,aim3_target_metrics_v2.parquet,374e15163c404aa19bf8453d170490862689d4b0db1c5d34b0e6dea8f075e1b8,47
target_centrality,T:3771962,0.0,cnes,A,pooled,aim3_target_metrics_v2.parquet,374e15163c404aa19bf8453d170490862689d4b0db1c5d34b0e6dea8f075e1b8,7
target_centrality,T:3972925,4900.0,cnes,A,pooled,aim3_target_metrics_v2.parquet,374e15163c404aa19bf8453d170490862689d4b0db1c5d34b0e6dea8f075e1b8,<5
target_centrality,T:4001303,288654.5,cnes,A,pooled,aim3_target_metrics_v2.parquet,374e15163c404aa19bf8453d170490862689d4b0db1c5d34b0e6dea8f075e1b8,264
target_centrality,T:4005732,0.0,cnes,A,pooled,aim3_target_metrics_v2.parquet,374e15163c404aa19bf8453d170490862689d4b0db1c5d34b0e6dea8f075e1b8,<5
target_centrality,T:4028155,27453.5,cnes,A,pooled,aim3_target_metrics_v2.parquet,374e15163c404aa19bf8453d170490862689d4b0db1c5d34b0e6dea8f075e1b8,106
target_centrality,T:4034236,4900.0,cnes,A,pooled,aim3_target_metrics_v2.parquet,374e15163c404aa19bf8453d170490862689d4b0db1c5d34b0e6dea8f075e1b8,23
target_centrality,T:4042085,5023.0,cnes,A,pooled,aim3_target_metrics_v2.parquet,374e15163c404aa19bf8453d170490862689d4b0db1c5d34b0e6dea8f075e1b8,10
target_centrality,T:4044916,313389.5,cnes,A,pooled,aim3_target_metrics_v2.parquet,374e15163c404aa19bf8453d170490862689d4b0db1c5d34b0e6dea8f075e1b8,627
target_centrality,T:4049020,0.0,cnes,A,pooled,aim3_target_metrics_v2.parquet,374e15163c404aa19bf8453d170490862689d4b0db1c5d34b0e6dea8f075e1b8,<5
target_centrality,T:4051165,0.0,cnes,A,pooled,aim3_target_metrics_v2.parquet,374e15163c404aa19bf8453d170490862689d4b0db1c5d34b0e6dea8f075e1b8,<5
target_centrality,T:4056752,50794.5,cnes,A,pooled,aim3_target_metrics_v2.parquet,374e15163c404aa19bf8453d170490862689d4b0db1c5d34b0e6dea8f075e1b8,90
target_centrality,T:4089189,0.0,cnes,A,pooled,aim3_target_metrics_v2.parquet,374e15163c404aa19bf8453d170490862689d4b0db1c5d34b0e6dea8f075e1b8,<5
target_centrality,T:4190203,39866.0,cnes,A,pooled,aim3_target_metrics_v2.parquet,374e15163c404aa19bf8453d170490862689d4b0db1c5d34b0e6dea8f075e1b8,81
target_centrality,T:4578732,336719.0,cnes,A,pooled,aim3_target_metrics_v2.parquet,374e15163c404aa19bf8453d170490862689d4b0db1c5d34b0e6dea8f075e1b8,143
target_centrality,T:4635612,4900.0,cnes,A,pooled,aim3_target_metrics_v2.parquet,374e15163c404aa19bf8453d170490862689d4b0db1c5d34b0e6dea8f075e1b8,41
target_centrality,T:4943309,0.0,cnes,A,pooled,aim3_target_metrics_v2.parquet,374e15163c404aa19bf8453d170490862689d4b0db1c5d34b0e6dea8f075e1b8,<5
target_centrality,T:4963938,0.0,cnes,A,pooled,aim3_target_metrics_v2.parquet,374e15163c404aa19bf8453d170490862689d4b0db1c5d34b0e6dea8f075e1b8,24
target_centrality,T:5061989,24644.0,cnes,A,pooled,aim3_target_metrics_v2.parquet,374e15163c404aa19bf8453d170490862689d4b0db1c5d34b0e6dea8f075e1b8,241
target_centrality,T:5169976,95432.0,cnes,A,pooled,aim3_target_metrics_v2.parquet,374e15163c404aa19bf8453d170490862689d4b0db1c5d34b0e6dea8f075e1b8,298
target_centrality,T:5200105,0.0,cnes,A,pooled,aim3_target_metrics_v2.parquet,374e15163c404aa19bf8453d170490862689d4b0db1c5d34b0e6dea8f075e1b8,128
target_centrality,T:5274990,9799.5,cnes,A,pooled,aim3_target_metrics_v2.parquet,374e15163c404aa19bf8453d170490862689d4b0db1c5d34b0e6dea8f075e1b8,61
target_centrality,T:5336171,238816.0,cnes,A,pooled,aim3_target_metrics_v2.parquet,374e15163c404aa19bf8453d170490862689d4b0db1c5d34b0e6dea8f075e1b8,138
target_centrality,T:5412447,14697.0,cnes,A,pooled,aim3_target_metrics_v2.parquet,374e15163c404aa19bf8453d170490862689d4b0db1c5d34b0e6dea8f075e1b8,165
target_centrality,T:5419662,0.0,cnes,A,pooled,aim3_target_metrics_v2.parquet,374e15163c404aa19bf8453d170490862689d4b0db1c5d34b0e6dea8f075e1b8,<5
target_centrality,T:5585422,107806.0,cnes,A,pooled,aim3_target_metrics_v2.parquet,374e15163c404aa19bf8453d170490862689d4b0db1c5d34b0e6dea8f075e1b8,285
target_centrality,T:5597501,23568.0,cnes,A,pooled,aim3_target_metrics_v2.parquet,374e15163c404aa19bf8453d170490862689d4b0db1c5d34b0e6dea8f075e1b8,83
target_centrality,T:5599504,62438.0,cnes,A,pooled,aim3_target_metrics_v2.parquet,374e15163c404aa19bf8453d170490862689d4b0db1c5d34b0e6dea8f075e1b8,158
target_centrality,T:5717515,0.0,cnes,A,pooled,aim3_target_metrics_v2.parquet,374e15163c404aa19bf8453d170490862689d4b0db1c5d34b0e6dea8f075e1b8,<5
target_centrality,T:5860490,7684.0,cnes,A,pooled,aim3_target_metrics_v2.parquet,374e15163c404aa19bf8453d170490862689d4b0db1c5d34b0e6dea8f075e1b8,72
target_centrality,T:6007317,2.0,cnes,A,pooled,aim3_target_metrics_v2.parquet,374e15163c404aa19bf8453d170490862689d4b0db1c5d34b0e6dea8f075e1b8,165
target_centrality,T:6048692,0.0,cnes,A,pooled,aim3_target_metrics_v2.parquet,374e15163c404aa19bf8453d170490862689d4b0db1c5d34b0e6dea8f075e1b8,<5
target_centrality,T:6069134,0.0,cnes,A,pooled,aim3_target_metrics_v2.parquet,374e15163c404aa19bf8453d170490862689d4b0db1c5d34b0e6dea8f075e1b8,<5
target_centrality,T:6085423,47698.0,cnes,A,pooled,aim3_target_metrics_v2.parquet,374e15163c404aa19bf8453d170490862689d4b0db1c5d34b0e6dea8f075e1b8,136
target_centrality,T:6095666,4906.0,cnes,A,pooled,aim3_target_metrics_v2.parquet,374e15163c404aa19bf8453d170490862689d4b0db1c5d34b0e6dea8f075e1b8,245
target_centrality,T:6123740,2188.0,cnes,A,pooled,aim3_target_metrics_v2.parquet,374e15163c404aa19bf8453d170490862689d4b0db1c5d34b0e6dea8f075e1b8,405
target_centrality,T:6201059,0.5,cnes,A,pooled,aim3_target_metrics_v2.parquet,374e15163c404aa19bf8453d170490862689d4b0db1c5d34b0e6dea8f075e1b8,65
target_centrality,T:6431569,0.0,cnes,A,pooled,aim3_target_metrics_v2.parquet,374e15163c404aa19bf8453d170490862689d4b0db1c5d34b0e6dea8f075e1b8,<5
target_centrality,T:6542638,68505.0,cnes,A,pooled,aim3_target_metrics_v2.parquet,374e15163c404aa19bf8453d170490862689d4b0db1c5d34b0e6dea8f075e1b8,243
target_centrality,T:6595197,9804.0,cnes,A,pooled,aim3_target_metrics_v2.parquet,374e15163c404aa19bf8453d170490862689d4b0db1c5d34b0e6dea8f075e1b8,297
target_centrality,T:6599877,0.0,cnes,A,pooled,aim3_target_metrics_v2.parquet,374e15163c404aa19bf8453d170490862689d4b0db1c5d34b0e6dea8f075e1b8,<5
target_centrality,T:6601804,0.0,cnes,A,pooled,aim3_target_metrics_v2.parquet,374e15163c404aa19bf8453d170490862689d4b0db1c5d34b0e6dea8f075e1b8,831
target_centrality,T:6665322,308097.3333333333,cnes,A,pooled,aim3_target_metrics_v2.parquet,374e15163c404aa19bf8453d170490862689d4b0db1c5d34b0e6dea8f075e1b8,590
target_centrality,T:6756107,744987.0,cnes,A,pooled,aim3_target_metrics_v2.parquet,374e15163c404aa19bf8453d170490862689d4b0db1c5d34b0e6dea8f075e1b8,2237
target_centrality,T:6779522,37792.5,cnes,A,pooled,aim3_target_metrics_v2.parquet,374e15163c404aa19bf8453d170490862689d4b0db1c5d34b0e6dea8f075e1b8,140
target_centrality,T:6848710,24506.5,cnes,A,pooled,aim3_target_metrics_v2.parquet,374e15163c404aa19bf8453d170490862689d4b0db1c5d34b0e6dea8f075e1b8,196
target_centrality,T:6876617,0.0,cnes,A,pooled,aim3_target_metrics_v2.parquet,374e15163c404aa19bf8453d170490862689d4b0db1c5d34b0e6dea8f075e1b8,6
target_centrality,T:6878687,14544.0,cnes,A,pooled,aim3_target_metrics_v2.parquet,374e15163c404aa19bf8453d170490862689d4b0db1c5d34b0e6dea8f075e1b8,283
target_centrality,T:6920977,0.0,cnes,A,pooled,aim3_target_metrics_v2.parquet,374e15163c404aa19bf8453d170490862689d4b0db1c5d34b0e6dea8f075e1b8,6
target_centrality,T:6995462,0.0,cnes,A,pooled,aim3_target_metrics_v2.parquet,374e15163c404aa19bf8453d170490862689d4b0db1c5d34b0e6dea8f075e1b8,<5
target_centrality,T:7061021,19609.833333333336,cnes,A,pooled,aim3_target_metrics_v2.parquet,374e15163c404aa19bf8453d170490862689d4b0db1c5d34b0e6dea8f075e1b8,166
target_centrality,T:7066376,14322.5,cnes,A,pooled,aim3_target_metrics_v2.parquet,374e15163c404aa19bf8453d170490862689d4b0db1c5d34b0e6dea8f075e1b8,87
target_centrality,T:7068336,57732.0,cnes,A,pooled,aim3_target_metrics_v2.parquet,374e15163c404aa19bf8453d170490862689d4b0db1c5d34b0e6dea8f075e1b8,173
target_centrality,T:7257406,36822.5,cnes,A,pooled,aim3_target_metrics_v2.parquet,374e15163c404aa19bf8453d170490862689d4b0db1c5d34b0e6dea8f075e1b8,521
target_centrality,T:7283458,0.0,cnes,A,pooled,aim3_target_metrics_v2.parquet,374e15163c404aa19bf8453d170490862689d4b0db1c5d34b0e6dea8f075e1b8,<5
target_centrality,T:7354746,0.0,cnes,A,pooled,aim3_target_metrics_v2.parquet,374e15163c404aa19bf8453d170490862689d4b0db1c5d34b0e6dea8f075e1b8,<5
target_centrality,T:7373465,388.0,cnes,A,pooled,aim3_target_metrics_v2.parquet,374e15163c404aa19bf8453d170490862689d4b0db1c5d34b0e6dea8f075e1b8,586
target_centrality,T:7400926,4900.0,cnes,A,pooled,aim3_target_metrics_v2.parquet,374e15163c404aa19bf8453d170490862689d4b0db1c5d34b0e6dea8f075e1b8,50
target_centrality,T:7498810,949224.3333333334,cnes,A,pooled,aim3_target_metrics_v2.parquet,374e15163c404aa19bf8453d170490862689d4b0db1c5d34b0e6dea8f075e1b8,1621
target_centrality,T:7513151,587195.5,cnes,A,pooled,aim3_target_metrics_v2.parquet,374e15163c404aa19bf8453d170490862689d4b0db1c5d34b0e6dea8f075e1b8,476
target_centrality,T:7564546,13613.5,cnes,A,pooled,aim3_target_metrics_v2.parquet,374e15163c404aa19bf8453d170490862689d4b0db1c5d34b0e6dea8f075e1b8,305
target_centrality,T:7573162,2297.0,cnes,A,pooled,aim3_target_metrics_v2.parquet,374e15163c404aa19bf8453d170490862689d4b0db1c5d34b0e6dea8f075e1b8,71
target_centrality,T:7743068,239111.3333333333,cnes,A,pooled,aim3_target_metrics_v2.parquet,374e15163c404aa19bf8453d170490862689d4b0db1c5d34b0e6dea8f075e1b8,614
target_centrality,T:7845138,6825.0,cnes,A,pooled,aim3_target_metrics_v2.parquet,374e15163c404aa19bf8453d170490862689d4b0db1c5d34b0e6dea8f075e1b8,6
target_centrality,T:7866801,1898019.8333333335,cnes,A,pooled,aim3_target_metrics_v2.parquet,374e15163c404aa19bf8453d170490862689d4b0db1c5d34b0e6dea8f075e1b8,2013
target_centrality,T:7891067,0.0,cnes,A,pooled,aim3_target_metrics_v2.parquet,374e15163c404aa19bf8453d170490862689d4b0db1c5d34b0e6dea8f075e1b8,<5
target_centrality,T:7967012,1030275.1666666666,cnes,A,pooled,aim3_target_metrics_v2.parquet,374e15163c404aa19bf8453d170490862689d4b0db1c5d34b0e6dea8f075e1b8,293
target_centrality,T:9065768,44211.5,cnes,A,pooled,aim3_target_metrics_v2.parquet,374e15163c404aa19bf8453d170490862689d4b0db1c5d34b0e6dea8f075e1b8,70
target_centrality,T:9074457,819358.0,cnes,A,pooled,aim3_target_metrics_v2.parquet,374e15163c404aa19bf8453d170490862689d4b0db1c5d34b0e6dea8f075e1b8,1844
target_centrality,T:9209352,363342.0,cnes,A,pooled,aim3_target_metrics_v2.parquet,374e15163c404aa19bf8453d170490862689d4b0db1c5d34b0e6dea8f075e1b8,356
target_centrality,T:9388133,105782.0,cnes,A,pooled,aim3_target_metrics_v2.parquet,374e15163c404aa19bf8453d170490862689d4b0db1c5d34b0e6dea8f075e1b8,233
target_centrality,T:9425802,103944.0,cnes,A,pooled,aim3_target_metrics_v2.parquet,374e15163c404aa19bf8453d170490862689d4b0db1c5d34b0e6dea8f075e1b8,128
target_centrality,T:9443665,89483.5,cnes,A,pooled,aim3_target_metrics_v2.parquet,374e15163c404aa19bf8453d170490862689d4b0db1c5d34b0e6dea8f075e1b8,1011
target_centrality,T:9465464,4896.0,cnes,A,pooled,aim3_target_metrics_v2.parquet,374e15163c404aa19bf8453d170490862689d4b0db1c5d34b0e6dea8f075e1b8,401
target_centrality,T:9491112,109109.0,cnes,A,pooled,aim3_target_metrics_v2.parquet,374e15163c404aa19bf8453d170490862689d4b0db1c5d34b0e6dea8f075e1b8,598
target_centrality,T:9491252,34393.5,cnes,A,pooled,aim3_target_metrics_v2.parquet,374e15163c404aa19bf8453d170490862689d4b0db1c5d34b0e6dea8f075e1b8,135
target_centrality,T:9516255,9801.5,cnes,A,pooled,aim3_target_metrics_v2.parquet,374e15163c404aa19bf8453d170490862689d4b0db1c5d34b0e6dea8f075e1b8,44
target_centrality,T:9543856,484050.8333333333,cnes,A,pooled,aim3_target_metrics_v2.parquet,374e15163c404aa19bf8453d170490862689d4b0db1c5d34b0e6dea8f075e1b8,498
target_centrality,T:9556095,68073.0,cnes,A,pooled,aim3_target_metrics_v2.parquet,374e15163c404aa19bf8453d170490862689d4b0db1c5d34b0e6dea8f075e1b8,176
target_centrality,T:9575936,699564.0000000001,cnes,A,pooled,aim3_target_metrics_v2.parquet,374e15163c404aa19bf8453d170490862689d4b0db1c5d34b0e6dea8f075e1b8,875
target_centrality,T:9650105,0.0,cnes,A,pooled,aim3_target_metrics_v2.parquet,374e15163c404aa19bf8453d170490862689d4b0db1c5d34b0e6dea8f075e1b8,<5
target_centrality,T:9680977,0.0,cnes,A,pooled,aim3_target_metrics_v2.parquet,374e15163c404aa19bf8453d170490862689d4b0db1c5d34b0e6dea8f075e1b8,72
target_centrality,T:9681752,9800.0,cnes,A,pooled,aim3_target_metrics_v2.parquet,374e15163c404aa19bf8453d170490862689d4b0db1c5d34b0e6dea8f075e1b8,108
target_centrality,T:9841903,107079.5,cnes,A,pooled,aim3_target_metrics_v2.parquet,374e15163c404aa19bf8453d170490862689d4b0db1c5d34b0e6dea8f075e1b8,117
target_centrality,T:9917322,0.0,cnes,A,pooled,aim3_target_metrics_v2.parquet,374e15163c404aa19bf8453d170490862689d4b0db1c5d34b0e6dea8f075e1b8,13
target_centrality,T:0000434,80.0,cnes,B,2021,aim3_target_metrics_v2.parquet,374e15163c404aa19bf8453d170490862689d4b0db1c5d34b0e6dea8f075e1b8,5
target_centrality,T:0002283,6.0,cnes,B,2021,aim3_target_metrics_v2.parquet,374e15163c404aa19bf8453d170490862689d4b0db1c5d34b0e6dea8f075e1b8,<5
target_centrality,T:0002534,3.0,cnes,B,2021,aim3_target_metrics_v2.parquet,374e15163c404aa19bf8453d170490862689d4b0db1c5d34b0e6dea8f075e1b8,<5
target_centrality,T:0003816,84.0,cnes,B,2021,aim3_target_metrics_v2.parquet,374e15163c404aa19bf8453d170490862689d4b0db1c5d34b0e6dea8f075e1b8,<5
target_centrality,T:0003859,3516.0,cnes,B,2021,aim3_target_metrics_v2.parquet,374e15163c404aa19bf8453d170490862689d4b0db1c5d34b0e6dea8f075e1b8,135
target_centrality,T:0009628,0.0,cnes,B,2021,aim3_target_metrics_v2.parquet,374e15163c404aa19bf8453d170490862689d4b0db1c5d34b0e6dea8f075e1b8,11
target_centrality,T:0009709,3.0,cnes,B,2021,aim3_target_metrics_v2.parquet,374e15163c404aa19bf8453d170490862689d4b0db1c5d34b0e6dea8f075e1b8,10
target_centrality,T:0010456,0.0,cnes,B,2021,aim3_target_metrics_v2.parquet,374e15163c404aa19bf8453d170490862689d4b0db1c5d34b0e6dea8f075e1b8,<5
target_centrality,T:0010499,0.0,cnes,B,2021,aim3_target_metrics_v2.parquet,374e15163c404aa19bf8453d170490862689d4b0db1c5d34b0e6dea8f075e1b8,15
target_centrality,T:0010510,0.0,cnes,B,2021,aim3_target_metrics_v2.parquet,374e15163c404aa19bf8453d170490862689d4b0db1c5d34b0e6dea8f075e1b8,<5
target_centrality,T:0012505,0.0,cnes,B,2021,aim3_target_metrics_v2.parquet,374e15163c404aa19bf8453d170490862689d4b0db1c5d34b0e6dea8f075e1b8,<5
target_centrality,T:0013633,58.0,cnes,B,2021,aim3_target_metrics_v2.parquet,374e15163c404aa19bf8453d170490862689d4b0db1c5d34b0e6dea8f075e1b8,6
target_centrality,T:0014109,0.0,cnes,B,2021,aim3_target_metrics_v2.parquet,374e15163c404aa19bf8453d170490862689d4b0db1c5d34b0e6dea8f075e1b8,<5
target_centrality,T:0015369,22.0,cnes,B,2021,aim3_target_metrics_v2.parquet,374e15163c404aa19bf8453d170490862689d4b0db1c5d34b0e6dea8f075e1b8,<5
target_centrality,T:0015407,117.0,cnes,B,2021,aim3_target_metrics_v2.parquet,374e15163c404aa19bf8453d170490862689d4b0db1c5d34b0e6dea8f075e1b8,14
target_centrality,T:0015423,0.0,cnes,B,2021,aim3_target_metrics_v2.parquet,374e15163c404aa19bf8453d170490862689d4b0db1c5d34b0e6dea8f075e1b8,<5
target_centrality,T:0015644,1.0,cnes,B,2021,aim3_target_metrics_v2.parquet,374e15163c404aa19bf8453d170490862689d4b0db1c5d34b0e6dea8f075e1b8,<5
target_centrality,T:0026808,0.0,cnes,B,2021,aim3_target_metrics_v2.parquet,374e15163c404aa19bf8453d170490862689d4b0db1c5d34b0e6dea8f075e1b8,<5
target_centrality,T:0027014,365.0,cnes,B,2021,aim3_target_metrics_v2.parquet,374e15163c404aa19bf8453d170490862689d4b0db1c5d34b0e6dea8f075e1b8,30
target_centrality,T:0027049,158.0,cnes,B,2021,aim3_target_metrics_v2.parquet,374e15163c404aa19bf8453d170490862689d4b0db1c5d34b0e6dea8f075e1b8,18
target_centrality,T:0027863,195.0,cnes,B,2021,aim3_target_metrics_v2.parquet,374e15163c404aa19bf8453d170490862689d4b0db1c5d34b0e6dea8f075e1b8,45
target_centrality,T:2024691,6.0,cnes,B,2021,aim3_target_metrics_v2.parquet,374e15163c404aa19bf8453d170490862689d4b0db1c5d34b0e6dea8f075e1b8,8
target_centrality,T:2025361,270.0,cnes,B,2021,aim3_target_metrics_v2.parquet,374e15163c404aa19bf8453d170490862689d4b0db1c5d34b0e6dea8f075e1b8,17
target_centrality,T:2025752,136.0,cnes,B,2021,aim3_target_metrics_v2.parquet,374e15163c404aa19bf8453d170490862689d4b0db1c5d34b0e6dea8f075e1b8,9
target_centrality,T:2077396,3938.0,cnes,B,2021,aim3_target_metrics_v2.parquet,374e15163c404aa19bf8453d170490862689d4b0db1c5d34b0e6dea8f075e1b8,62
target_centrality,T:2077531,0.0,cnes,B,2021,aim3_target_metrics_v2.parquet,374e15163c404aa19bf8453d170490862689d4b0db1c5d34b0e6dea8f075e1b8,<5
target_centrality,T:2078015,8129.0,cnes,B,2021,aim3_target_metrics_v2.parquet,374e15163c404aa19bf8453d170490862689d4b0db1c5d34b0e6dea8f075e1b8,200
target_centrality,T:2079798,2830.0,cnes,B,2021,aim3_target_metrics_v2.parquet,374e15163c404aa19bf8453d170490862689d4b0db1c5d34b0e6dea8f075e1b8,54
target_centrality,T:2080338,138.0,cnes,B,2021,aim3_target_metrics_v2.parquet,374e15163c404aa19bf8453d170490862689d4b0db1c5d34b0e6dea8f075e1b8,11
target_centrality,T:2080346,0.0,cnes,B,2021,aim3_target_metrics_v2.parquet,374e15163c404aa19bf8453d170490862689d4b0db1c5d34b0e6dea8f075e1b8,11
target_centrality,T:2081253,0.0,cnes,B,2021,aim3_target_metrics_v2.parquet,374e15163c404aa19bf8453d170490862689d4b0db1c5d34b0e6dea8f075e1b8,<5
target_centrality,T:2081458,0.0,cnes,B,2021,aim3_target_metrics_v2.parquet,374e15163c404aa19bf8453d170490862689d4b0db1c5d34b0e6dea8f075e1b8,<5
target_centrality,T:2081695,787.5,cnes,B,2021,aim3_target_metrics_v2.parquet,374e15163c404aa19bf8453d170490862689d4b0db1c5d34b0e6dea8f075e1b8,17
target_centrality,T:2082187,65.0,cnes,B,2021,aim3_target_metrics_v2.parquet,374e15163c404aa19bf8453d170490862689d4b0db1c5d34b0e6dea8f075e1b8,17
target_centrality,T:2082861,0.0,cnes,B,2021,aim3_target_metrics_v2.parquet,374e15163c404aa19bf8453d170490862689d4b0db1c5d34b0e6dea8f075e1b8,14
target_centrality,T:2083094,28.0,cnes,B,2021,aim3_target_metrics_v2.parquet,374e15163c404aa19bf8453d170490862689d4b0db1c5d34b0e6dea8f075e1b8,9
target_centrality,T:2084414,0.0,cnes,B,2021,aim3_target_metrics_v2.parquet,374e15163c404aa19bf8453d170490862689d4b0db1c5d34b0e6dea8f075e1b8,<5
target_centrality,T:2087057,9.0,cnes,B,2021,aim3_target_metrics_v2.parquet,374e15163c404aa19bf8453d170490862689d4b0db1c5d34b0e6dea8f075e1b8,11
target_centrality,T:2089327,670.0,cnes,B,2021,aim3_target_metrics_v2.parquet,374e15163c404aa19bf8453d170490862689d4b0db1c5d34b0e6dea8f075e1b8,12
target_centrality,T:2096412,1.0,cnes,B,2021,aim3_target_metrics_v2.parquet,374e15163c404aa19bf8453d170490862689d4b0db1c5d34b0e6dea8f075e1b8,20
target_centrality,T:2100754,0.0,cnes,B,2021,aim3_target_metrics_v2.parquet,374e15163c404aa19bf8453d170490862689d4b0db1c5d34b0e6dea8f075e1b8,<5
target_centrality,T:2111624,19.0,cnes,B,2021,aim3_target_metrics_v2.parquet,374e15163c404aa19bf8453d170490862689d4b0db1c5d34b0e6dea8f075e1b8,8
target_centrality,T:2118661,6.0,cnes,B,2021,aim3_target_metrics_v2.parquet,374e15163c404aa19bf8453d170490862689d4b0db1c5d34b0e6dea8f075e1b8,16
target_centrality,T:2127989,6.0,cnes,B,2021,aim3_target_metrics_v2.parquet,374e15163c404aa19bf8453d170490862689d4b0db1c5d34b0e6dea8f075e1b8,7
target_centrality,T:2146355,54.0,cnes,B,2021,aim3_target_metrics_v2.parquet,374e15163c404aa19bf8453d170490862689d4b0db1c5d34b0e6dea8f075e1b8,16
target_centrality,T:2149990,3.0,cnes,B,2021,aim3_target_metrics_v2.parquet,374e15163c404aa19bf8453d170490862689d4b0db1c5d34b0e6dea8f075e1b8,5
target_centrality,T:2206595,0.0,cnes,B,2021,aim3_target_metrics_v2.parquet,374e15163c404aa19bf8453d170490862689d4b0db1c5d34b0e6dea8f075e1b8,<5
target_centrality,T:2218798,49.0,cnes,B,2021,aim3_target_metrics_v2.parquet,374e15163c404aa19bf8453d170490862689d4b0db1c5d34b0e6dea8f075e1b8,26
target_centrality,T:2223538,5.0,cnes,B,2021,aim3_target_metrics_v2.parquet,374e15163c404aa19bf8453d170490862689d4b0db1c5d34b0e6dea8f075e1b8,28
target_centrality,T:2223546,0.0,cnes,B,2021,aim3_target_metrics_v2.parquet,374e15163c404aa19bf8453d170490862689d4b0db1c5d34b0e6dea8f075e1b8,<5
target_centrality,T:2237253,466.5,cnes,B,2021,aim3_target_metrics_v2.parquet,374e15163c404aa19bf8453d170490862689d4b0db1c5d34b0e6dea8f075e1b8,37
target_centrality,T:2237571,0.0,cnes,B,2021,aim3_target_metrics_v2.parquet,374e15163c404aa19bf8453d170490862689d4b0db1c5d34b0e6dea8f075e1b8,<5
target_centrality,T:2237601,300.5,cnes,B,2021,aim3_target_metrics_v2.parquet,374e15163c404aa19bf8453d170490862689d4b0db1c5d34b0e6dea8f075e1b8,42
target_centrality,T:2241021,0.0,cnes,B,2021,aim3_target_metrics_v2.parquet,374e15163c404aa19bf8453d170490862689d4b0db1c5d34b0e6dea8f075e1b8,<5
target_centrality,T:2246929,33.0,cnes,B,2021,aim3_target_metrics_v2.parquet,374e15163c404aa19bf8453d170490862689d4b0db1c5d34b0e6dea8f075e1b8,8
target_centrality,T:2246988,68.0,cnes,B,2021,aim3_target_metrics_v2.parquet,374e15163c404aa19bf8453d170490862689d4b0db1c5d34b0e6dea8f075e1b8,13
target_centrality,T:2252694,0.0,cnes,B,2021,aim3_target_metrics_v2.parquet,374e15163c404aa19bf8453d170490862689d4b0db1c5d34b0e6dea8f075e1b8,<5
target_centrality,T:2262568,35.0,cnes,B,2021,aim3_target_metrics_v2.parquet,374e15163c404aa19bf8453d170490862689d4b0db1c5d34b0e6dea8f075e1b8,5
target_centrality,T:2269775,0.0,cnes,B,2021,aim3_target_metrics_v2.parquet,374e15163c404aa19bf8453d170490862689d4b0db1c5d34b0e6dea8f075e1b8,<5
target_centrality,T:2269783,0.0,cnes,B,2021,aim3_target_metrics_v2.parquet,374e15163c404aa19bf8453d170490862689d4b0db1c5d34b0e6dea8f075e1b8,<5
target_centrality,T:2275562,0.0,cnes,B,2021,aim3_target_metrics_v2.parquet,374e15163c404aa19bf8453d170490862689d4b0db1c5d34b0e6dea8f075e1b8,8
target_centrality,T:2280167,0.0,cnes,B,2021,aim3_target_metrics_v2.parquet,374e15163c404aa19bf8453d170490862689d4b0db1c5d34b0e6dea8f075e1b8,<5
target_centrality,T:2295415,195.0,cnes,B,2021,aim3_target_metrics_v2.parquet,374e15163c404aa19bf8453d170490862689d4b0db1c5d34b0e6dea8f075e1b8,14
target_centrality,T:2332981,7.0,cnes,B,2021,aim3_target_metrics_v2.parquet,374e15163c404aa19bf8453d170490862689d4b0db1c5d34b0e6dea8f075e1b8,5
target_centrality,T:2384299,151.0,cnes,B,2021,aim3_target_metrics_v2.parquet,374e15163c404aa19bf8453d170490862689d4b0db1c5d34b0e6dea8f075e1b8,16
target_centrality,T:2396866,0.0,cnes,B,2021,aim3_target_metrics_v2.parquet,374e15163c404aa19bf8453d170490862689d4b0db1c5d34b0e6dea8f075e1b8,<5
target_centrality,T:2400243,249.0,cnes,B,2021,aim3_target_metrics_v2.parquet,374e15163c404aa19bf8453d170490862689d4b0db1c5d34b0e6dea8f075e1b8,9
target_centrality,T:2400693,167.0,cnes,B,2021,aim3_target_metrics_v2.parquet,374e15163c404aa19bf8453d170490862689d4b0db1c5d34b0e6dea8f075e1b8,12
target_centrality,T:2427419,0.0,cnes,B,2021,aim3_target_metrics_v2.parquet,374e15163c404aa19bf8453d170490862689d4b0db1c5d34b0e6dea8f075e1b8,<5
target_centrality,T:2436450,22.0,cnes,B,2021,aim3_target_metrics_v2.parquet,374e15163c404aa19bf8453d170490862689d4b0db1c5d34b0e6dea8f075e1b8,9
target_centrality,T:2436469,130.0,cnes,B,2021,aim3_target_metrics_v2.parquet,374e15163c404aa19bf8453d170490862689d4b0db1c5d34b0e6dea8f075e1b8,34
target_centrality,T:2464594,430.0,cnes,B,2021,aim3_target_metrics_v2.parquet,374e15163c404aa19bf8453d170490862689d4b0db1c5d34b0e6dea8f075e1b8,72
target_centrality,T:2486199,14.0,cnes,B,2021,aim3_target_metrics_v2.parquet,374e15163c404aa19bf8453d170490862689d4b0db1c5d34b0e6dea8f075e1b8,<5
target_centrality,T:2497654,2493.5,cnes,B,2021,aim3_target_metrics_v2.parquet,374e15163c404aa19bf8453d170490862689d4b0db1c5d34b0e6dea8f075e1b8,160
target_centrality,T:2499363,2702.5,cnes,B,2021,aim3_target_metrics_v2.parquet,374e15163c404aa19bf8453d170490862689d4b0db1c5d34b0e6dea8f075e1b8,147
target_centrality,T:2550792,293.5,cnes,B,2021,aim3_target_metrics_v2.parquet,374e15163c404aa19bf8453d170490862689d4b0db1c5d34b0e6dea8f075e1b8,40
target_centrality,T:2555646,13.0,cnes,B,2021,aim3_target_metrics_v2.parquet,374e15163c404aa19bf8453d170490862689d4b0db1c5d34b0e6dea8f075e1b8,<5
target_centrality,T:2560771,15.0,cnes,B,2021,aim3_target_metrics_v2.parquet,374e15163c404aa19bf8453d170490862689d4b0db1c5d34b0e6dea8f075e1b8,14
target_centrality,T:2561492,342.0,cnes,B,2021,aim3_target_metrics_v2.parquet,374e15163c404aa19bf8453d170490862689d4b0db1c5d34b0e6dea8f075e1b8,22
target_centrality,T:2576341,1.0,cnes,B,2021,aim3_target_metrics_v2.parquet,374e15163c404aa19bf8453d170490862689d4b0db1c5d34b0e6dea8f075e1b8,<5
target_centrality,T:2577623,0.0,cnes,B,2021,aim3_target_metrics_v2.parquet,374e15163c404aa19bf8453d170490862689d4b0db1c5d34b0e6dea8f075e1b8,<5
target_centrality,T:2580055,125.5,cnes,B,2021,aim3_target_metrics_v2.parquet,374e15163c404aa19bf8453d170490862689d4b0db1c5d34b0e6dea8f075e1b8,26
target_centrality,T:2586142,6.0,cnes,B,2021,aim3_target_metrics_v2.parquet,374e15163c404aa19bf8453d170490862689d4b0db1c5d34b0e6dea8f075e1b8,6
target_centrality,T:2587335,11.0,cnes,B,2021,aim3_target_metrics_v2.parquet,374e15163c404aa19bf8453d170490862689d4b0db1c5d34b0e6dea8f075e1b8,5
target_centrality,T:2600536,0.0,cnes,B,2021,aim3_target_metrics_v2.parquet,374e15163c404aa19bf8453d170490862689d4b0db1c5d34b0e6dea8f075e1b8,<5
target_centrality,T:2651610,3.0,cnes,B,2021,aim3_target_metrics_v2.parquet,374e15163c404aa19bf8453d170490862689d4b0db1c5d34b0e6dea8f075e1b8,<5
target_centrality,T:2653982,262.0,cnes,B,2021,aim3_target_metrics_v2.parquet,374e15163c404aa19bf8453d170490862689d4b0db1c5d34b0e6dea8f075e1b8,26
target_centrality,T:2686953,16.5,cnes,B,2021,aim3_target_metrics_v2.parquet,374e15163c404aa19bf8453d170490862689d4b0db1c5d34b0e6dea8f075e1b8,9
target_centrality,T:2688689,0.0,cnes,B,2021,aim3_target_metrics_v2.parquet,374e15163c404aa19bf8453d170490862689d4b0db1c5d34b0e6dea8f075e1b8,13
target_centrality,T:2691841,0.0,cnes,B,2021,aim3_target_metrics_v2.parquet,374e15163c404aa19bf8453d170490862689d4b0db1c5d34b0e6dea8f075e1b8,<5
target_centrality,T:2704900,1060.0,cnes,B,2021,aim3_target_metrics_v2.parquet,374e15163c404aa19bf8453d170490862689d4b0db1c5d34b0e6dea8f075e1b8,18
target_centrality,T:2705982,10.0,cnes,B,2021,aim3_target_metrics_v2.parquet,374e15163c404aa19bf8453d170490862689d4b0db1c5d34b0e6dea8f075e1b8,28
target_centrality,T:2708779,0.0,cnes,B,2021,aim3_target_metrics_v2.parquet,374e15163c404aa19bf8453d170490862689d4b0db1c5d34b0e6dea8f075e1b8,<5
target_centrality,T:2726653,29.0,cnes,B,2021,aim3_target_metrics_v2.parquet,374e15163c404aa19bf8453d170490862689d4b0db1c5d34b0e6dea8f075e1b8,<5
target_centrality,T:2726971,15.0,cnes,B,2021,aim3_target_metrics_v2.parquet,374e15163c404aa19bf8453d170490862689d4b0db1c5d34b0e6dea8f075e1b8,8
target_centrality,T:2738309,0.0,cnes,B,2021,aim3_target_metrics_v2.parquet,374e15163c404aa19bf8453d170490862689d4b0db1c5d34b0e6dea8f075e1b8,<5
target_centrality,T:2738368,21.0,cnes,B,2021,aim3_target_metrics_v2.parquet,374e15163c404aa19bf8453d170490862689d4b0db1c5d34b0e6dea8f075e1b8,10
target_centrality,T:2740338,7.0,cnes,B,2021,aim3_target_metrics_v2.parquet,374e15163c404aa19bf8453d170490862689d4b0db1c5d34b0e6dea8f075e1b8,<5
target_centrality,T:2743469,6.0,cnes,B,2021,aim3_target_metrics_v2.parquet,374e15163c404aa19bf8453d170490862689d4b0db1c5d34b0e6dea8f075e1b8,<5
target_centrality,T:2748223,36.0,cnes,B,2021,aim3_target_metrics_v2.parquet,374e15163c404aa19bf8453d170490862689d4b0db1c5d34b0e6dea8f075e1b8,23
target_centrality,T:2755130,231.0,cnes,B,2021,aim3_target_metrics_v2.parquet,374e15163c404aa19bf8453d170490862689d4b0db1c5d34b0e6dea8f075e1b8,77
target_centrality,T:2758164,1.0,cnes,B,2021,aim3_target_metrics_v2.parquet,374e15163c404aa19bf8453d170490862689d4b0db1c5d34b0e6dea8f075e1b8,<5
target_centrality,T:2772310,9.0,cnes,B,2021,aim3_target_metrics_v2.parquet,374e15163c404aa19bf8453d170490862689d4b0db1c5d34b0e6dea8f075e1b8,10
target_centrality,T:2775999,1.0,cnes,B,2021,aim3_target_metrics_v2.parquet,374e15163c404aa19bf8453d170490862689d4b0db1c5d34b0e6dea8f075e1b8,<5
target_centrality,T:2781859,60.0,cnes,B,2021,aim3_target_metrics_v2.parquet,374e15163c404aa19bf8453d170490862689d4b0db1c5d34b0e6dea8f075e1b8,14
target_centrality,T:2786435,15.0,cnes,B,2021,aim3_target_metrics_v2.parquet,374e15163c404aa19bf8453d170490862689d4b0db1c5d34b0e6dea8f075e1b8,15
target_centrality,T:2791722,21.0,cnes,B,2021,aim3_target_metrics_v2.parquet,374e15163c404aa19bf8453d170490862689d4b0db1c5d34b0e6dea8f075e1b8,9
target_centrality,T:2792168,0.0,cnes,B,2021,aim3_target_metrics_v2.parquet,374e15163c404aa19bf8453d170490862689d4b0db1c5d34b0e6dea8f075e1b8,6
target_centrality,T:2792176,0.0,cnes,B,2021,aim3_target_metrics_v2.parquet,374e15163c404aa19bf8453d170490862689d4b0db1c5d34b0e6dea8f075e1b8,<5
target_centrality,T:2798298,0.0,cnes,B,2021,aim3_target_metrics_v2.parquet,374e15163c404aa19bf8453d170490862689d4b0db1c5d34b0e6dea8f075e1b8,<5
target_centrality,T:2802783,862.0,cnes,B,2021,aim3_target_metrics_v2.parquet,374e15163c404aa19bf8453d170490862689d4b0db1c5d34b0e6dea8f075e1b8,64
target_centrality,T:3075516,0.0,cnes,B,2021,aim3_target_metrics_v2.parquet,374e15163c404aa19bf8453d170490862689d4b0db1c5d34b0e6dea8f075e1b8,<5
target_centrality,T:3126838,15.0,cnes,B,2021,aim3_target_metrics_v2.parquet,374e15163c404aa19bf8453d170490862689d4b0db1c5d34b0e6dea8f075e1b8,22
target_centrality,T:3157245,84.0,cnes,B,2021,aim3_target_metrics_v2.parquet,374e15163c404aa19bf8453d170490862689d4b0db1c5d34b0e6dea8f075e1b8,28
target_centrality,T:3285391,15.0,cnes,B,2021,aim3_target_metrics_v2.parquet,374e15163c404aa19bf8453d170490862689d4b0db1c5d34b0e6dea8f075e1b8,14
target_centrality,T:4001303,0.0,cnes,B,2021,aim3_target_metrics_v2.parquet,374e15163c404aa19bf8453d170490862689d4b0db1c5d34b0e6dea8f075e1b8,<5
target_centrality,T:4044916,101.0,cnes,B,2021,aim3_target_metrics_v2.parquet,374e15163c404aa19bf8453d170490862689d4b0db1c5d34b0e6dea8f075e1b8,48
target_centrality,T:5585422,10.0,cnes,B,2021,aim3_target_metrics_v2.parquet,374e15163c404aa19bf8453d170490862689d4b0db1c5d34b0e6dea8f075e1b8,16
target_centrality,T:5597501,1.0,cnes,B,2021,aim3_target_metrics_v2.parquet,374e15163c404aa19bf8453d170490862689d4b0db1c5d34b0e6dea8f075e1b8,<5
target_centrality,T:6542638,103.5,cnes,B,2021,aim3_target_metrics_v2.parquet,374e15163c404aa19bf8453d170490862689d4b0db1c5d34b0e6dea8f075e1b8,20
target_centrality,T:6601804,0.0,cnes,B,2021,aim3_target_metrics_v2.parquet,374e15163c404aa19bf8453d170490862689d4b0db1c5d34b0e6dea8f075e1b8,38
target_centrality,T:6756107,1045.0,cnes,B,2021,aim3_target_metrics_v2.parquet,374e15163c404aa19bf8453d170490862689d4b0db1c5d34b0e6dea8f075e1b8,109
target_centrality,T:6878687,0.0,cnes,B,2021,aim3_target_metrics_v2.parquet,374e15163c404aa19bf8453d170490862689d4b0db1c5d34b0e6dea8f075e1b8,<5
target_centrality,T:7257406,0.0,cnes,B,2021,aim3_target_metrics_v2.parquet,374e15163c404aa19bf8453d170490862689d4b0db1c5d34b0e6dea8f075e1b8,12
target_centrality,T:7373465,0.0,cnes,B,2021,aim3_target_metrics_v2.parquet,374e15163c404aa19bf8453d170490862689d4b0db1c5d34b0e6dea8f075e1b8,7
target_centrality,T:7498810,1815.0,cnes,B,2021,aim3_target_metrics_v2.parquet,374e15163c404aa19bf8453d170490862689d4b0db1c5d34b0e6dea8f075e1b8,99
target_centrality,T:7513151,0.0,cnes,B,2021,aim3_target_metrics_v2.parquet,374e15163c404aa19bf8453d170490862689d4b0db1c5d34b0e6dea8f075e1b8,<5
target_centrality,T:7866801,549.0,cnes,B,2021,aim3_target_metrics_v2.parquet,374e15163c404aa19bf8453d170490862689d4b0db1c5d34b0e6dea8f075e1b8,36
target_centrality,T:9209352,28.0,cnes,B,2021,aim3_target_metrics_v2.parquet,374e15163c404aa19bf8453d170490862689d4b0db1c5d34b0e6dea8f075e1b8,19
target_centrality,T:9388133,0.0,cnes,B,2021,aim3_target_metrics_v2.parquet,374e15163c404aa19bf8453d170490862689d4b0db1c5d34b0e6dea8f075e1b8,<5
target_centrality,T:9443665,410.0,cnes,B,2021,aim3_target_metrics_v2.parquet,374e15163c404aa19bf8453d170490862689d4b0db1c5d34b0e6dea8f075e1b8,42
target_centrality,T:9491112,1545.5,cnes,B,2021,aim3_target_metrics_v2.parquet,374e15163c404aa19bf8453d170490862689d4b0db1c5d34b0e6dea8f075e1b8,26
target_centrality,T:9680977,0.0,cnes,B,2021,aim3_target_metrics_v2.parquet,374e15163c404aa19bf8453d170490862689d4b0db1c5d34b0e6dea8f075e1b8,<5
target_centrality,T:9917322,4.0,cnes,B,2021,aim3_target_metrics_v2.parquet,374e15163c404aa19bf8453d170490862689d4b0db1c5d34b0e6dea8f075e1b8,<5
target_centrality,T:0000396,0.0,cnes,B,2022,aim3_target_metrics_v2.parquet,374e15163c404aa19bf8453d170490862689d4b0db1c5d34b0e6dea8f075e1b8,<5
target_centrality,T:0000434,0.0,cnes,B,2022,aim3_target_metrics_v2.parquet,374e15163c404aa19bf8453d170490862689d4b0db1c5d34b0e6dea8f075e1b8,<5
target_centrality,T:0000477,283.0,cnes,B,2022,aim3_target_metrics_v2.parquet,374e15163c404aa19bf8453d170490862689d4b0db1c5d34b0e6dea8f075e1b8,7
target_centrality,T:0000655,4665.0,cnes,B,2022,aim3_target_metrics_v2.parquet,374e15163c404aa19bf8453d170490862689d4b0db1c5d34b0e6dea8f075e1b8,25
target_centrality,T:0002283,171.5,cnes,B,2022,aim3_target_metrics_v2.parquet,374e15163c404aa19bf8453d170490862689d4b0db1c5d34b0e6dea8f075e1b8,29
target_centrality,T:0002534,111.5,cnes,B,2022,aim3_target_metrics_v2.parquet,374e15163c404aa19bf8453d170490862689d4b0db1c5d34b0e6dea8f075e1b8,14
target_centrality,T:0003816,1.0,cnes,B,2022,aim3_target_metrics_v2.parquet,374e15163c404aa19bf8453d170490862689d4b0db1c5d34b0e6dea8f075e1b8,9
target_centrality,T:0003859,32230.0,cnes,B,2022,aim3_target_metrics_v2.parquet,374e15163c404aa19bf8453d170490862689d4b0db1c5d34b0e6dea8f075e1b8,410
target_centrality,T:0009628,226.0,cnes,B,2022,aim3_target_metrics_v2.parquet,374e15163c404aa19bf8453d170490862689d4b0db1c5d34b0e6dea8f075e1b8,18
target_centrality,T:0009709,25.0,cnes,B,2022,aim3_target_metrics_v2.parquet,374e15163c404aa19bf8453d170490862689d4b0db1c5d34b0e6dea8f075e1b8,17
target_centrality,T:0009725,30.0,cnes,B,2022,aim3_target_metrics_v2.parquet,374e15163c404aa19bf8453d170490862689d4b0db1c5d34b0e6dea8f075e1b8,9
target_centrality,T:0010456,0.0,cnes,B,2022,aim3_target_metrics_v2.parquet,374e15163c404aa19bf8453d170490862689d4b0db1c5d34b0e6dea8f075e1b8,<5
target_centrality,T:0010499,420.0,cnes,B,2022,aim3_target_metrics_v2.parquet,374e15163c404aa19bf8453d170490862689d4b0db1c5d34b0e6dea8f075e1b8,32
target_centrality,T:0010502,69.0,cnes,B,2022,aim3_target_metrics_v2.parquet,374e15163c404aa19bf8453d170490862689d4b0db1c5d34b0e6dea8f075e1b8,5
target_centrality,T:0010510,0.0,cnes,B,2022,aim3_target_metrics_v2.parquet,374e15163c404aa19bf8453d170490862689d4b0db1c5d34b0e6dea8f075e1b8,<5
target_centrality,T:0011746,107.0,cnes,B,2022,aim3_target_metrics_v2.parquet,374e15163c404aa19bf8453d170490862689d4b0db1c5d34b0e6dea8f075e1b8,15
target_centrality,T:0012505,23.0,cnes,B,2022,aim3_target_metrics_v2.parquet,374e15163c404aa19bf8453d170490862689d4b0db1c5d34b0e6dea8f075e1b8,6
target_centrality,T:0013633,449.0,cnes,B,2022,aim3_target_metrics_v2.parquet,374e15163c404aa19bf8453d170490862689d4b0db1c5d34b0e6dea8f075e1b8,18
target_centrality,T:0014109,10.0,cnes,B,2022,aim3_target_metrics_v2.parquet,374e15163c404aa19bf8453d170490862689d4b0db1c5d34b0e6dea8f075e1b8,12
target_centrality,T:0015245,69.0,cnes,B,2022,aim3_target_metrics_v2.parquet,374e15163c404aa19bf8453d170490862689d4b0db1c5d34b0e6dea8f075e1b8,12
target_centrality,T:0015407,371.0,cnes,B,2022,aim3_target_metrics_v2.parquet,374e15163c404aa19bf8453d170490862689d4b0db1c5d34b0e6dea8f075e1b8,21
target_centrality,T:0015644,0.0,cnes,B,2022,aim3_target_metrics_v2.parquet,374e15163c404aa19bf8453d170490862689d4b0db1c5d34b0e6dea8f075e1b8,<5
target_centrality,T:0027014,2826.5,cnes,B,2022,aim3_target_metrics_v2.parquet,374e15163c404aa19bf8453d170490862689d4b0db1c5d34b0e6dea8f075e1b8,81
target_centrality,T:0027049,927.0,cnes,B,2022,aim3_target_metrics_v2.parquet,374e15163c404aa19bf8453d170490862689d4b0db1c5d34b0e6dea8f075e1b8,31
target_centrality,T:0027863,2798.5,cnes,B,2022,aim3_target_metrics_v2.parquet,374e15163c404aa19bf8453d170490862689d4b0db1c5d34b0e6dea8f075e1b8,40
target_centrality,T:0086673,0.0,cnes,B,2022,aim3_target_metrics_v2.parquet,374e15163c404aa19bf8453d170490862689d4b0db1c5d34b0e6dea8f075e1b8,<5
target_centrality,T:0092894,3521.0,cnes,B,2022,aim3_target_metrics_v2.parquet,374e15163c404aa19bf8453d170490862689d4b0db1c5d34b0e6dea8f075e1b8,8
target_centrality,T:0547484,0.0,cnes,B,2022,aim3_target_metrics_v2.parquet,374e15163c404aa19bf8453d170490862689d4b0db1c5d34b0e6dea8f075e1b8,<5
target_centrality,T:2012685,0.0,cnes,B,2022,aim3_target_metrics_v2.parquet,374e15163c404aa19bf8453d170490862689d4b0db1c5d34b0e6dea8f075e1b8,<5
target_centrality,T:2017644,11.0,cnes,B,2022,aim3_target_metrics_v2.parquet,374e15163c404aa19bf8453d170490862689d4b0db1c5d34b0e6dea8f075e1b8,7
target_centrality,T:2024691,451.0,cnes,B,2022,aim3_target_metrics_v2.parquet,374e15163c404aa19bf8453d170490862689d4b0db1c5d34b0e6dea8f075e1b8,9
target_centrality,T:2025507,14.0,cnes,B,2022,aim3_target_metrics_v2.parquet,374e15163c404aa19bf8453d170490862689d4b0db1c5d34b0e6dea8f075e1b8,10
target_centrality,T:2025752,226.0,cnes,B,2022,aim3_target_metrics_v2.parquet,374e15163c404aa19bf8453d170490862689d4b0db1c5d34b0e6dea8f075e1b8,8
target_centrality,T:2066092,0.0,cnes,B,2022,aim3_target_metrics_v2.parquet,374e15163c404aa19bf8453d170490862689d4b0db1c5d34b0e6dea8f075e1b8,35
target_centrality,T:2077396,1059.0,cnes,B,2022,aim3_target_metrics_v2.parquet,374e15163c404aa19bf8453d170490862689d4b0db1c5d34b0e6dea8f075e1b8,107
target_centrality,T:2077477,0.0,cnes,B,2022,aim3_target_metrics_v2.parquet,374e15163c404aa19bf8453d170490862689d4b0db1c5d34b0e6dea8f075e1b8,<5
target_centrality,T:2077485,0.0,cnes,B,2022,aim3_target_metrics_v2.parquet,374e15163c404aa19bf8453d170490862689d4b0db1c5d34b0e6dea8f075e1b8,<5
target_centrality,T:2077531,0.0,cnes,B,2022,aim3_target_metrics_v2.parquet,374e15163c404aa19bf8453d170490862689d4b0db1c5d34b0e6dea8f075e1b8,5
target_centrality,T:2077574,0.0,cnes,B,2022,aim3_target_metrics_v2.parquet,374e15163c404aa19bf8453d170490862689d4b0db1c5d34b0e6dea8f075e1b8,<5
target_centrality,T:2078015,22015.0,cnes,B,2022,aim3_target_metrics_v2.parquet,374e15163c404aa19bf8453d170490862689d4b0db1c5d34b0e6dea8f075e1b8,266
target_centrality,T:2079798,7919.0,cnes,B,2022,aim3_target_metrics_v2.parquet,374e15163c404aa19bf8453d170490862689d4b0db1c5d34b0e6dea8f075e1b8,88
target_centrality,T:2079828,36.0,cnes,B,2022,aim3_target_metrics_v2.parquet,374e15163c404aa19bf8453d170490862689d4b0db1c5d34b0e6dea8f075e1b8,20
target_centrality,T:2079917,0.0,cnes,B,2022,aim3_target_metrics_v2.parquet,374e15163c404aa19bf8453d170490862689d4b0db1c5d34b0e6dea8f075e1b8,<5
target_centrality,T:2080338,45.0,cnes,B,2022,aim3_target_metrics_v2.parquet,374e15163c404aa19bf8453d170490862689d4b0db1c5d34b0e6dea8f075e1b8,24
target_centrality,T:2080346,0.0,cnes,B,2022,aim3_target_metrics_v2.parquet,374e15163c404aa19bf8453d170490862689d4b0db1c5d34b0e6dea8f075e1b8,24
target_centrality,T:2080532,0.0,cnes,B,2022,aim3_target_metrics_v2.parquet,374e15163c404aa19bf8453d170490862689d4b0db1c5d34b0e6dea8f075e1b8,<5
target_centrality,T:2081253,0.0,cnes,B,2022,aim3_target_metrics_v2.parquet,374e15163c404aa19bf8453d170490862689d4b0db1c5d34b0e6dea8f075e1b8,<5
target_centrality,T:2081377,1.0,cnes,B,2022,aim3_target_metrics_v2.parquet,374e15163c404aa19bf8453d170490862689d4b0db1c5d34b0e6dea8f075e1b8,<5
target_centrality,T:2081458,0.0,cnes,B,2022,aim3_target_metrics_v2.parquet,374e15163c404aa19bf8453d170490862689d4b0db1c5d34b0e6dea8f075e1b8,9
target_centrality,T:2081695,3051.0,cnes,B,2022,aim3_target_metrics_v2.parquet,374e15163c404aa19bf8453d170490862689d4b0db1c5d34b0e6dea8f075e1b8,24
target_centrality,T:2082187,174.0,cnes,B,2022,aim3_target_metrics_v2.parquet,374e15163c404aa19bf8453d170490862689d4b0db1c5d34b0e6dea8f075e1b8,24
target_centrality,T:2082861,0.0,cnes,B,2022,aim3_target_metrics_v2.parquet,374e15163c404aa19bf8453d170490862689d4b0db1c5d34b0e6dea8f075e1b8,5
target_centrality,T:2083094,226.0,cnes,B,2022,aim3_target_metrics_v2.parquet,374e15163c404aa19bf8453d170490862689d4b0db1c5d34b0e6dea8f075e1b8,<5
target_centrality,T:2087057,15.0,cnes,B,2022,aim3_target_metrics_v2.parquet,374e15163c404aa19bf8453d170490862689d4b0db1c5d34b0e6dea8f075e1b8,29
target_centrality,T:2088576,226.0,cnes,B,2022,aim3_target_metrics_v2.parquet,374e15163c404aa19bf8453d170490862689d4b0db1c5d34b0e6dea8f075e1b8,<5
target_centrality,T:2089327,220.0,cnes,B,2022,aim3_target_metrics_v2.parquet,374e15163c404aa19bf8453d170490862689d4b0db1c5d34b0e6dea8f075e1b8,14
target_centrality,T:2090236,0.0,cnes,B,2022,aim3_target_metrics_v2.parquet,374e15163c404aa19bf8453d170490862689d4b0db1c5d34b0e6dea8f075e1b8,<5
target_centrality,T:2092611,6.0,cnes,B,2022,aim3_target_metrics_v2.parquet,374e15163c404aa19bf8453d170490862689d4b0db1c5d34b0e6dea8f075e1b8,8
target_centrality,T:2096412,3.0,cnes,B,2022,aim3_target_metrics_v2.parquet,374e15163c404aa19bf8453d170490862689d4b0db1c5d34b0e6dea8f075e1b8,10
target_centrality,T:2111624,1286.0,cnes,B,2022,aim3_target_metrics_v2.parquet,374e15163c404aa19bf8453d170490862689d4b0db1c5d34b0e6dea8f075e1b8,33
target_centrality,T:2118661,1780.0,cnes,B,2022,aim3_target_metrics_v2.parquet,374e15163c404aa19bf8453d170490862689d4b0db1c5d34b0e6dea8f075e1b8,49
target_centrality,T:2127989,2001.0,cnes,B,2022,aim3_target_metrics_v2.parquet,374e15163c404aa19bf8453d170490862689d4b0db1c5d34b0e6dea8f075e1b8,36
target_centrality,T:2146355,104.0,cnes,B,2022,aim3_target_metrics_v2.parquet,374e15163c404aa19bf8453d170490862689d4b0db1c5d34b0e6dea8f075e1b8,41
target_centrality,T:2149990,1.0,cnes,B,2022,aim3_target_metrics_v2.parquet,374e15163c404aa19bf8453d170490862689d4b0db1c5d34b0e6dea8f075e1b8,<5
target_centrality,T:2171988,0.0,cnes,B,2022,aim3_target_metrics_v2.parquet,374e15163c404aa19bf8453d170490862689d4b0db1c5d34b0e6dea8f075e1b8,<5
target_centrality,T:2195437,0.0,cnes,B,2022,aim3_target_metrics_v2.parquet,374e15163c404aa19bf8453d170490862689d4b0db1c5d34b0e6dea8f075e1b8,<5
target_centrality,T:2200457,0.0,cnes,B,2022,aim3_target_metrics_v2.parquet,374e15163c404aa19bf8453d170490862689d4b0db1c5d34b0e6dea8f075e1b8,<5
target_centrality,T:2206595,0.0,cnes,B,2022,aim3_target_metrics_v2.parquet,374e15163c404aa19bf8453d170490862689d4b0db1c5d34b0e6dea8f075e1b8,<5
target_centrality,T:2208857,3.0,cnes,B,2022,aim3_target_metrics_v2.parquet,374e15163c404aa19bf8453d170490862689d4b0db1c5d34b0e6dea8f075e1b8,<5
target_centrality,T:2218798,525.0,cnes,B,2022,aim3_target_metrics_v2.parquet,374e15163c404aa19bf8453d170490862689d4b0db1c5d34b0e6dea8f075e1b8,28
target_centrality,T:2223538,116.0,cnes,B,2022,aim3_target_metrics_v2.parquet,374e15163c404aa19bf8453d170490862689d4b0db1c5d34b0e6dea8f075e1b8,28
target_centrality,T:2223546,0.0,cnes,B,2022,aim3_target_metrics_v2.parquet,374e15163c404aa19bf8453d170490862689d4b0db1c5d34b0e6dea8f075e1b8,10
target_centrality,T:2237253,4529.0,cnes,B,2022,aim3_target_metrics_v2.parquet,374e15163c404aa19bf8453d170490862689d4b0db1c5d34b0e6dea8f075e1b8,81
target_centrality,T:2237571,1512.0,cnes,B,2022,aim3_target_metrics_v2.parquet,374e15163c404aa19bf8453d170490862689d4b0db1c5d34b0e6dea8f075e1b8,108
target_centrality,T:2237601,765.0,cnes,B,2022,aim3_target_metrics_v2.parquet,374e15163c404aa19bf8453d170490862689d4b0db1c5d34b0e6dea8f075e1b8,58
target_centrality,T:2244306,1095.0,cnes,B,2022,aim3_target_metrics_v2.parquet,374e15163c404aa19bf8453d170490862689d4b0db1c5d34b0e6dea8f075e1b8,26
target_centrality,T:2246929,339.0,cnes,B,2022,aim3_target_metrics_v2.parquet,374e15163c404aa19bf8453d170490862689d4b0db1c5d34b0e6dea8f075e1b8,9
target_centrality,T:2246988,227.0,cnes,B,2022,aim3_target_metrics_v2.parquet,374e15163c404aa19bf8453d170490862689d4b0db1c5d34b0e6dea8f075e1b8,7
target_centrality,T:2252694,3.0,cnes,B,2022,aim3_target_metrics_v2.parquet,374e15163c404aa19bf8453d170490862689d4b0db1c5d34b0e6dea8f075e1b8,5
target_centrality,T:2255936,0.0,cnes,B,2022,aim3_target_metrics_v2.parquet,374e15163c404aa19bf8453d170490862689d4b0db1c5d34b0e6dea8f075e1b8,11
target_centrality,T:2257645,1949.0,cnes,B,2022,aim3_target_metrics_v2.parquet,374e15163c404aa19bf8453d170490862689d4b0db1c5d34b0e6dea8f075e1b8,54
target_centrality,T:2262568,114.0,cnes,B,2022,aim3_target_metrics_v2.parquet,374e15163c404aa19bf8453d170490862689d4b0db1c5d34b0e6dea8f075e1b8,11
target_centrality,T:2265052,0.0,cnes,B,2022,aim3_target_metrics_v2.parquet,374e15163c404aa19bf8453d170490862689d4b0db1c5d34b0e6dea8f075e1b8,<5
target_centrality,T:2269384,0.0,cnes,B,2022,aim3_target_metrics_v2.parquet,374e15163c404aa19bf8453d170490862689d4b0db1c5d34b0e6dea8f075e1b8,5
target_centrality,T:2269783,0.0,cnes,B,2022,aim3_target_metrics_v2.parquet,374e15163c404aa19bf8453d170490862689d4b0db1c5d34b0e6dea8f075e1b8,<5
target_centrality,T:2269880,0.0,cnes,B,2022,aim3_target_metrics_v2.parquet,374e15163c404aa19bf8453d170490862689d4b0db1c5d34b0e6dea8f075e1b8,<5
target_centrality,T:2273411,0.0,cnes,B,2022,aim3_target_metrics_v2.parquet,374e15163c404aa19bf8453d170490862689d4b0db1c5d34b0e6dea8f075e1b8,<5
target_centrality,T:2275562,1.0,cnes,B,2022,aim3_target_metrics_v2.parquet,374e15163c404aa19bf8453d170490862689d4b0db1c5d34b0e6dea8f075e1b8,27
target_centrality,T:2278855,1.0,cnes,B,2022,aim3_target_metrics_v2.parquet,374e15163c404aa19bf8453d170490862689d4b0db1c5d34b0e6dea8f075e1b8,<5
target_centrality,T:2280167,45.0,cnes,B,2022,aim3_target_metrics_v2.parquet,374e15163c404aa19bf8453d170490862689d4b0db1c5d34b0e6dea8f075e1b8,<5
target_centrality,T:2287250,0.0,cnes,B,2022,aim3_target_metrics_v2.parquet,374e15163c404aa19bf8453d170490862689d4b0db1c5d34b0e6dea8f075e1b8,6
target_centrality,T:2295415,184.0,cnes,B,2022,aim3_target_metrics_v2.parquet,374e15163c404aa19bf8453d170490862689d4b0db1c5d34b0e6dea8f075e1b8,28
target_centrality,T:2295423,84.0,cnes,B,2022,aim3_target_metrics_v2.parquet,374e15163c404aa19bf8453d170490862689d4b0db1c5d34b0e6dea8f075e1b8,14
target_centrality,T:2298031,0.0,cnes,B,2022,aim3_target_metrics_v2.parquet,374e15163c404aa19bf8453d170490862689d4b0db1c5d34b0e6dea8f075e1b8,<5
target_centrality,T:2301830,189.0,cnes,B,2022,aim3_target_metrics_v2.parquet,374e15163c404aa19bf8453d170490862689d4b0db1c5d34b0e6dea8f075e1b8,28
target_centrality,T:2332981,0.0,cnes,B,2022,aim3_target_metrics_v2.parquet,374e15163c404aa19bf8453d170490862689d4b0db1c5d34b0e6dea8f075e1b8,<5
target_centrality,T:2334321,5.0,cnes,B,2022,aim3_target_metrics_v2.parquet,374e15163c404aa19bf8453d170490862689d4b0db1c5d34b0e6dea8f075e1b8,<5
target_centrality,T:2338734,69.0,cnes,B,2022,aim3_target_metrics_v2.parquet,374e15163c404aa19bf8453d170490862689d4b0db1c5d34b0e6dea8f075e1b8,<5
target_centrality,T:2379333,3.0,cnes,B,2022,aim3_target_metrics_v2.parquet,374e15163c404aa19bf8453d170490862689d4b0db1c5d34b0e6dea8f075e1b8,<5
target_centrality,T:2384299,102.0,cnes,B,2022,aim3_target_metrics_v2.parquet,374e15163c404aa19bf8453d170490862689d4b0db1c5d34b0e6dea8f075e1b8,12
target_centrality,T:2396866,3.0,cnes,B,2022,aim3_target_metrics_v2.parquet,374e15163c404aa19bf8453d170490862689d4b0db1c5d34b0e6dea8f075e1b8,9
target_centrality,T:2399555,283.0,cnes,B,2022,aim3_target_metrics_v2.parquet,374e15163c404aa19bf8453d170490862689d4b0db1c5d34b0e6dea8f075e1b8,6
target_centrality,T:2400243,3325.0,cnes,B,2022,aim3_target_metrics_v2.parquet,374e15163c404aa19bf8453d170490862689d4b0db1c5d34b0e6dea8f075e1b8,31
target_centrality,T:2400693,1684.0,cnes,B,2022,aim3_target_metrics_v2.parquet,374e15163c404aa19bf8453d170490862689d4b0db1c5d34b0e6dea8f075e1b8,20
target_centrality,T:2427419,846.0,cnes,B,2022,aim3_target_metrics_v2.parquet,374e15163c404aa19bf8453d170490862689d4b0db1c5d34b0e6dea8f075e1b8,8
target_centrality,T:2436450,20.0,cnes,B,2022,aim3_target_metrics_v2.parquet,374e15163c404aa19bf8453d170490862689d4b0db1c5d34b0e6dea8f075e1b8,32
target_centrality,T:2436469,87.0,cnes,B,2022,aim3_target_metrics_v2.parquet,374e15163c404aa19bf8453d170490862689d4b0db1c5d34b0e6dea8f075e1b8,20
target_centrality,T:2464594,719.0,cnes,B,2022,aim3_target_metrics_v2.parquet,374e15163c404aa19bf8453d170490862689d4b0db1c5d34b0e6dea8f075e1b8,88
target_centrality,T:2485680,726.0,cnes,B,2022,aim3_target_metrics_v2.parquet,374e15163c404aa19bf8453d170490862689d4b0db1c5d34b0e6dea8f075e1b8,18
target_centrality,T:2486199,107.0,cnes,B,2022,aim3_target_metrics_v2.parquet,374e15163c404aa19bf8453d170490862689d4b0db1c5d34b0e6dea8f075e1b8,<5
target_centrality,T:2497654,7951.0,cnes,B,2022,aim3_target_metrics_v2.parquet,374e15163c404aa19bf8453d170490862689d4b0db1c5d34b0e6dea8f075e1b8,183
target_centrality,T:2499363,5996.0,cnes,B,2022,aim3_target_metrics_v2.parquet,374e15163c404aa19bf8453d170490862689d4b0db1c5d34b0e6dea8f075e1b8,239
target_centrality,T:2522411,0.0,cnes,B,2022,aim3_target_metrics_v2.parquet,374e15163c404aa19bf8453d170490862689d4b0db1c5d34b0e6dea8f075e1b8,<5
target_centrality,T:2550792,1122.5,cnes,B,2022,aim3_target_metrics_v2.parquet,374e15163c404aa19bf8453d170490862689d4b0db1c5d34b0e6dea8f075e1b8,19
target_centrality,T:2555646,0.0,cnes,B,2022,aim3_target_metrics_v2.parquet,374e15163c404aa19bf8453d170490862689d4b0db1c5d34b0e6dea8f075e1b8,<5
target_centrality,T:2558246,1.0,cnes,B,2022,aim3_target_metrics_v2.parquet,374e15163c404aa19bf8453d170490862689d4b0db1c5d34b0e6dea8f075e1b8,<5
target_centrality,T:2560771,45.0,cnes,B,2022,aim3_target_metrics_v2.parquet,374e15163c404aa19bf8453d170490862689d4b0db1c5d34b0e6dea8f075e1b8,16
target_centrality,T:2561492,566.0,cnes,B,2022,aim3_target_metrics_v2.parquet,374e15163c404aa19bf8453d170490862689d4b0db1c5d34b0e6dea8f075e1b8,20
target_centrality,T:2576341,6.0,cnes,B,2022,aim3_target_metrics_v2.parquet,374e15163c404aa19bf8453d170490862689d4b0db1c5d34b0e6dea8f075e1b8,13
target_centrality,T:2577623,0.0,cnes,B,2022,aim3_target_metrics_v2.parquet,374e15163c404aa19bf8453d170490862689d4b0db1c5d34b0e6dea8f075e1b8,<5
target_centrality,T:2580055,1546.5,cnes,B,2022,aim3_target_metrics_v2.parquet,374e15163c404aa19bf8453d170490862689d4b0db1c5d34b0e6dea8f075e1b8,25
target_centrality,T:2586142,57.5,cnes,B,2022,aim3_target_metrics_v2.parquet,374e15163c404aa19bf8453d170490862689d4b0db1c5d34b0e6dea8f075e1b8,30
target_centrality,T:2587335,24.5,cnes,B,2022,aim3_target_metrics_v2.parquet,374e15163c404aa19bf8453d170490862689d4b0db1c5d34b0e6dea8f075e1b8,18
target_centrality,T:2600536,10.0,cnes,B,2022,aim3_target_metrics_v2.parquet,374e15163c404aa19bf8453d170490862689d4b0db1c5d34b0e6dea8f075e1b8,5
target_centrality,T:2646536,0.0,cnes,B,2022,aim3_target_metrics_v2.parquet,374e15163c404aa19bf8453d170490862689d4b0db1c5d34b0e6dea8f075e1b8,<5
target_centrality,T:2651610,1.0,cnes,B,2022,aim3_target_metrics_v2.parquet,374e15163c404aa19bf8453d170490862689d4b0db1c5d34b0e6dea8f075e1b8,<5
target_centrality,T:2653982,329.0,cnes,B,2022,aim3_target_metrics_v2.parquet,374e15163c404aa19bf8453d170490862689d4b0db1c5d34b0e6dea8f075e1b8,25
target_centrality,T:2686953,193.0,cnes,B,2022,aim3_target_metrics_v2.parquet,374e15163c404aa19bf8453d170490862689d4b0db1c5d34b0e6dea8f075e1b8,17
target_centrality,T:2688689,448.5,cnes,B,2022,aim3_target_metrics_v2.parquet,374e15163c404aa19bf8453d170490862689d4b0db1c5d34b0e6dea8f075e1b8,35
target_centrality,T:2696940,0.0,cnes,B,2022,aim3_target_metrics_v2.parquet,374e15163c404aa19bf8453d170490862689d4b0db1c5d34b0e6dea8f075e1b8,<5
target_centrality,T:2704900,2428.0,cnes,B,2022,aim3_target_metrics_v2.parquet,374e15163c404aa19bf8453d170490862689d4b0db1c5d34b0e6dea8f075e1b8,22
target_centrality,T:2705982,55.0,cnes,B,2022,aim3_target_metrics_v2.parquet,374e15163c404aa19bf8453d170490862689d4b0db1c5d34b0e6dea8f075e1b8,18
target_centrality,T:2707675,3.0,cnes,B,2022,aim3_target_metrics_v2.parquet,374e15163c404aa19bf8453d170490862689d4b0db1c5d34b0e6dea8f075e1b8,<5
target_centrality,T:2726653,146.0,cnes,B,2022,aim3_target_metrics_v2.parquet,374e15163c404aa19bf8453d170490862689d4b0db1c5d34b0e6dea8f075e1b8,9
target_centrality,T:2726971,216.0,cnes,B,2022,aim3_target_metrics_v2.parquet,374e15163c404aa19bf8453d170490862689d4b0db1c5d34b0e6dea8f075e1b8,32
target_centrality,T:2738309,32.0,cnes,B,2022,aim3_target_metrics_v2.parquet,374e15163c404aa19bf8453d170490862689d4b0db1c5d34b0e6dea8f075e1b8,<5
target_centrality,T:2738368,152.0,cnes,B,2022,aim3_target_metrics_v2.parquet,374e15163c404aa19bf8453d170490862689d4b0db1c5d34b0e6dea8f075e1b8,28
target_centrality,T:2740338,19.0,cnes,B,2022,aim3_target_metrics_v2.parquet,374e15163c404aa19bf8453d170490862689d4b0db1c5d34b0e6dea8f075e1b8,<5
target_centrality,T:2743469,0.0,cnes,B,2022,aim3_target_metrics_v2.parquet,374e15163c404aa19bf8453d170490862689d4b0db1c5d34b0e6dea8f075e1b8,<5
target_centrality,T:2748223,45.0,cnes,B,2022,aim3_target_metrics_v2.parquet,374e15163c404aa19bf8453d170490862689d4b0db1c5d34b0e6dea8f075e1b8,34
target_centrality,T:2752700,8.0,cnes,B,2022,aim3_target_metrics_v2.parquet,374e15163c404aa19bf8453d170490862689d4b0db1c5d34b0e6dea8f075e1b8,<5
target_centrality,T:2755130,229.0,cnes,B,2022,aim3_target_metrics_v2.parquet,374e15163c404aa19bf8453d170490862689d4b0db1c5d34b0e6dea8f075e1b8,67
target_centrality,T:2756951,0.0,cnes,B,2022,aim3_target_metrics_v2.parquet,374e15163c404aa19bf8453d170490862689d4b0db1c5d34b0e6dea8f075e1b8,11
target_centrality,T:2758164,1.0,cnes,B,2022,aim3_target_metrics_v2.parquet,374e15163c404aa19bf8453d170490862689d4b0db1c5d34b0e6dea8f075e1b8,5
target_centrality,T:2767953,0.0,cnes,B,2022,aim3_target_metrics_v2.parquet,374e15163c404aa19bf8453d170490862689d4b0db1c5d34b0e6dea8f075e1b8,<5
target_centrality,T:2772310,6.0,cnes,B,2022,aim3_target_metrics_v2.parquet,374e15163c404aa19bf8453d170490862689d4b0db1c5d34b0e6dea8f075e1b8,9
target_centrality,T:2775999,1.0,cnes,B,2022,aim3_target_metrics_v2.parquet,374e15163c404aa19bf8453d170490862689d4b0db1c5d34b0e6dea8f075e1b8,<5
target_centrality,T:2781859,2879.0,cnes,B,2022,aim3_target_metrics_v2.parquet,374e15163c404aa19bf8453d170490862689d4b0db1c5d34b0e6dea8f075e1b8,34
target_centrality,T:2786435,899.0,cnes,B,2022,aim3_target_metrics_v2.parquet,374e15163c404aa19bf8453d170490862689d4b0db1c5d34b0e6dea8f075e1b8,39
target_centrality,T:2790602,226.0,cnes,B,2022,aim3_target_metrics_v2.parquet,374e15163c404aa19bf8453d170490862689d4b0db1c5d34b0e6dea8f075e1b8,7
target_centrality,T:2791722,15.0,cnes,B,2022,aim3_target_metrics_v2.parquet,374e15163c404aa19bf8453d170490862689d4b0db1c5d34b0e6dea8f075e1b8,25
target_centrality,T:2792168,5.0,cnes,B,2022,aim3_target_metrics_v2.parquet,374e15163c404aa19bf8453d170490862689d4b0db1c5d34b0e6dea8f075e1b8,5
target_centrality,T:2792176,899.0,cnes,B,2022,aim3_target_metrics_v2.parquet,374e15163c404aa19bf8453d170490862689d4b0db1c5d34b0e6dea8f075e1b8,14
target_centrality,T:2798298,0.0,cnes,B,2022,aim3_target_metrics_v2.parquet,374e15163c404aa19bf8453d170490862689d4b0db1c5d34b0e6dea8f075e1b8,9
target_centrality,T:2799758,566.0,cnes,B,2022,aim3_target_metrics_v2.parquet,374e15163c404aa19bf8453d170490862689d4b0db1c5d34b0e6dea8f075e1b8,10
target_centrality,T:2802783,14247.5,cnes,B,2022,aim3_target_metrics_v2.parquet,374e15163c404aa19bf8453d170490862689d4b0db1c5d34b0e6dea8f075e1b8,241
target_centrality,T:2816210,21.0,cnes,B,2022,aim3_target_metrics_v2.parquet,374e15163c404aa19bf8453d170490862689d4b0db1c5d34b0e6dea8f075e1b8,<5
target_centrality,T:3075516,0.0,cnes,B,2022,aim3_target_metrics_v2.parquet,374e15163c404aa19bf8453d170490862689d4b0db1c5d34b0e6dea8f075e1b8,<5
target_centrality,T:3126838,2219.5,cnes,B,2022,aim3_target_metrics_v2.parquet,374e15163c404aa19bf8453d170490862689d4b0db1c5d34b0e6dea8f075e1b8,24
target_centrality,T:3157245,2428.0,cnes,B,2022,aim3_target_metrics_v2.parquet,374e15163c404aa19bf8453d170490862689d4b0db1c5d34b0e6dea8f075e1b8,32
target_centrality,T:3285391,78.0,cnes,B,2022,aim3_target_metrics_v2.parquet,374e15163c404aa19bf8453d170490862689d4b0db1c5d34b0e6dea8f075e1b8,11
target_centrality,T:4001303,0.0,cnes,B,2022,aim3_target_metrics_v2.parquet,374e15163c404aa19bf8453d170490862689d4b0db1c5d34b0e6dea8f075e1b8,<5
target_centrality,T:4044916,2642.0,cnes,B,2022,aim3_target_metrics_v2.parquet,374e15163c404aa19bf8453d170490862689d4b0db1c5d34b0e6dea8f075e1b8,65
target_centrality,T:4056752,0.0,cnes,B,2022,aim3_target_metrics_v2.parquet,374e15163c404aa19bf8453d170490862689d4b0db1c5d34b0e6dea8f075e1b8,<5
target_centrality,T:5169976,0.0,cnes,B,2022,aim3_target_metrics_v2.parquet,374e15163c404aa19bf8453d170490862689d4b0db1c5d34b0e6dea8f075e1b8,<5
target_centrality,T:5200105,7728.0,cnes,B,2022,aim3_target_metrics_v2.parquet,374e15163c404aa19bf8453d170490862689d4b0db1c5d34b0e6dea8f075e1b8,11
target_centrality,T:5412447,0.0,cnes,B,2022,aim3_target_metrics_v2.parquet,374e15163c404aa19bf8453d170490862689d4b0db1c5d34b0e6dea8f075e1b8,<5
target_centrality,T:5419662,0.0,cnes,B,2022,aim3_target_metrics_v2.parquet,374e15163c404aa19bf8453d170490862689d4b0db1c5d34b0e6dea8f075e1b8,<5
target_centrality,T:5585422,10.0,cnes,B,2022,aim3_target_metrics_v2.parquet,374e15163c404aa19bf8453d170490862689d4b0db1c5d34b0e6dea8f075e1b8,25
target_centrality,T:5597501,10.0,cnes,B,2022,aim3_target_metrics_v2.parquet,374e15163c404aa19bf8453d170490862689d4b0db1c5d34b0e6dea8f075e1b8,12
target_centrality,T:5860490,0.0,cnes,B,2022,aim3_target_metrics_v2.parquet,374e15163c404aa19bf8453d170490862689d4b0db1c5d34b0e6dea8f075e1b8,<5
target_centrality,T:6007317,0.0,cnes,B,2022,aim3_target_metrics_v2.parquet,374e15163c404aa19bf8453d170490862689d4b0db1c5d34b0e6dea8f075e1b8,<5
target_centrality,T:6095666,684.0,cnes,B,2022,aim3_target_metrics_v2.parquet,374e15163c404aa19bf8453d170490862689d4b0db1c5d34b0e6dea8f075e1b8,38
target_centrality,T:6123740,0.0,cnes,B,2022,aim3_target_metrics_v2.parquet,374e15163c404aa19bf8453d170490862689d4b0db1c5d34b0e6dea8f075e1b8,<5
target_centrality,T:6542638,8.0,cnes,B,2022,aim3_target_metrics_v2.parquet,374e15163c404aa19bf8453d170490862689d4b0db1c5d34b0e6dea8f075e1b8,8
target_centrality,T:6601804,0.0,cnes,B,2022,aim3_target_metrics_v2.parquet,374e15163c404aa19bf8453d170490862689d4b0db1c5d34b0e6dea8f075e1b8,35
target_centrality,T:6665322,1357.0,cnes,B,2022,aim3_target_metrics_v2.parquet,374e15163c404aa19bf8453d170490862689d4b0db1c5d34b0e6dea8f075e1b8,63
target_centrality,T:6756107,10527.0,cnes,B,2022,aim3_target_metrics_v2.parquet,374e15163c404aa19bf8453d170490862689d4b0db1c5d34b0e6dea8f075e1b8,399
target_centrality,T:6878687,675.0,cnes,B,2022,aim3_target_metrics_v2.parquet,374e15163c404aa19bf8453d170490862689d4b0db1c5d34b0e6dea8f075e1b8,5
target_centrality,T:7068336,5.0,cnes,B,2022,aim3_target_metrics_v2.parquet,374e15163c404aa19bf8453d170490862689d4b0db1c5d34b0e6dea8f075e1b8,<5
target_centrality,T:7257406,520.0,cnes,B,2022,aim3_target_metrics_v2.parquet,374e15163c404aa19bf8453d170490862689d4b0db1c5d34b0e6dea8f075e1b8,70
target_centrality,T:7373465,2.0,cnes,B,2022,aim3_target_metrics_v2.parquet,374e15163c404aa19bf8453d170490862689d4b0db1c5d34b0e6dea8f075e1b8,31
target_centrality,T:7498810,25202.5,cnes,B,2022,aim3_target_metrics_v2.parquet,374e15163c404aa19bf8453d170490862689d4b0db1c5d34b0e6dea8f075e1b8,194
target_centrality,T:7564546,56.0,cnes,B,2022,aim3_target_metrics_v2.parquet,374e15163c404aa19bf8453d170490862689d4b0db1c5d34b0e6dea8f075e1b8,44
target_centrality,T:7743068,1670.0,cnes,B,2022,aim3_target_metrics_v2.parquet,374e15163c404aa19bf8453d170490862689d4b0db1c5d34b0e6dea8f075e1b8,85
target_centrality,T:7866801,2193.0,cnes,B,2022,aim3_target_metrics_v2.parquet,374e15163c404aa19bf8453d170490862689d4b0db1c5d34b0e6dea8f075e1b8,98
target_centrality,T:7967012,0.0,cnes,B,2022,aim3_target_metrics_v2.parquet,374e15163c404aa19bf8453d170490862689d4b0db1c5d34b0e6dea8f075e1b8,<5
target_centrality,T:9209352,105.0,cnes,B,2022,aim3_target_metrics_v2.parquet,374e15163c404aa19bf8453d170490862689d4b0db1c5d34b0e6dea8f075e1b8,45
target_centrality,T:9425802,0.0,cnes,B,2022,aim3_target_metrics_v2.parquet,374e15163c404aa19bf8453d170490862689d4b0db1c5d34b0e6dea8f075e1b8,<5
target_centrality,T:9443665,1403.0,cnes,B,2022,aim3_target_metrics_v2.parquet,374e15163c404aa19bf8453d170490862689d4b0db1c5d34b0e6dea8f075e1b8,92
target_centrality,T:9491112,2565.0,cnes,B,2022,aim3_target_metrics_v2.parquet,374e15163c404aa19bf8453d170490862689d4b0db1c5d34b0e6dea8f075e1b8,24
target_centrality,T:9491252,908.0,cnes,B,2022,aim3_target_metrics_v2.parquet,374e15163c404aa19bf8453d170490862689d4b0db1c5d34b0e6dea8f075e1b8,7
target_centrality,T:9575936,2603.0,cnes,B,2022,aim3_target_metrics_v2.parquet,374e15163c404aa19bf8453d170490862689d4b0db1c5d34b0e6dea8f075e1b8,47
target_centrality,T:9680977,0.0,cnes,B,2022,aim3_target_metrics_v2.parquet,374e15163c404aa19bf8453d170490862689d4b0db1c5d34b0e6dea8f075e1b8,<5
target_centrality,T:9917322,0.0,cnes,B,2022,aim3_target_metrics_v2.parquet,374e15163c404aa19bf8453d170490862689d4b0db1c5d34b0e6dea8f075e1b8,<5
target_centrality,T:0000396,0.0,cnes,B,2023,aim3_target_metrics_v2.parquet,374e15163c404aa19bf8453d170490862689d4b0db1c5d34b0e6dea8f075e1b8,<5
target_centrality,T:0000418,0.0,cnes,B,2023,aim3_target_metrics_v2.parquet,374e15163c404aa19bf8453d170490862689d4b0db1c5d34b0e6dea8f075e1b8,<5
target_centrality,T:0000426,0.0,cnes,B,2023,aim3_target_metrics_v2.parquet,374e15163c404aa19bf8453d170490862689d4b0db1c5d34b0e6dea8f075e1b8,5
target_centrality,T:0000434,2676.0,cnes,B,2023,aim3_target_metrics_v2.parquet,374e15163c404aa19bf8453d170490862689d4b0db1c5d34b0e6dea8f075e1b8,20
target_centrality,T:0000477,236300.0,cnes,B,2023,aim3_target_metrics_v2.parquet,374e15163c404aa19bf8453d170490862689d4b0db1c5d34b0e6dea8f075e1b8,8
target_centrality,T:0000655,19808.0,cnes,B,2023,aim3_target_metrics_v2.parquet,374e15163c404aa19bf8453d170490862689d4b0db1c5d34b0e6dea8f075e1b8,45
target_centrality,T:0002283,624.0,cnes,B,2023,aim3_target_metrics_v2.parquet,374e15163c404aa19bf8453d170490862689d4b0db1c5d34b0e6dea8f075e1b8,64
target_centrality,T:0002534,71.0,cnes,B,2023,aim3_target_metrics_v2.parquet,374e15163c404aa19bf8453d170490862689d4b0db1c5d34b0e6dea8f075e1b8,10
target_centrality,T:0003816,4011.5,cnes,B,2023,aim3_target_metrics_v2.parquet,374e15163c404aa19bf8453d170490862689d4b0db1c5d34b0e6dea8f075e1b8,12
target_centrality,T:0003859,511549.0,cnes,B,2023,aim3_target_metrics_v2.parquet,374e15163c404aa19bf8453d170490862689d4b0db1c5d34b0e6dea8f075e1b8,431
target_centrality,T:0004251,4011.0,cnes,B,2023,aim3_target_metrics_v2.parquet,374e15163c404aa19bf8453d170490862689d4b0db1c5d34b0e6dea8f075e1b8,6
target_centrality,T:0008052,0.0,cnes,B,2023,aim3_target_metrics_v2.parquet,374e15163c404aa19bf8453d170490862689d4b0db1c5d34b0e6dea8f075e1b8,5
target_centrality,T:0009628,1338.0,cnes,B,2023,aim3_target_metrics_v2.parquet,374e15163c404aa19bf8453d170490862689d4b0db1c5d34b0e6dea8f075e1b8,22
target_centrality,T:0009709,363.0,cnes,B,2023,aim3_target_metrics_v2.parquet,374e15163c404aa19bf8453d170490862689d4b0db1c5d34b0e6dea8f075e1b8,15
target_centrality,T:0009717,689.0,cnes,B,2023,aim3_target_metrics_v2.parquet,374e15163c404aa19bf8453d170490862689d4b0db1c5d34b0e6dea8f075e1b8,32
target_centrality,T:0009725,63.0,cnes,B,2023,aim3_target_metrics_v2.parquet,374e15163c404aa19bf8453d170490862689d4b0db1c5d34b0e6dea8f075e1b8,12
target_centrality,T:0010456,10.0,cnes,B,2023,aim3_target_metrics_v2.parquet,374e15163c404aa19bf8453d170490862689d4b0db1c5d34b0e6dea8f075e1b8,5
target_centrality,T:0010472,0.0,cnes,B,2023,aim3_target_metrics_v2.parquet,374e15163c404aa19bf8453d170490862689d4b0db1c5d34b0e6dea8f075e1b8,<5
target_centrality,T:0010499,11.0,cnes,B,2023,aim3_target_metrics_v2.parquet,374e15163c404aa19bf8453d170490862689d4b0db1c5d34b0e6dea8f075e1b8,46
target_centrality,T:0010502,0.0,cnes,B,2023,aim3_target_metrics_v2.parquet,374e15163c404aa19bf8453d170490862689d4b0db1c5d34b0e6dea8f075e1b8,<5
target_centrality,T:0010510,0.0,cnes,B,2023,aim3_target_metrics_v2.parquet,374e15163c404aa19bf8453d170490862689d4b0db1c5d34b0e6dea8f075e1b8,<5
target_centrality,T:0011746,38.0,cnes,B,2023,aim3_target_metrics_v2.parquet,374e15163c404aa19bf8453d170490862689d4b0db1c5d34b0e6dea8f075e1b8,20
target_centrality,T:0012505,1.0,cnes,B,2023,aim3_target_metrics_v2.parquet,374e15163c404aa19bf8453d170490862689d4b0db1c5d34b0e6dea8f075e1b8,7
target_centrality,T:0013633,28680.5,cnes,B,2023,aim3_target_metrics_v2.parquet,374e15163c404aa19bf8453d170490862689d4b0db1c5d34b0e6dea8f075e1b8,15
target_centrality,T:0014109,21.0,cnes,B,2023,aim3_target_metrics_v2.parquet,374e15163c404aa19bf8453d170490862689d4b0db1c5d34b0e6dea8f075e1b8,8
target_centrality,T:0015245,70940.5,cnes,B,2023,aim3_target_metrics_v2.parquet,374e15163c404aa19bf8453d170490862689d4b0db1c5d34b0e6dea8f075e1b8,24
target_centrality,T:0015369,0.0,cnes,B,2023,aim3_target_metrics_v2.parquet,374e15163c404aa19bf8453d170490862689d4b0db1c5d34b0e6dea8f075e1b8,5
target_centrality,T:0015407,5346.0,cnes,B,2023,aim3_target_metrics_v2.parquet,374e15163c404aa19bf8453d170490862689d4b0db1c5d34b0e6dea8f075e1b8,20
target_centrality,T:0015423,0.0,cnes,B,2023,aim3_target_metrics_v2.parquet,374e15163c404aa19bf8453d170490862689d4b0db1c5d34b0e6dea8f075e1b8,<5
target_centrality,T:0015644,0.0,cnes,B,2023,aim3_target_metrics_v2.parquet,374e15163c404aa19bf8453d170490862689d4b0db1c5d34b0e6dea8f075e1b8,<5
target_centrality,T:0027014,53143.5,cnes,B,2023,aim3_target_metrics_v2.parquet,374e15163c404aa19bf8453d170490862689d4b0db1c5d34b0e6dea8f075e1b8,85
target_centrality,T:0027049,5346.0,cnes,B,2023,aim3_target_metrics_v2.parquet,374e15163c404aa19bf8453d170490862689d4b0db1c5d34b0e6dea8f075e1b8,12
target_centrality,T:0027863,2627.0,cnes,B,2023,aim3_target_metrics_v2.parquet,374e15163c404aa19bf8453d170490862689d4b0db1c5d34b0e6dea8f075e1b8,27
target_centrality,T:0086673,1338.0,cnes,B,2023,aim3_target_metrics_v2.parquet,374e15163c404aa19bf8453d170490862689d4b0db1c5d34b0e6dea8f075e1b8,13
target_centrality,T:0092894,3496.5,cnes,B,2023,aim3_target_metrics_v2.parquet,374e15163c404aa19bf8453d170490862689d4b0db1c5d34b0e6dea8f075e1b8,10
target_centrality,T:0136581,6.0,cnes,B,2023,aim3_target_metrics_v2.parquet,374e15163c404aa19bf8453d170490862689d4b0db1c5d34b0e6dea8f075e1b8,<5
target_centrality,T:0179817,0.0,cnes,B,2023,aim3_target_metrics_v2.parquet,374e15163c404aa19bf8453d170490862689d4b0db1c5d34b0e6dea8f075e1b8,<5
target_centrality,T:0547484,0.0,cnes,B,2023,aim3_target_metrics_v2.parquet,374e15163c404aa19bf8453d170490862689d4b0db1c5d34b0e6dea8f075e1b8,<5
target_centrality,T:2012677,0.0,cnes,B,2023,aim3_target_metrics_v2.parquet,374e15163c404aa19bf8453d170490862689d4b0db1c5d34b0e6dea8f075e1b8,<5
target_centrality,T:2013649,31805.5,cnes,B,2023,aim3_target_metrics_v2.parquet,374e15163c404aa19bf8453d170490862689d4b0db1c5d34b0e6dea8f075e1b8,262
target_centrality,T:2017644,0.0,cnes,B,2023,aim3_target_metrics_v2.parquet,374e15163c404aa19bf8453d170490862689d4b0db1c5d34b0e6dea8f075e1b8,6
target_centrality,T:2019574,1338.0,cnes,B,2023,aim3_target_metrics_v2.parquet,374e15163c404aa19bf8453d170490862689d4b0db1c5d34b0e6dea8f075e1b8,8
target_centrality,T:2020890,3.0,cnes,B,2023,aim3_target_metrics_v2.parquet,374e15163c404aa19bf8453d170490862689d4b0db1c5d34b0e6dea8f075e1b8,42
target_centrality,T:2024691,5851.0,cnes,B,2023,aim3_target_metrics_v2.parquet,374e15163c404aa19bf8453d170490862689d4b0db1c5d34b0e6dea8f075e1b8,26
target_centrality,T:2025507,40.0,cnes,B,2023,aim3_target_metrics_v2.parquet,374e15163c404aa19bf8453d170490862689d4b0db1c5d34b0e6dea8f075e1b8,11
target_centrality,T:2025752,1338.0,cnes,B,2023,aim3_target_metrics_v2.parquet,374e15163c404aa19bf8453d170490862689d4b0db1c5d34b0e6dea8f075e1b8,29
target_centrality,T:2066092,1.0,cnes,B,2023,aim3_target_metrics_v2.parquet,374e15163c404aa19bf8453d170490862689d4b0db1c5d34b0e6dea8f075e1b8,61
target_centrality,T:2077396,74638.0,cnes,B,2023,aim3_target_metrics_v2.parquet,374e15163c404aa19bf8453d170490862689d4b0db1c5d34b0e6dea8f075e1b8,109
target_centrality,T:2077477,0.0,cnes,B,2023,aim3_target_metrics_v2.parquet,374e15163c404aa19bf8453d170490862689d4b0db1c5d34b0e6dea8f075e1b8,12
target_centrality,T:2077485,4004.0,cnes,B,2023,aim3_target_metrics_v2.parquet,374e15163c404aa19bf8453d170490862689d4b0db1c5d34b0e6dea8f075e1b8,22
target_centrality,T:2078015,598312.75,cnes,B,2023,aim3_target_metrics_v2.parquet,374e15163c404aa19bf8453d170490862689d4b0db1c5d34b0e6dea8f075e1b8,316
target_centrality,T:2078775,0.0,cnes,B,2023,aim3_target_metrics_v2.parquet,374e15163c404aa19bf8453d170490862689d4b0db1c5d34b0e6dea8f075e1b8,<5
target_centrality,T:2079798,177367.0,cnes,B,2023,aim3_target_metrics_v2.parquet,374e15163c404aa19bf8453d170490862689d4b0db1c5d34b0e6dea8f075e1b8,95
target_centrality,T:2079828,1340.0,cnes,B,2023,aim3_target_metrics_v2.parquet,374e15163c404aa19bf8453d170490862689d4b0db1c5d34b0e6dea8f075e1b8,35
target_centrality,T:2080338,0.0,cnes,B,2023,aim3_target_metrics_v2.parquet,374e15163c404aa19bf8453d170490862689d4b0db1c5d34b0e6dea8f075e1b8,30
target_centrality,T:2080346,0.0,cnes,B,2023,aim3_target_metrics_v2.parquet,374e15163c404aa19bf8453d170490862689d4b0db1c5d34b0e6dea8f075e1b8,21
target_centrality,T:2080532,0.0,cnes,B,2023,aim3_target_metrics_v2.parquet,374e15163c404aa19bf8453d170490862689d4b0db1c5d34b0e6dea8f075e1b8,<5
target_centrality,T:2081377,4011.0,cnes,B,2023,aim3_target_metrics_v2.parquet,374e15163c404aa19bf8453d170490862689d4b0db1c5d34b0e6dea8f075e1b8,<5
target_centrality,T:2081458,1.0,cnes,B,2023,aim3_target_metrics_v2.parquet,374e15163c404aa19bf8453d170490862689d4b0db1c5d34b0e6dea8f075e1b8,27
target_centrality,T:2081695,19936.333333333332,cnes,B,2023,aim3_target_metrics_v2.parquet,374e15163c404aa19bf8453d170490862689d4b0db1c5d34b0e6dea8f075e1b8,44
target_centrality,T:2082187,110712.0,cnes,B,2023,aim3_target_metrics_v2.parquet,374e15163c404aa19bf8453d170490862689d4b0db1c5d34b0e6dea8f075e1b8,50
target_centrality,T:2082594,0.0,cnes,B,2023,aim3_target_metrics_v2.parquet,374e15163c404aa19bf8453d170490862689d4b0db1c5d34b0e6dea8f075e1b8,7
target_centrality,T:2082861,0.0,cnes,B,2023,aim3_target_metrics_v2.parquet,374e15163c404aa19bf8453d170490862689d4b0db1c5d34b0e6dea8f075e1b8,5
target_centrality,T:2083094,116240.0,cnes,B,2023,aim3_target_metrics_v2.parquet,374e15163c404aa19bf8453d170490862689d4b0db1c5d34b0e6dea8f075e1b8,11
target_centrality,T:2087057,4009.0,cnes,B,2023,aim3_target_metrics_v2.parquet,374e15163c404aa19bf8453d170490862689d4b0db1c5d34b0e6dea8f075e1b8,14
target_centrality,T:2087111,1.0,cnes,B,2023,aim3_target_metrics_v2.parquet,374e15163c404aa19bf8453d170490862689d4b0db1c5d34b0e6dea8f075e1b8,<5
target_centrality,T:2088576,0.0,cnes,B,2023,aim3_target_metrics_v2.parquet,374e15163c404aa19bf8453d170490862689d4b0db1c5d34b0e6dea8f075e1b8,<5
target_centrality,T:2089327,5347.0,cnes,B,2023,aim3_target_metrics_v2.parquet,374e15163c404aa19bf8453d170490862689d4b0db1c5d34b0e6dea8f075e1b8,10
target_centrality,T:2090236,0.0,cnes,B,2023,aim3_target_metrics_v2.parquet,374e15163c404aa19bf8453d170490862689d4b0db1c5d34b0e6dea8f075e1b8,<5
target_centrality,T:2092611,78076.0,cnes,B,2023,aim3_target_metrics_v2.parquet,374e15163c404aa19bf8453d170490862689d4b0db1c5d34b0e6dea8f075e1b8,9
target_centrality,T:2096412,1338.0,cnes,B,2023,aim3_target_metrics_v2.parquet,374e15163c404aa19bf8453d170490862689d4b0db1c5d34b0e6dea8f075e1b8,13
target_centrality,T:2100754,0.0,cnes,B,2023,aim3_target_metrics_v2.parquet,374e15163c404aa19bf8453d170490862689d4b0db1c5d34b0e6dea8f075e1b8,<5
target_centrality,T:2109867,5346.0,cnes,B,2023,aim3_target_metrics_v2.parquet,374e15163c404aa19bf8453d170490862689d4b0db1c5d34b0e6dea8f075e1b8,9
target_centrality,T:2111624,21278.0,cnes,B,2023,aim3_target_metrics_v2.parquet,374e15163c404aa19bf8453d170490862689d4b0db1c5d34b0e6dea8f075e1b8,67
target_centrality,T:2118661,45.0,cnes,B,2023,aim3_target_metrics_v2.parquet,374e15163c404aa19bf8453d170490862689d4b0db1c5d34b0e6dea8f075e1b8,26
target_centrality,T:2127989,14663.0,cnes,B,2023,aim3_target_metrics_v2.parquet,374e15163c404aa19bf8453d170490862689d4b0db1c5d34b0e6dea8f075e1b8,27
target_centrality,T:2129566,0.0,cnes,B,2023,aim3_target_metrics_v2.parquet,374e15163c404aa19bf8453d170490862689d4b0db1c5d34b0e6dea8f075e1b8,9
target_centrality,T:2146355,10676.0,cnes,B,2023,aim3_target_metrics_v2.parquet,374e15163c404aa19bf8453d170490862689d4b0db1c5d34b0e6dea8f075e1b8,35
target_centrality,T:2149990,8.0,cnes,B,2023,aim3_target_metrics_v2.parquet,374e15163c404aa19bf8453d170490862689d4b0db1c5d34b0e6dea8f075e1b8,9
target_centrality,T:2171945,12.0,cnes,B,2023,aim3_target_metrics_v2.parquet,374e15163c404aa19bf8453d170490862689d4b0db1c5d34b0e6dea8f075e1b8,<5
target_centrality,T:2171988,5.0,cnes,B,2023,aim3_target_metrics_v2.parquet,374e15163c404aa19bf8453d170490862689d4b0db1c5d34b0e6dea8f075e1b8,<5
target_centrality,T:2195437,0.0,cnes,B,2023,aim3_target_metrics_v2.parquet,374e15163c404aa19bf8453d170490862689d4b0db1c5d34b0e6dea8f075e1b8,<5
target_centrality,T:2205440,0.0,cnes,B,2023,aim3_target_metrics_v2.parquet,374e15163c404aa19bf8453d170490862689d4b0db1c5d34b0e6dea8f075e1b8,<5
target_centrality,T:2218798,4011.0,cnes,B,2023,aim3_target_metrics_v2.parquet,374e15163c404aa19bf8453d170490862689d4b0db1c5d34b0e6dea8f075e1b8,11
target_centrality,T:2219654,33.0,cnes,B,2023,aim3_target_metrics_v2.parquet,374e15163c404aa19bf8453d170490862689d4b0db1c5d34b0e6dea8f075e1b8,17
target_centrality,T:2223538,154180.0,cnes,B,2023,aim3_target_metrics_v2.parquet,374e15163c404aa19bf8453d170490862689d4b0db1c5d34b0e6dea8f075e1b8,61
target_centrality,T:2223546,0.0,cnes,B,2023,aim3_target_metrics_v2.parquet,374e15163c404aa19bf8453d170490862689d4b0db1c5d34b0e6dea8f075e1b8,11
target_centrality,T:2237253,124449.5,cnes,B,2023,aim3_target_metrics_v2.parquet,374e15163c404aa19bf8453d170490862689d4b0db1c5d34b0e6dea8f075e1b8,41
target_centrality,T:2237571,19881.333333333343,cnes,B,2023,aim3_target_metrics_v2.parquet,374e15163c404aa19bf8453d170490862689d4b0db1c5d34b0e6dea8f075e1b8,91
target_centrality,T:2237601,14641.0,cnes,B,2023,aim3_target_metrics_v2.parquet,374e15163c404aa19bf8453d170490862689d4b0db1c5d34b0e6dea8f075e1b8,64
target_centrality,T:2244306,14665.5,cnes,B,2023,aim3_target_metrics_v2.parquet,374e15163c404aa19bf8453d170490862689d4b0db1c5d34b0e6dea8f075e1b8,58
target_centrality,T:2246929,0.0,cnes,B,2023,aim3_target_metrics_v2.parquet,374e15163c404aa19bf8453d170490862689d4b0db1c5d34b0e6dea8f075e1b8,<5
target_centrality,T:2246988,5345.0,cnes,B,2023,aim3_target_metrics_v2.parquet,374e15163c404aa19bf8453d170490862689d4b0db1c5d34b0e6dea8f075e1b8,9
target_centrality,T:2252694,0.0,cnes,B,2023,aim3_target_metrics_v2.parquet,374e15163c404aa19bf8453d170490862689d4b0db1c5d34b0e6dea8f075e1b8,8
target_centrality,T:2255936,0.0,cnes,B,2023,aim3_target_metrics_v2.parquet,374e15163c404aa19bf8453d170490862689d4b0db1c5d34b0e6dea8f075e1b8,13
target_centrality,T:2257645,148270.0,cnes,B,2023,aim3_target_metrics_v2.parquet,374e15163c404aa19bf8453d170490862689d4b0db1c5d34b0e6dea8f075e1b8,77
target_centrality,T:2262568,1338.3333333333355,cnes,B,2023,aim3_target_metrics_v2.parquet,374e15163c404aa19bf8453d170490862689d4b0db1c5d34b0e6dea8f075e1b8,18
target_centrality,T:2269384,1335.0,cnes,B,2023,aim3_target_metrics_v2.parquet,374e15163c404aa19bf8453d170490862689d4b0db1c5d34b0e6dea8f075e1b8,21
target_centrality,T:2269481,1333.0,cnes,B,2023,aim3_target_metrics_v2.parquet,374e15163c404aa19bf8453d170490862689d4b0db1c5d34b0e6dea8f075e1b8,53
target_centrality,T:2269783,0.0,cnes,B,2023,aim3_target_metrics_v2.parquet,374e15163c404aa19bf8453d170490862689d4b0db1c5d34b0e6dea8f075e1b8,5
target_centrality,T:2269880,0.0,cnes,B,2023,aim3_target_metrics_v2.parquet,374e15163c404aa19bf8453d170490862689d4b0db1c5d34b0e6dea8f075e1b8,<5
target_centrality,T:2270269,0.0,cnes,B,2023,aim3_target_metrics_v2.parquet,374e15163c404aa19bf8453d170490862689d4b0db1c5d34b0e6dea8f075e1b8,<5
target_centrality,T:2273411,5337.0,cnes,B,2023,aim3_target_metrics_v2.parquet,374e15163c404aa19bf8453d170490862689d4b0db1c5d34b0e6dea8f075e1b8,21
target_centrality,T:2273659,0.0,cnes,B,2023,aim3_target_metrics_v2.parquet,374e15163c404aa19bf8453d170490862689d4b0db1c5d34b0e6dea8f075e1b8,<5
target_centrality,T:2275562,0.0,cnes,B,2023,aim3_target_metrics_v2.parquet,374e15163c404aa19bf8453d170490862689d4b0db1c5d34b0e6dea8f075e1b8,38
target_centrality,T:2278855,0.0,cnes,B,2023,aim3_target_metrics_v2.parquet,374e15163c404aa19bf8453d170490862689d4b0db1c5d34b0e6dea8f075e1b8,<5
target_centrality,T:2280167,183620.5,cnes,B,2023,aim3_target_metrics_v2.parquet,374e15163c404aa19bf8453d170490862689d4b0db1c5d34b0e6dea8f075e1b8,84
target_centrality,T:2287250,0.0,cnes,B,2023,aim3_target_metrics_v2.parquet,374e15163c404aa19bf8453d170490862689d4b0db1c5d34b0e6dea8f075e1b8,11
target_centrality,T:2295415,2675.0,cnes,B,2023,aim3_target_metrics_v2.parquet,374e15163c404aa19bf8453d170490862689d4b0db1c5d34b0e6dea8f075e1b8,26
target_centrality,T:2295423,210015.5,cnes,B,2023,aim3_target_metrics_v2.parquet,374e15163c404aa19bf8453d170490862689d4b0db1c5d34b0e6dea8f075e1b8,58
target_centrality,T:2298031,321994.0,cnes,B,2023,aim3_target_metrics_v2.parquet,374e15163c404aa19bf8453d170490862689d4b0db1c5d34b0e6dea8f075e1b8,24
target_centrality,T:2301318,1338.0,cnes,B,2023,aim3_target_metrics_v2.parquet,374e15163c404aa19bf8453d170490862689d4b0db1c5d34b0e6dea8f075e1b8,6
target_centrality,T:2301830,79354.0,cnes,B,2023,aim3_target_metrics_v2.parquet,374e15163c404aa19bf8453d170490862689d4b0db1c5d34b0e6dea8f075e1b8,43
target_centrality,T:2333031,0.0,cnes,B,2023,aim3_target_metrics_v2.parquet,374e15163c404aa19bf8453d170490862689d4b0db1c5d34b0e6dea8f075e1b8,<5
target_centrality,T:2334321,0.0,cnes,B,2023,aim3_target_metrics_v2.parquet,374e15163c404aa19bf8453d170490862689d4b0db1c5d34b0e6dea8f075e1b8,<5
target_centrality,T:2338424,0.0,cnes,B,2023,aim3_target_metrics_v2.parquet,374e15163c404aa19bf8453d170490862689d4b0db1c5d34b0e6dea8f075e1b8,<5
target_centrality,T:2338734,1622.5,cnes,B,2023,aim3_target_metrics_v2.parquet,374e15163c404aa19bf8453d170490862689d4b0db1c5d34b0e6dea8f075e1b8,53
target_centrality,T:2340690,0.0,cnes,B,2023,aim3_target_metrics_v2.parquet,374e15163c404aa19bf8453d170490862689d4b0db1c5d34b0e6dea8f075e1b8,<5
target_centrality,T:2362856,140.0,cnes,B,2023,aim3_target_metrics_v2.parquet,374e15163c404aa19bf8453d170490862689d4b0db1c5d34b0e6dea8f075e1b8,8
target_centrality,T:2379333,92740.0,cnes,B,2023,aim3_target_metrics_v2.parquet,374e15163c404aa19bf8453d170490862689d4b0db1c5d34b0e6dea8f075e1b8,14
target_centrality,T:2384299,51089.5,cnes,B,2023,aim3_target_metrics_v2.parquet,374e15163c404aa19bf8453d170490862689d4b0db1c5d34b0e6dea8f075e1b8,28
target_centrality,T:2396866,125.0,cnes,B,2023,aim3_target_metrics_v2.parquet,374e15163c404aa19bf8453d170490862689d4b0db1c5d34b0e6dea8f075e1b8,25
target_centrality,T:2399555,0.0,cnes,B,2023,aim3_target_metrics_v2.parquet,374e15163c404aa19bf8453d170490862689d4b0db1c5d34b0e6dea8f075e1b8,<5
target_centrality,T:2400243,127.5,cnes,B,2023,aim3_target_metrics_v2.parquet,374e15163c404aa19bf8453d170490862689d4b0db1c5d34b0e6dea8f075e1b8,20
target_centrality,T:2400324,185.5,cnes,B,2023,aim3_target_metrics_v2.parquet,374e15163c404aa19bf8453d170490862689d4b0db1c5d34b0e6dea8f075e1b8,15
target_centrality,T:2400693,12006.0,cnes,B,2023,aim3_target_metrics_v2.parquet,374e15163c404aa19bf8453d170490862689d4b0db1c5d34b0e6dea8f075e1b8,26
target_centrality,T:2402076,1338.0,cnes,B,2023,aim3_target_metrics_v2.parquet,374e15163c404aa19bf8453d170490862689d4b0db1c5d34b0e6dea8f075e1b8,<5
target_centrality,T:2427419,10755.5,cnes,B,2023,aim3_target_metrics_v2.parquet,374e15163c404aa19bf8453d170490862689d4b0db1c5d34b0e6dea8f075e1b8,64
target_centrality,T:2436450,0.0,cnes,B,2023,aim3_target_metrics_v2.parquet,374e15163c404aa19bf8453d170490862689d4b0db1c5d34b0e6dea8f075e1b8,9
target_centrality,T:2436469,2738.0,cnes,B,2023,aim3_target_metrics_v2.parquet,374e15163c404aa19bf8453d170490862689d4b0db1c5d34b0e6dea8f075e1b8,21
target_centrality,T:2439360,0.0,cnes,B,2023,aim3_target_metrics_v2.parquet,374e15163c404aa19bf8453d170490862689d4b0db1c5d34b0e6dea8f075e1b8,<5
target_centrality,T:2464594,47538.0,cnes,B,2023,aim3_target_metrics_v2.parquet,374e15163c404aa19bf8453d170490862689d4b0db1c5d34b0e6dea8f075e1b8,97
target_centrality,T:2485680,472.0,cnes,B,2023,aim3_target_metrics_v2.parquet,374e15163c404aa19bf8453d170490862689d4b0db1c5d34b0e6dea8f075e1b8,60
target_centrality,T:2486199,0.0,cnes,B,2023,aim3_target_metrics_v2.parquet,374e15163c404aa19bf8453d170490862689d4b0db1c5d34b0e6dea8f075e1b8,<5
target_centrality,T:2491710,0.0,cnes,B,2023,aim3_target_metrics_v2.parquet,374e15163c404aa19bf8453d170490862689d4b0db1c5d34b0e6dea8f075e1b8,<5
target_centrality,T:2497654,47585.5,cnes,B,2023,aim3_target_metrics_v2.parquet,374e15163c404aa19bf8453d170490862689d4b0db1c5d34b0e6dea8f075e1b8,162
target_centrality,T:2499363,85591.5,cnes,B,2023,aim3_target_metrics_v2.parquet,374e15163c404aa19bf8453d170490862689d4b0db1c5d34b0e6dea8f075e1b8,177
target_centrality,T:2504332,2675.0,cnes,B,2023,aim3_target_metrics_v2.parquet,374e15163c404aa19bf8453d170490862689d4b0db1c5d34b0e6dea8f075e1b8,<5
target_centrality,T:2547821,0.0,cnes,B,2023,aim3_target_metrics_v2.parquet,374e15163c404aa19bf8453d170490862689d4b0db1c5d34b0e6dea8f075e1b8,<5
target_centrality,T:2550792,1338.0,cnes,B,2023,aim3_target_metrics_v2.parquet,374e15163c404aa19bf8453d170490862689d4b0db1c5d34b0e6dea8f075e1b8,12
target_centrality,T:2555646,0.0,cnes,B,2023,aim3_target_metrics_v2.parquet,374e15163c404aa19bf8453d170490862689d4b0db1c5d34b0e6dea8f075e1b8,<5
target_centrality,T:2558246,1.0,cnes,B,2023,aim3_target_metrics_v2.parquet,374e15163c404aa19bf8453d170490862689d4b0db1c5d34b0e6dea8f075e1b8,<5
target_centrality,T:2560771,10.0,cnes,B,2023,aim3_target_metrics_v2.parquet,374e15163c404aa19bf8453d170490862689d4b0db1c5d34b0e6dea8f075e1b8,6
target_centrality,T:2560852,1339.0,cnes,B,2023,aim3_target_metrics_v2.parquet,374e15163c404aa19bf8453d170490862689d4b0db1c5d34b0e6dea8f075e1b8,<5
target_centrality,T:2561492,135192.5,cnes,B,2023,aim3_target_metrics_v2.parquet,374e15163c404aa19bf8453d170490862689d4b0db1c5d34b0e6dea8f075e1b8,40
target_centrality,T:2568713,0.0,cnes,B,2023,aim3_target_metrics_v2.parquet,374e15163c404aa19bf8453d170490862689d4b0db1c5d34b0e6dea8f075e1b8,<5
target_centrality,T:2571072,0.0,cnes,B,2023,aim3_target_metrics_v2.parquet,374e15163c404aa19bf8453d170490862689d4b0db1c5d34b0e6dea8f075e1b8,<5
target_centrality,T:2576341,53883.5,cnes,B,2023,aim3_target_metrics_v2.parquet,374e15163c404aa19bf8453d170490862689d4b0db1c5d34b0e6dea8f075e1b8,25
target_centrality,T:2580055,17317.5,cnes,B,2023,aim3_target_metrics_v2.parquet,374e15163c404aa19bf8453d170490862689d4b0db1c5d34b0e6dea8f075e1b8,32
target_centrality,T:2586142,58462.0,cnes,B,2023,aim3_target_metrics_v2.parquet,374e15163c404aa19bf8453d170490862689d4b0db1c5d34b0e6dea8f075e1b8,26
target_centrality,T:2587335,2675.0,cnes,B,2023,aim3_target_metrics_v2.parquet,374e15163c404aa19bf8453d170490862689d4b0db1c5d34b0e6dea8f075e1b8,5
target_centrality,T:2591049,0.0,cnes,B,2023,aim3_target_metrics_v2.parquet,374e15163c404aa19bf8453d170490862689d4b0db1c5d34b0e6dea8f075e1b8,<5
target_centrality,T:2600536,0.0,cnes,B,2023,aim3_target_metrics_v2.parquet,374e15163c404aa19bf8453d170490862689d4b0db1c5d34b0e6dea8f075e1b8,<5
target_centrality,T:2646536,12006.0,cnes,B,2023,aim3_target_metrics_v2.parquet,374e15163c404aa19bf8453d170490862689d4b0db1c5d34b0e6dea8f075e1b8,15
target_centrality,T:2653982,0.0,cnes,B,2023,aim3_target_metrics_v2.parquet,374e15163c404aa19bf8453d170490862689d4b0db1c5d34b0e6dea8f075e1b8,<5
target_centrality,T:2686953,12574.0,cnes,B,2023,aim3_target_metrics_v2.parquet,374e15163c404aa19bf8453d170490862689d4b0db1c5d34b0e6dea8f075e1b8,20
target_centrality,T:2688689,1338.0,cnes,B,2023,aim3_target_metrics_v2.parquet,374e15163c404aa19bf8453d170490862689d4b0db1c5d34b0e6dea8f075e1b8,51
target_centrality,T:2691841,4010.0,cnes,B,2023,aim3_target_metrics_v2.parquet,374e15163c404aa19bf8453d170490862689d4b0db1c5d34b0e6dea8f075e1b8,32
target_centrality,T:2704900,27081.0,cnes,B,2023,aim3_target_metrics_v2.parquet,374e15163c404aa19bf8453d170490862689d4b0db1c5d34b0e6dea8f075e1b8,29
target_centrality,T:2705982,21.0,cnes,B,2023,aim3_target_metrics_v2.parquet,374e15163c404aa19bf8453d170490862689d4b0db1c5d34b0e6dea8f075e1b8,37
target_centrality,T:2707675,0.0,cnes,B,2023,aim3_target_metrics_v2.parquet,374e15163c404aa19bf8453d170490862689d4b0db1c5d34b0e6dea8f075e1b8,9
target_centrality,T:2708779,0.0,cnes,B,2023,aim3_target_metrics_v2.parquet,374e15163c404aa19bf8453d170490862689d4b0db1c5d34b0e6dea8f075e1b8,<5
target_centrality,T:2726653,0.0,cnes,B,2023,aim3_target_metrics_v2.parquet,374e15163c404aa19bf8453d170490862689d4b0db1c5d34b0e6dea8f075e1b8,<5
target_centrality,T:2726971,154.0,cnes,B,2023,aim3_target_metrics_v2.parquet,374e15163c404aa19bf8453d170490862689d4b0db1c5d34b0e6dea8f075e1b8,24
target_centrality,T:2733307,0.0,cnes,B,2023,aim3_target_metrics_v2.parquet,374e15163c404aa19bf8453d170490862689d4b0db1c5d34b0e6dea8f075e1b8,<5
target_centrality,T:2738309,1338.0,cnes,B,2023,aim3_target_metrics_v2.parquet,374e15163c404aa19bf8453d170490862689d4b0db1c5d34b0e6dea8f075e1b8,<5
target_centrality,T:2738368,14660.5,cnes,B,2023,aim3_target_metrics_v2.parquet,374e15163c404aa19bf8453d170490862689d4b0db1c5d34b0e6dea8f075e1b8,32
target_centrality,T:2748029,6212.583333333333,cnes,B,2023,aim3_target_metrics_v2.parquet,374e15163c404aa19bf8453d170490862689d4b0db1c5d34b0e6dea8f075e1b8,<5
target_centrality,T:2748223,6680.0,cnes,B,2023,aim3_target_metrics_v2.parquet,374e15163c404aa19bf8453d170490862689d4b0db1c5d34b0e6dea8f075e1b8,23
target_centrality,T:2752700,60.0,cnes,B,2023,aim3_target_metrics_v2.parquet,374e15163c404aa19bf8453d170490862689d4b0db1c5d34b0e6dea8f075e1b8,10
target_centrality,T:2755130,297.0,cnes,B,2023,aim3_target_metrics_v2.parquet,374e15163c404aa19bf8453d170490862689d4b0db1c5d34b0e6dea8f075e1b8,78
target_centrality,T:2756951,0.0,cnes,B,2023,aim3_target_metrics_v2.parquet,374e15163c404aa19bf8453d170490862689d4b0db1c5d34b0e6dea8f075e1b8,7
target_centrality,T:2758164,3340.0,cnes,B,2023,aim3_target_metrics_v2.parquet,374e15163c404aa19bf8453d170490862689d4b0db1c5d34b0e6dea8f075e1b8,5
target_centrality,T:2761092,0.0,cnes,B,2023,aim3_target_metrics_v2.parquet,374e15163c404aa19bf8453d170490862689d4b0db1c5d34b0e6dea8f075e1b8,<5
target_centrality,T:2767953,0.0,cnes,B,2023,aim3_target_metrics_v2.parquet,374e15163c404aa19bf8453d170490862689d4b0db1c5d34b0e6dea8f075e1b8,<5
target_centrality,T:2772310,1338.0,cnes,B,2023,aim3_target_metrics_v2.parquet,374e15163c404aa19bf8453d170490862689d4b0db1c5d34b0e6dea8f075e1b8,11
target_centrality,T:2775999,1.0,cnes,B,2023,aim3_target_metrics_v2.parquet,374e15163c404aa19bf8453d170490862689d4b0db1c5d34b0e6dea8f075e1b8,<5
target_centrality,T:2781859,20438.0,cnes,B,2023,aim3_target_metrics_v2.parquet,374e15163c404aa19bf8453d170490862689d4b0db1c5d34b0e6dea8f075e1b8,47
target_centrality,T:2786117,55.0,cnes,B,2023,aim3_target_metrics_v2.parquet,374e15163c404aa19bf8453d170490862689d4b0db1c5d34b0e6dea8f075e1b8,21
target_centrality,T:2786435,140419.0,cnes,B,2023,aim3_target_metrics_v2.parquet,374e15163c404aa19bf8453d170490862689d4b0db1c5d34b0e6dea8f075e1b8,42
target_centrality,T:2790602,385.0,cnes,B,2023,aim3_target_metrics_v2.parquet,374e15163c404aa19bf8453d170490862689d4b0db1c5d34b0e6dea8f075e1b8,90
target_centrality,T:2791722,130.0,cnes,B,2023,aim3_target_metrics_v2.parquet,374e15163c404aa19bf8453d170490862689d4b0db1c5d34b0e6dea8f075e1b8,21
target_centrality,T:2792168,0.0,cnes,B,2023,aim3_target_metrics_v2.parquet,374e15163c404aa19bf8453d170490862689d4b0db1c5d34b0e6dea8f075e1b8,6
target_centrality,T:2792176,1345.0,cnes,B,2023,aim3_target_metrics_v2.parquet,374e15163c404aa19bf8453d170490862689d4b0db1c5d34b0e6dea8f075e1b8,12
target_centrality,T:2795655,1319.5,cnes,B,2023,aim3_target_metrics_v2.parquet,374e15163c404aa19bf8453d170490862689d4b0db1c5d34b0e6dea8f075e1b8,15
target_centrality,T:2798298,0.0,cnes,B,2023,aim3_target_metrics_v2.parquet,374e15163c404aa19bf8453d170490862689d4b0db1c5d34b0e6dea8f075e1b8,20
target_centrality,T:2798484,0.0,cnes,B,2023,aim3_target_metrics_v2.parquet,374e15163c404aa19bf8453d170490862689d4b0db1c5d34b0e6dea8f075e1b8,<5
target_centrality,T:2798662,6.0,cnes,B,2023,aim3_target_metrics_v2.parquet,374e15163c404aa19bf8453d170490862689d4b0db1c5d34b0e6dea8f075e1b8,22
target_centrality,T:2799758,6681.5,cnes,B,2023,aim3_target_metrics_v2.parquet,374e15163c404aa19bf8453d170490862689d4b0db1c5d34b0e6dea8f075e1b8,31
target_centrality,T:2802783,367949.0,cnes,B,2023,aim3_target_metrics_v2.parquet,374e15163c404aa19bf8453d170490862689d4b0db1c5d34b0e6dea8f075e1b8,234
target_centrality,T:2816210,138.0,cnes,B,2023,aim3_target_metrics_v2.parquet,374e15163c404aa19bf8453d170490862689d4b0db1c5d34b0e6dea8f075e1b8,10
target_centrality,T:2945622,1231.0,cnes,B,2023,aim3_target_metrics_v2.parquet,374e15163c404aa19bf8453d170490862689d4b0db1c5d34b0e6dea8f075e1b8,18
target_centrality,T:3126838,14604.083333333334,cnes,B,2023,aim3_target_metrics_v2.parquet,374e15163c404aa19bf8453d170490862689d4b0db1c5d34b0e6dea8f075e1b8,20
target_centrality,T:3157245,23260.0,cnes,B,2023,aim3_target_metrics_v2.parquet,374e15163c404aa19bf8453d170490862689d4b0db1c5d34b0e6dea8f075e1b8,56
target_centrality,T:3212130,0.0,cnes,B,2023,aim3_target_metrics_v2.parquet,374e15163c404aa19bf8453d170490862689d4b0db1c5d34b0e6dea8f075e1b8,<5
target_centrality,T:3285391,112.0,cnes,B,2023,aim3_target_metrics_v2.parquet,374e15163c404aa19bf8453d170490862689d4b0db1c5d34b0e6dea8f075e1b8,27
target_centrality,T:3972925,0.0,cnes,B,2023,aim3_target_metrics_v2.parquet,374e15163c404aa19bf8453d170490862689d4b0db1c5d34b0e6dea8f075e1b8,<5
target_centrality,T:4001303,3.0,cnes,B,2023,aim3_target_metrics_v2.parquet,374e15163c404aa19bf8453d170490862689d4b0db1c5d34b0e6dea8f075e1b8,<5
target_centrality,T:4028155,343617.0,cnes,B,2023,aim3_target_metrics_v2.parquet,374e15163c404aa19bf8453d170490862689d4b0db1c5d34b0e6dea8f075e1b8,5
target_centrality,T:4044916,403.0,cnes,B,2023,aim3_target_metrics_v2.parquet,374e15163c404aa19bf8453d170490862689d4b0db1c5d34b0e6dea8f075e1b8,78
target_centrality,T:4190203,0.0,cnes,B,2023,aim3_target_metrics_v2.parquet,374e15163c404aa19bf8453d170490862689d4b0db1c5d34b0e6dea8f075e1b8,<5
target_centrality,T:5061989,5.0,cnes,B,2023,aim3_target_metrics_v2.parquet,374e15163c404aa19bf8453d170490862689d4b0db1c5d34b0e6dea8f075e1b8,12
target_centrality,T:5200105,0.0,cnes,B,2023,aim3_target_metrics_v2.parquet,374e15163c404aa19bf8453d170490862689d4b0db1c5d34b0e6dea8f075e1b8,20
target_centrality,T:5412447,4010.0,cnes,B,2023,aim3_target_metrics_v2.parquet,374e15163c404aa19bf8453d170490862689d4b0db1c5d34b0e6dea8f075e1b8,30
target_centrality,T:5585422,10.0,cnes,B,2023,aim3_target_metrics_v2.parquet,374e15163c404aa19bf8453d170490862689d4b0db1c5d34b0e6dea8f075e1b8,31
target_centrality,T:5597501,3.0,cnes,B,2023,aim3_target_metrics_v2.parquet,374e15163c404aa19bf8453d170490862689d4b0db1c5d34b0e6dea8f075e1b8,12
target_centrality,T:5860490,9.0,cnes,B,2023,aim3_target_metrics_v2.parquet,374e15163c404aa19bf8453d170490862689d4b0db1c5d34b0e6dea8f075e1b8,<5
target_centrality,T:6007317,0.0,cnes,B,2023,aim3_target_metrics_v2.parquet,374e15163c404aa19bf8453d170490862689d4b0db1c5d34b0e6dea8f075e1b8,<5
target_centrality,T:6085423,127.5,cnes,B,2023,aim3_target_metrics_v2.parquet,374e15163c404aa19bf8453d170490862689d4b0db1c5d34b0e6dea8f075e1b8,7
target_centrality,T:6095666,2673.0,cnes,B,2023,aim3_target_metrics_v2.parquet,374e15163c404aa19bf8453d170490862689d4b0db1c5d34b0e6dea8f075e1b8,43
target_centrality,T:6123740,0.0,cnes,B,2023,aim3_target_metrics_v2.parquet,374e15163c404aa19bf8453d170490862689d4b0db1c5d34b0e6dea8f075e1b8,<5
target_centrality,T:6542638,27.0,cnes,B,2023,aim3_target_metrics_v2.parquet,374e15163c404aa19bf8453d170490862689d4b0db1c5d34b0e6dea8f075e1b8,<5
target_centrality,T:6595197,4011.0,cnes,B,2023,aim3_target_metrics_v2.parquet,374e15163c404aa19bf8453d170490862689d4b0db1c5d34b0e6dea8f075e1b8,20
target_centrality,T:6601804,0.0,cnes,B,2023,aim3_target_metrics_v2.parquet,374e15163c404aa19bf8453d170490862689d4b0db1c5d34b0e6dea8f075e1b8,6
target_centrality,T:6665322,1640.0,cnes,B,2023,aim3_target_metrics_v2.parquet,374e15163c404aa19bf8453d170490862689d4b0db1c5d34b0e6dea8f075e1b8,80
target_centrality,T:6756107,247163.0,cnes,B,2023,aim3_target_metrics_v2.parquet,374e15163c404aa19bf8453d170490862689d4b0db1c5d34b0e6dea8f075e1b8,595
target_centrality,T:6779522,1338.0,cnes,B,2023,aim3_target_metrics_v2.parquet,374e15163c404aa19bf8453d170490862689d4b0db1c5d34b0e6dea8f075e1b8,5
target_centrality,T:6848710,12005.5,cnes,B,2023,aim3_target_metrics_v2.parquet,374e15163c404aa19bf8453d170490862689d4b0db1c5d34b0e6dea8f075e1b8,22
target_centrality,T:6878687,2680.0,cnes,B,2023,aim3_target_metrics_v2.parquet,374e15163c404aa19bf8453d170490862689d4b0db1c5d34b0e6dea8f075e1b8,13
target_centrality,T:7257406,393.0,cnes,B,2023,aim3_target_metrics_v2.parquet,374e15163c404aa19bf8453d170490862689d4b0db1c5d34b0e6dea8f075e1b8,75
target_centrality,T:7283458,0.0,cnes,B,2023,aim3_target_metrics_v2.parquet,374e15163c404aa19bf8453d170490862689d4b0db1c5d34b0e6dea8f075e1b8,<5
target_centrality,T:7354746,1.0,cnes,B,2023,aim3_target_metrics_v2.parquet,374e15163c404aa19bf8453d170490862689d4b0db1c5d34b0e6dea8f075e1b8,<5
target_centrality,T:7373465,0.0,cnes,B,2023,aim3_target_metrics_v2.parquet,374e15163c404aa19bf8453d170490862689d4b0db1c5d34b0e6dea8f075e1b8,22
target_centrality,T:7498810,93656.5,cnes,B,2023,aim3_target_metrics_v2.parquet,374e15163c404aa19bf8453d170490862689d4b0db1c5d34b0e6dea8f075e1b8,234
target_centrality,T:7513151,14.33333333333333,cnes,B,2023,aim3_target_metrics_v2.parquet,374e15163c404aa19bf8453d170490862689d4b0db1c5d34b0e6dea8f075e1b8,<5
target_centrality,T:7564546,1339.5,cnes,B,2023,aim3_target_metrics_v2.parquet,374e15163c404aa19bf8453d170490862689d4b0db1c5d34b0e6dea8f075e1b8,32
target_centrality,T:7573162,0.0,cnes,B,2023,aim3_target_metrics_v2.parquet,374e15163c404aa19bf8453d170490862689d4b0db1c5d34b0e6dea8f075e1b8,<5
target_centrality,T:7743068,697.5,cnes,B,2023,aim3_target_metrics_v2.parquet,374e15163c404aa19bf8453d170490862689d4b0db1c5d34b0e6dea8f075e1b8,45
target_centrality,T:7866801,53959.5,cnes,B,2023,aim3_target_metrics_v2.parquet,374e15163c404aa19bf8453d170490862689d4b0db1c5d34b0e6dea8f075e1b8,95
target_centrality,T:7967012,59.0,cnes,B,2023,aim3_target_metrics_v2.parquet,374e15163c404aa19bf8453d170490862689d4b0db1c5d34b0e6dea8f075e1b8,7
target_centrality,T:9065768,15.0,cnes,B,2023,aim3_target_metrics_v2.parquet,374e15163c404aa19bf8453d170490862689d4b0db1c5d34b0e6dea8f075e1b8,7
target_centrality,T:9074457,0.0,cnes,B,2023,aim3_target_metrics_v2.parquet,374e15163c404aa19bf8453d170490862689d4b0db1c5d34b0e6dea8f075e1b8,<5
target_centrality,T:9209352,1065.0,cnes,B,2023,aim3_target_metrics_v2.parquet,374e15163c404aa19bf8453d170490862689d4b0db1c5d34b0e6dea8f075e1b8,44
target_centrality,T:9388133,8010.0,cnes,B,2023,aim3_target_metrics_v2.parquet,374e15163c404aa19bf8453d170490862689d4b0db1c5d34b0e6dea8f075e1b8,15
target_centrality,T:9425802,10655.0,cnes,B,2023,aim3_target_metrics_v2.parquet,374e15163c404aa19bf8453d170490862689d4b0db1c5d34b0e6dea8f075e1b8,<5
target_centrality,T:9443665,5383.5,cnes,B,2023,aim3_target_metrics_v2.parquet,374e15163c404aa19bf8453d170490862689d4b0db1c5d34b0e6dea8f075e1b8,90
target_centrality,T:9465464,3995.0,cnes,B,2023,aim3_target_metrics_v2.parquet,374e15163c404aa19bf8453d170490862689d4b0db1c5d34b0e6dea8f075e1b8,17
target_centrality,T:9491112,9347.833333333334,cnes,B,2023,aim3_target_metrics_v2.parquet,374e15163c404aa19bf8453d170490862689d4b0db1c5d34b0e6dea8f075e1b8,27
target_centrality,T:9491252,14549.916666666668,cnes,B,2023,aim3_target_metrics_v2.parquet,374e15163c404aa19bf8453d170490862689d4b0db1c5d34b0e6dea8f075e1b8,15
target_centrality,T:9543856,5346.0,cnes,B,2023,aim3_target_metrics_v2.parquet,374e15163c404aa19bf8453d170490862689d4b0db1c5d34b0e6dea8f075e1b8,7
target_centrality,T:9556095,21.0,cnes,B,2023,aim3_target_metrics_v2.parquet,374e15163c404aa19bf8453d170490862689d4b0db1c5d34b0e6dea8f075e1b8,9
target_centrality,T:9575936,53973.0,cnes,B,2023,aim3_target_metrics_v2.parquet,374e15163c404aa19bf8453d170490862689d4b0db1c5d34b0e6dea8f075e1b8,77
target_centrality,T:9680977,0.0,cnes,B,2023,aim3_target_metrics_v2.parquet,374e15163c404aa19bf8453d170490862689d4b0db1c5d34b0e6dea8f075e1b8,<5
target_centrality,T:9841903,0.0,cnes,B,2023,aim3_target_metrics_v2.parquet,374e15163c404aa19bf8453d170490862689d4b0db1c5d34b0e6dea8f075e1b8,<5
target_centrality,T:0000396,4652.5,cnes,B,2024,aim3_target_metrics_v2.parquet,374e15163c404aa19bf8453d170490862689d4b0db1c5d34b0e6dea8f075e1b8,8
target_centrality,T:0000418,587983.0,cnes,B,2024,aim3_target_metrics_v2.parquet,374e15163c404aa19bf8453d170490862689d4b0db1c5d34b0e6dea8f075e1b8,31
target_centrality,T:0000426,20628.5,cnes,B,2024,aim3_target_metrics_v2.parquet,374e15163c404aa19bf8453d170490862689d4b0db1c5d34b0e6dea8f075e1b8,151
target_centrality,T:0000434,3475.5,cnes,B,2024,aim3_target_metrics_v2.parquet,374e15163c404aa19bf8453d170490862689d4b0db1c5d34b0e6dea8f075e1b8,19
target_centrality,T:0000477,30720.0,cnes,B,2024,aim3_target_metrics_v2.parquet,374e15163c404aa19bf8453d170490862689d4b0db1c5d34b0e6dea8f075e1b8,29
target_centrality,T:0000655,25756.5,cnes,B,2024,aim3_target_metrics_v2.parquet,374e15163c404aa19bf8453d170490862689d4b0db1c5d34b0e6dea8f075e1b8,32
target_centrality,T:0002283,53863.5,cnes,B,2024,aim3_target_metrics_v2.parquet,374e15163c404aa19bf8453d170490862689d4b0db1c5d34b0e6dea8f075e1b8,47
target_centrality,T:0003816,3205.0,cnes,B,2024,aim3_target_metrics_v2.parquet,374e15163c404aa19bf8453d170490862689d4b0db1c5d34b0e6dea8f075e1b8,7
target_centrality,T:0003859,392053.5,cnes,B,2024,aim3_target_metrics_v2.parquet,374e15163c404aa19bf8453d170490862689d4b0db1c5d34b0e6dea8f075e1b8,357
target_centrality,T:0004251,0.0,cnes,B,2024,aim3_target_metrics_v2.parquet,374e15163c404aa19bf8453d170490862689d4b0db1c5d34b0e6dea8f075e1b8,<5
target_centrality,T:0008052,0.0,cnes,B,2024,aim3_target_metrics_v2.parquet,374e15163c404aa19bf8453d170490862689d4b0db1c5d34b0e6dea8f075e1b8,6
target_centrality,T:0009628,0.0,cnes,B,2024,aim3_target_metrics_v2.parquet,374e15163c404aa19bf8453d170490862689d4b0db1c5d34b0e6dea8f075e1b8,22
target_centrality,T:0009717,239199.0,cnes,B,2024,aim3_target_metrics_v2.parquet,374e15163c404aa19bf8453d170490862689d4b0db1c5d34b0e6dea8f075e1b8,18
target_centrality,T:0009725,230383.0,cnes,B,2024,aim3_target_metrics_v2.parquet,374e15163c404aa19bf8453d170490862689d4b0db1c5d34b0e6dea8f075e1b8,36
target_centrality,T:0010456,625112.0,cnes,B,2024,aim3_target_metrics_v2.parquet,374e15163c404aa19bf8453d170490862689d4b0db1c5d34b0e6dea8f075e1b8,26
target_centrality,T:0010499,7901.0,cnes,B,2024,aim3_target_metrics_v2.parquet,374e15163c404aa19bf8453d170490862689d4b0db1c5d34b0e6dea8f075e1b8,34
target_centrality,T:0010502,0.0,cnes,B,2024,aim3_target_metrics_v2.parquet,374e15163c404aa19bf8453d170490862689d4b0db1c5d34b0e6dea8f075e1b8,<5
target_centrality,T:0010510,1603.0,cnes,B,2024,aim3_target_metrics_v2.parquet,374e15163c404aa19bf8453d170490862689d4b0db1c5d34b0e6dea8f075e1b8,<5
target_centrality,T:0011746,7986.5,cnes,B,2024,aim3_target_metrics_v2.parquet,374e15163c404aa19bf8453d170490862689d4b0db1c5d34b0e6dea8f075e1b8,22
target_centrality,T:0012505,67.0,cnes,B,2024,aim3_target_metrics_v2.parquet,374e15163c404aa19bf8453d170490862689d4b0db1c5d34b0e6dea8f075e1b8,5
target_centrality,T:0013633,3251.5,cnes,B,2024,aim3_target_metrics_v2.parquet,374e15163c404aa19bf8453d170490862689d4b0db1c5d34b0e6dea8f075e1b8,9
target_centrality,T:0014109,17578.0,cnes,B,2024,aim3_target_metrics_v2.parquet,374e15163c404aa19bf8453d170490862689d4b0db1c5d34b0e6dea8f075e1b8,23
target_centrality,T:0015245,3205.0,cnes,B,2024,aim3_target_metrics_v2.parquet,374e15163c404aa19bf8453d170490862689d4b0db1c5d34b0e6dea8f075e1b8,17
target_centrality,T:0015407,0.0,cnes,B,2024,aim3_target_metrics_v2.parquet,374e15163c404aa19bf8453d170490862689d4b0db1c5d34b0e6dea8f075e1b8,5
target_centrality,T:0015423,18895.0,cnes,B,2024,aim3_target_metrics_v2.parquet,374e15163c404aa19bf8453d170490862689d4b0db1c5d34b0e6dea8f075e1b8,6
target_centrality,T:0015644,1.0,cnes,B,2024,aim3_target_metrics_v2.parquet,374e15163c404aa19bf8453d170490862689d4b0db1c5d34b0e6dea8f075e1b8,<5
target_centrality,T:0027014,136785.5,cnes,B,2024,aim3_target_metrics_v2.parquet,374e15163c404aa19bf8453d170490862689d4b0db1c5d34b0e6dea8f075e1b8,56
target_centrality,T:0027022,0.0,cnes,B,2024,aim3_target_metrics_v2.parquet,374e15163c404aa19bf8453d170490862689d4b0db1c5d34b0e6dea8f075e1b8,10
target_centrality,T:0027049,8005.0,cnes,B,2024,aim3_target_metrics_v2.parquet,374e15163c404aa19bf8453d170490862689d4b0db1c5d34b0e6dea8f075e1b8,20
target_centrality,T:0027863,2.0,cnes,B,2024,aim3_target_metrics_v2.parquet,374e15163c404aa19bf8453d170490862689d4b0db1c5d34b0e6dea8f075e1b8,14
target_centrality,T:0086673,1603.0,cnes,B,2024,aim3_target_metrics_v2.parquet,374e15163c404aa19bf8453d170490862689d4b0db1c5d34b0e6dea8f075e1b8,15
target_centrality,T:0092894,0.0,cnes,B,2024,aim3_target_metrics_v2.parquet,374e15163c404aa19bf8453d170490862689d4b0db1c5d34b0e6dea8f075e1b8,<5
target_centrality,T:0102105,0.0,cnes,B,2024,aim3_target_metrics_v2.parquet,374e15163c404aa19bf8453d170490862689d4b0db1c5d34b0e6dea8f075e1b8,<5
target_centrality,T:0136581,20762.0,cnes,B,2024,aim3_target_metrics_v2.parquet,374e15163c404aa19bf8453d170490862689d4b0db1c5d34b0e6dea8f075e1b8,36
target_centrality,T:0220027,0.0,cnes,B,2024,aim3_target_metrics_v2.parquet,374e15163c404aa19bf8453d170490862689d4b0db1c5d34b0e6dea8f075e1b8,<5
target_centrality,T:0220337,155.0,cnes,B,2024,aim3_target_metrics_v2.parquet,374e15163c404aa19bf8453d170490862689d4b0db1c5d34b0e6dea8f075e1b8,18
target_centrality,T:0226491,12813.0,cnes,B,2024,aim3_target_metrics_v2.parquet,374e15163c404aa19bf8453d170490862689d4b0db1c5d34b0e6dea8f075e1b8,23
target_centrality,T:0547484,3205.0,cnes,B,2024,aim3_target_metrics_v2.parquet,374e15163c404aa19bf8453d170490862689d4b0db1c5d34b0e6dea8f075e1b8,<5
target_centrality,T:2013649,13.0,cnes,B,2024,aim3_target_metrics_v2.parquet,374e15163c404aa19bf8453d170490862689d4b0db1c5d34b0e6dea8f075e1b8,29
target_centrality,T:2020890,10.0,cnes,B,2024,aim3_target_metrics_v2.parquet,374e15163c404aa19bf8453d170490862689d4b0db1c5d34b0e6dea8f075e1b8,53
target_centrality,T:2024691,9603.0,cnes,B,2024,aim3_target_metrics_v2.parquet,374e15163c404aa19bf8453d170490862689d4b0db1c5d34b0e6dea8f075e1b8,38
target_centrality,T:2025507,19167.0,cnes,B,2024,aim3_target_metrics_v2.parquet,374e15163c404aa19bf8453d170490862689d4b0db1c5d34b0e6dea8f075e1b8,25
target_centrality,T:2025752,2.0,cnes,B,2024,aim3_target_metrics_v2.parquet,374e15163c404aa19bf8453d170490862689d4b0db1c5d34b0e6dea8f075e1b8,41
target_centrality,T:2066092,0.0,cnes,B,2024,aim3_target_metrics_v2.parquet,374e15163c404aa19bf8453d170490862689d4b0db1c5d34b0e6dea8f075e1b8,75
target_centrality,T:2076926,0.0,cnes,B,2024,aim3_target_metrics_v2.parquet,374e15163c404aa19bf8453d170490862689d4b0db1c5d34b0e6dea8f075e1b8,<5
target_centrality,T:2077396,1530.0,cnes,B,2024,aim3_target_metrics_v2.parquet,374e15163c404aa19bf8453d170490862689d4b0db1c5d34b0e6dea8f075e1b8,106
target_centrality,T:2077477,0.0,cnes,B,2024,aim3_target_metrics_v2.parquet,374e15163c404aa19bf8453d170490862689d4b0db1c5d34b0e6dea8f075e1b8,5
target_centrality,T:2077485,1603.0,cnes,B,2024,aim3_target_metrics_v2.parquet,374e15163c404aa19bf8453d170490862689d4b0db1c5d34b0e6dea8f075e1b8,17
target_centrality,T:2077523,0.0,cnes,B,2024,aim3_target_metrics_v2.parquet,374e15163c404aa19bf8453d170490862689d4b0db1c5d34b0e6dea8f075e1b8,<5
target_centrality,T:2077531,0.0,cnes,B,2024,aim3_target_metrics_v2.parquet,374e15163c404aa19bf8453d170490862689d4b0db1c5d34b0e6dea8f075e1b8,<5
target_centrality,T:2077574,0.0,cnes,B,2024,aim3_target_metrics_v2.parquet,374e15163c404aa19bf8453d170490862689d4b0db1c5d34b0e6dea8f075e1b8,5
target_centrality,T:2078015,779503.3333333334,cnes,B,2024,aim3_target_metrics_v2.parquet,374e15163c404aa19bf8453d170490862689d4b0db1c5d34b0e6dea8f075e1b8,499
target_centrality,T:2078562,2.5,cnes,B,2024,aim3_target_metrics_v2.parquet,374e15163c404aa19bf8453d170490862689d4b0db1c5d34b0e6dea8f075e1b8,11
target_centrality,T:2078775,1.0,cnes,B,2024,aim3_target_metrics_v2.parquet,374e15163c404aa19bf8453d170490862689d4b0db1c5d34b0e6dea8f075e1b8,7
target_centrality,T:2079720,3205.0,cnes,B,2024,aim3_target_metrics_v2.parquet,374e15163c404aa19bf8453d170490862689d4b0db1c5d34b0e6dea8f075e1b8,37
target_centrality,T:2079798,30858.5,cnes,B,2024,aim3_target_metrics_v2.parquet,374e15163c404aa19bf8453d170490862689d4b0db1c5d34b0e6dea8f075e1b8,89
target_centrality,T:2079828,3205.5,cnes,B,2024,aim3_target_metrics_v2.parquet,374e15163c404aa19bf8453d170490862689d4b0db1c5d34b0e6dea8f075e1b8,47
target_centrality,T:2079917,0.0,cnes,B,2024,aim3_target_metrics_v2.parquet,374e15163c404aa19bf8453d170490862689d4b0db1c5d34b0e6dea8f075e1b8,<5
target_centrality,T:2080338,967.0,cnes,B,2024,aim3_target_metrics_v2.parquet,374e15163c404aa19bf8453d170490862689d4b0db1c5d34b0e6dea8f075e1b8,31
target_centrality,T:2080346,0.0,cnes,B,2024,aim3_target_metrics_v2.parquet,374e15163c404aa19bf8453d170490862689d4b0db1c5d34b0e6dea8f075e1b8,17
target_centrality,T:2080354,0.0,cnes,B,2024,aim3_target_metrics_v2.parquet,374e15163c404aa19bf8453d170490862689d4b0db1c5d34b0e6dea8f075e1b8,<5
target_centrality,T:2080400,1603.0,cnes,B,2024,aim3_target_metrics_v2.parquet,374e15163c404aa19bf8453d170490862689d4b0db1c5d34b0e6dea8f075e1b8,<5
target_centrality,T:2080532,387.0,cnes,B,2024,aim3_target_metrics_v2.parquet,374e15163c404aa19bf8453d170490862689d4b0db1c5d34b0e6dea8f075e1b8,15
target_centrality,T:2080931,4806.0,cnes,B,2024,aim3_target_metrics_v2.parquet,374e15163c404aa19bf8453d170490862689d4b0db1c5d34b0e6dea8f075e1b8,17
target_centrality,T:2081253,0.0,cnes,B,2024,aim3_target_metrics_v2.parquet,374e15163c404aa19bf8453d170490862689d4b0db1c5d34b0e6dea8f075e1b8,<5
target_centrality,T:2081377,0.0,cnes,B,2024,aim3_target_metrics_v2.parquet,374e15163c404aa19bf8453d170490862689d4b0db1c5d34b0e6dea8f075e1b8,<5
target_centrality,T:2081458,4806.0,cnes,B,2024,aim3_target_metrics_v2.parquet,374e15163c404aa19bf8453d170490862689d4b0db1c5d34b0e6dea8f075e1b8,41
target_centrality,T:2081512,0.0,cnes,B,2024,aim3_target_metrics_v2.parquet,374e15163c404aa19bf8453d170490862689d4b0db1c5d34b0e6dea8f075e1b8,<5
target_centrality,T:2081695,30235.166666666668,cnes,B,2024,aim3_target_metrics_v2.parquet,374e15163c404aa19bf8453d170490862689d4b0db1c5d34b0e6dea8f075e1b8,52
target_centrality,T:2082187,100255.0,cnes,B,2024,aim3_target_metrics_v2.parquet,374e15163c404aa19bf8453d170490862689d4b0db1c5d34b0e6dea8f075e1b8,59
target_centrality,T:2082527,1603.0,cnes,B,2024,aim3_target_metrics_v2.parquet,374e15163c404aa19bf8453d170490862689d4b0db1c5d34b0e6dea8f075e1b8,6
target_centrality,T:2082594,0.0,cnes,B,2024,aim3_target_metrics_v2.parquet,374e15163c404aa19bf8453d170490862689d4b0db1c5d34b0e6dea8f075e1b8,8
target_centrality,T:2082861,1603.0,cnes,B,2024,aim3_target_metrics_v2.parquet,374e15163c404aa19bf8453d170490862689d4b0db1c5d34b0e6dea8f075e1b8,11
target_centrality,T:2083094,11200.0,cnes,B,2024,aim3_target_metrics_v2.parquet,374e15163c404aa19bf8453d170490862689d4b0db1c5d34b0e6dea8f075e1b8,12
target_centrality,T:2087057,1603.0,cnes,B,2024,aim3_target_metrics_v2.parquet,374e15163c404aa19bf8453d170490862689d4b0db1c5d34b0e6dea8f075e1b8,23
target_centrality,T:2087103,0.0,cnes,B,2024,aim3_target_metrics_v2.parquet,374e15163c404aa19bf8453d170490862689d4b0db1c5d34b0e6dea8f075e1b8,<5
target_centrality,T:2087111,1603.0,cnes,B,2024,aim3_target_metrics_v2.parquet,374e15163c404aa19bf8453d170490862689d4b0db1c5d34b0e6dea8f075e1b8,<5
target_centrality,T:2088576,0.0,cnes,B,2024,aim3_target_metrics_v2.parquet,374e15163c404aa19bf8453d170490862689d4b0db1c5d34b0e6dea8f075e1b8,<5
target_centrality,T:2089327,321.0,cnes,B,2024,aim3_target_metrics_v2.parquet,374e15163c404aa19bf8453d170490862689d4b0db1c5d34b0e6dea8f075e1b8,18
target_centrality,T:2090236,360.0,cnes,B,2024,aim3_target_metrics_v2.parquet,374e15163c404aa19bf8453d170490862689d4b0db1c5d34b0e6dea8f075e1b8,<5
target_centrality,T:2092611,165.0,cnes,B,2024,aim3_target_metrics_v2.parquet,374e15163c404aa19bf8453d170490862689d4b0db1c5d34b0e6dea8f075e1b8,13
target_centrality,T:2096412,1.0,cnes,B,2024,aim3_target_metrics_v2.parquet,374e15163c404aa19bf8453d170490862689d4b0db1c5d34b0e6dea8f075e1b8,14
target_centrality,T:2100754,0.0,cnes,B,2024,aim3_target_metrics_v2.parquet,374e15163c404aa19bf8453d170490862689d4b0db1c5d34b0e6dea8f075e1b8,<5
target_centrality,T:2105780,0.0,cnes,B,2024,aim3_target_metrics_v2.parquet,374e15163c404aa19bf8453d170490862689d4b0db1c5d34b0e6dea8f075e1b8,<5
target_centrality,T:2109867,8005.0,cnes,B,2024,aim3_target_metrics_v2.parquet,374e15163c404aa19bf8453d170490862689d4b0db1c5d34b0e6dea8f075e1b8,26
target_centrality,T:2111624,187.5,cnes,B,2024,aim3_target_metrics_v2.parquet,374e15163c404aa19bf8453d170490862689d4b0db1c5d34b0e6dea8f075e1b8,42
target_centrality,T:2118661,25528.0,cnes,B,2024,aim3_target_metrics_v2.parquet,374e15163c404aa19bf8453d170490862689d4b0db1c5d34b0e6dea8f075e1b8,42
target_centrality,T:2119528,0.0,cnes,B,2024,aim3_target_metrics_v2.parquet,374e15163c404aa19bf8453d170490862689d4b0db1c5d34b0e6dea8f075e1b8,<5
target_centrality,T:2124289,4806.0,cnes,B,2024,aim3_target_metrics_v2.parquet,374e15163c404aa19bf8453d170490862689d4b0db1c5d34b0e6dea8f075e1b8,10
target_centrality,T:2127989,31837.0,cnes,B,2024,aim3_target_metrics_v2.parquet,374e15163c404aa19bf8453d170490862689d4b0db1c5d34b0e6dea8f075e1b8,60
target_centrality,T:2129566,0.0,cnes,B,2024,aim3_target_metrics_v2.parquet,374e15163c404aa19bf8453d170490862689d4b0db1c5d34b0e6dea8f075e1b8,<5
target_centrality,T:2146355,87.0,cnes,B,2024,aim3_target_metrics_v2.parquet,374e15163c404aa19bf8453d170490862689d4b0db1c5d34b0e6dea8f075e1b8,47
target_centrality,T:2149990,50.0,cnes,B,2024,aim3_target_metrics_v2.parquet,374e15163c404aa19bf8453d170490862689d4b0db1c5d34b0e6dea8f075e1b8,15
target_centrality,T:2171945,90.0,cnes,B,2024,aim3_target_metrics_v2.parquet,374e15163c404aa19bf8453d170490862689d4b0db1c5d34b0e6dea8f075e1b8,23
target_centrality,T:2171988,0.0,cnes,B,2024,aim3_target_metrics_v2.parquet,374e15163c404aa19bf8453d170490862689d4b0db1c5d34b0e6dea8f075e1b8,<5
target_centrality,T:2195437,0.0,cnes,B,2024,aim3_target_metrics_v2.parquet,374e15163c404aa19bf8453d170490862689d4b0db1c5d34b0e6dea8f075e1b8,<5
target_centrality,T:2218798,150.5,cnes,B,2024,aim3_target_metrics_v2.parquet,374e15163c404aa19bf8453d170490862689d4b0db1c5d34b0e6dea8f075e1b8,30
target_centrality,T:2219646,0.0,cnes,B,2024,aim3_target_metrics_v2.parquet,374e15163c404aa19bf8453d170490862689d4b0db1c5d34b0e6dea8f075e1b8,<5
target_centrality,T:2219654,79.0,cnes,B,2024,aim3_target_metrics_v2.parquet,374e15163c404aa19bf8453d170490862689d4b0db1c5d34b0e6dea8f075e1b8,20
target_centrality,T:2223538,3205.0,cnes,B,2024,aim3_target_metrics_v2.parquet,374e15163c404aa19bf8453d170490862689d4b0db1c5d34b0e6dea8f075e1b8,21
target_centrality,T:2223546,0.0,cnes,B,2024,aim3_target_metrics_v2.parquet,374e15163c404aa19bf8453d170490862689d4b0db1c5d34b0e6dea8f075e1b8,6
target_centrality,T:2237253,189827.5,cnes,B,2024,aim3_target_metrics_v2.parquet,374e15163c404aa19bf8453d170490862689d4b0db1c5d34b0e6dea8f075e1b8,53
target_centrality,T:2237571,107648.0,cnes,B,2024,aim3_target_metrics_v2.parquet,374e15163c404aa19bf8453d170490862689d4b0db1c5d34b0e6dea8f075e1b8,111
target_centrality,T:2237601,34837.0,cnes,B,2024,aim3_target_metrics_v2.parquet,374e15163c404aa19bf8453d170490862689d4b0db1c5d34b0e6dea8f075e1b8,81
target_centrality,T:2244306,9604.0,cnes,B,2024,aim3_target_metrics_v2.parquet,374e15163c404aa19bf8453d170490862689d4b0db1c5d34b0e6dea8f075e1b8,48
target_centrality,T:2246929,4807.0,cnes,B,2024,aim3_target_metrics_v2.parquet,374e15163c404aa19bf8453d170490862689d4b0db1c5d34b0e6dea8f075e1b8,16
target_centrality,T:2246988,203490.0,cnes,B,2024,aim3_target_metrics_v2.parquet,374e15163c404aa19bf8453d170490862689d4b0db1c5d34b0e6dea8f075e1b8,10
target_centrality,T:2252295,0.0,cnes,B,2024,aim3_target_metrics_v2.parquet,374e15163c404aa19bf8453d170490862689d4b0db1c5d34b0e6dea8f075e1b8,<5
target_centrality,T:2252694,3.0,cnes,B,2024,aim3_target_metrics_v2.parquet,374e15163c404aa19bf8453d170490862689d4b0db1c5d34b0e6dea8f075e1b8,<5
target_centrality,T:2253046,0.0,cnes,B,2024,aim3_target_metrics_v2.parquet,374e15163c404aa19bf8453d170490862689d4b0db1c5d34b0e6dea8f075e1b8,5
target_centrality,T:2255936,0.0,cnes,B,2024,aim3_target_metrics_v2.parquet,374e15163c404aa19bf8453d170490862689d4b0db1c5d34b0e6dea8f075e1b8,18
target_centrality,T:2257645,15986.5,cnes,B,2024,aim3_target_metrics_v2.parquet,374e15163c404aa19bf8453d170490862689d4b0db1c5d34b0e6dea8f075e1b8,21
target_centrality,T:2262568,1603.0,cnes,B,2024,aim3_target_metrics_v2.parquet,374e15163c404aa19bf8453d170490862689d4b0db1c5d34b0e6dea8f075e1b8,11
target_centrality,T:2269384,15.0,cnes,B,2024,aim3_target_metrics_v2.parquet,374e15163c404aa19bf8453d170490862689d4b0db1c5d34b0e6dea8f075e1b8,13
target_centrality,T:2269481,358.0,cnes,B,2024,aim3_target_metrics_v2.parquet,374e15163c404aa19bf8453d170490862689d4b0db1c5d34b0e6dea8f075e1b8,84
target_centrality,T:2269775,0.0,cnes,B,2024,aim3_target_metrics_v2.parquet,374e15163c404aa19bf8453d170490862689d4b0db1c5d34b0e6dea8f075e1b8,<5
target_centrality,T:2269783,0.0,cnes,B,2024,aim3_target_metrics_v2.parquet,374e15163c404aa19bf8453d170490862689d4b0db1c5d34b0e6dea8f075e1b8,<5
target_centrality,T:2269880,94.0,cnes,B,2024,aim3_target_metrics_v2.parquet,374e15163c404aa19bf8453d170490862689d4b0db1c5d34b0e6dea8f075e1b8,12
target_centrality,T:2269988,0.0,cnes,B,2024,aim3_target_metrics_v2.parquet,374e15163c404aa19bf8453d170490862689d4b0db1c5d34b0e6dea8f075e1b8,<5
target_centrality,T:2270234,0.0,cnes,B,2024,aim3_target_metrics_v2.parquet,374e15163c404aa19bf8453d170490862689d4b0db1c5d34b0e6dea8f075e1b8,<5
target_centrality,T:2270269,0.0,cnes,B,2024,aim3_target_metrics_v2.parquet,374e15163c404aa19bf8453d170490862689d4b0db1c5d34b0e6dea8f075e1b8,<5
target_centrality,T:2270609,0.0,cnes,B,2024,aim3_target_metrics_v2.parquet,374e15163c404aa19bf8453d170490862689d4b0db1c5d34b0e6dea8f075e1b8,<5
target_centrality,T:2273411,0.0,cnes,B,2024,aim3_target_metrics_v2.parquet,374e15163c404aa19bf8453d170490862689d4b0db1c5d34b0e6dea8f075e1b8,12
target_centrality,T:2275562,35.0,cnes,B,2024,aim3_target_metrics_v2.parquet,374e15163c404aa19bf8453d170490862689d4b0db1c5d34b0e6dea8f075e1b8,53
target_centrality,T:2278855,0.0,cnes,B,2024,aim3_target_metrics_v2.parquet,374e15163c404aa19bf8453d170490862689d4b0db1c5d34b0e6dea8f075e1b8,<5
target_centrality,T:2280183,0.0,cnes,B,2024,aim3_target_metrics_v2.parquet,374e15163c404aa19bf8453d170490862689d4b0db1c5d34b0e6dea8f075e1b8,<5
target_centrality,T:2283395,0.0,cnes,B,2024,aim3_target_metrics_v2.parquet,374e15163c404aa19bf8453d170490862689d4b0db1c5d34b0e6dea8f075e1b8,10
target_centrality,T:2287250,1.0,cnes,B,2024,aim3_target_metrics_v2.parquet,374e15163c404aa19bf8453d170490862689d4b0db1c5d34b0e6dea8f075e1b8,6
target_centrality,T:2295415,31.0,cnes,B,2024,aim3_target_metrics_v2.parquet,374e15163c404aa19bf8453d170490862689d4b0db1c5d34b0e6dea8f075e1b8,29
target_centrality,T:2295423,0.0,cnes,B,2024,aim3_target_metrics_v2.parquet,374e15163c404aa19bf8453d170490862689d4b0db1c5d34b0e6dea8f075e1b8,<5
target_centrality,T:2298031,214.0,cnes,B,2024,aim3_target_metrics_v2.parquet,374e15163c404aa19bf8453d170490862689d4b0db1c5d34b0e6dea8f075e1b8,42
target_centrality,T:2301830,52462.0,cnes,B,2024,aim3_target_metrics_v2.parquet,374e15163c404aa19bf8453d170490862689d4b0db1c5d34b0e6dea8f075e1b8,57
target_centrality,T:2332981,0.0,cnes,B,2024,aim3_target_metrics_v2.parquet,374e15163c404aa19bf8453d170490862689d4b0db1c5d34b0e6dea8f075e1b8,<5
target_centrality,T:2333031,1603.0,cnes,B,2024,aim3_target_metrics_v2.parquet,374e15163c404aa19bf8453d170490862689d4b0db1c5d34b0e6dea8f075e1b8,6
target_centrality,T:2338424,1603.0,cnes,B,2024,aim3_target_metrics_v2.parquet,374e15163c404aa19bf8453d170490862689d4b0db1c5d34b0e6dea8f075e1b8,<5
target_centrality,T:2338734,14016.833333333332,cnes,B,2024,aim3_target_metrics_v2.parquet,374e15163c404aa19bf8453d170490862689d4b0db1c5d34b0e6dea8f075e1b8,34
target_centrality,T:2340194,0.0,cnes,B,2024,aim3_target_metrics_v2.parquet,374e15163c404aa19bf8453d170490862689d4b0db1c5d34b0e6dea8f075e1b8,<5
target_centrality,T:2340690,0.0,cnes,B,2024,aim3_target_metrics_v2.parquet,374e15163c404aa19bf8453d170490862689d4b0db1c5d34b0e6dea8f075e1b8,5
target_centrality,T:2362856,3.0,cnes,B,2024,aim3_target_metrics_v2.parquet,374e15163c404aa19bf8453d170490862689d4b0db1c5d34b0e6dea8f075e1b8,<5
target_centrality,T:2379333,204561.49999999997,cnes,B,2024,aim3_target_metrics_v2.parquet,374e15163c404aa19bf8453d170490862689d4b0db1c5d34b0e6dea8f075e1b8,82
target_centrality,T:2384299,93557.5,cnes,B,2024,aim3_target_metrics_v2.parquet,374e15163c404aa19bf8453d170490862689d4b0db1c5d34b0e6dea8f075e1b8,70
target_centrality,T:2396866,1.0,cnes,B,2024,aim3_target_metrics_v2.parquet,374e15163c404aa19bf8453d170490862689d4b0db1c5d34b0e6dea8f075e1b8,8
target_centrality,T:2397463,0.0,cnes,B,2024,aim3_target_metrics_v2.parquet,374e15163c404aa19bf8453d170490862689d4b0db1c5d34b0e6dea8f075e1b8,<5
target_centrality,T:2399555,0.0,cnes,B,2024,aim3_target_metrics_v2.parquet,374e15163c404aa19bf8453d170490862689d4b0db1c5d34b0e6dea8f075e1b8,<5
target_centrality,T:2400243,62.0,cnes,B,2024,aim3_target_metrics_v2.parquet,374e15163c404aa19bf8453d170490862689d4b0db1c5d34b0e6dea8f075e1b8,9
target_centrality,T:2400324,24.0,cnes,B,2024,aim3_target_metrics_v2.parquet,374e15163c404aa19bf8453d170490862689d4b0db1c5d34b0e6dea8f075e1b8,7
target_centrality,T:2400693,8057.0,cnes,B,2024,aim3_target_metrics_v2.parquet,374e15163c404aa19bf8453d170490862689d4b0db1c5d34b0e6dea8f075e1b8,22
target_centrality,T:2402076,3205.0,cnes,B,2024,aim3_target_metrics_v2.parquet,374e15163c404aa19bf8453d170490862689d4b0db1c5d34b0e6dea8f075e1b8,7
target_centrality,T:2427419,3197.5,cnes,B,2024,aim3_target_metrics_v2.parquet,374e15163c404aa19bf8453d170490862689d4b0db1c5d34b0e6dea8f075e1b8,38
target_centrality,T:2436469,3206.0,cnes,B,2024,aim3_target_metrics_v2.parquet,374e15163c404aa19bf8453d170490862689d4b0db1c5d34b0e6dea8f075e1b8,10
target_centrality,T:2439360,67.0,cnes,B,2024,aim3_target_metrics_v2.parquet,374e15163c404aa19bf8453d170490862689d4b0db1c5d34b0e6dea8f075e1b8,<5
target_centrality,T:2464594,351643.5,cnes,B,2024,aim3_target_metrics_v2.parquet,374e15163c404aa19bf8453d170490862689d4b0db1c5d34b0e6dea8f075e1b8,83
target_centrality,T:2479907,0.0,cnes,B,2024,aim3_target_metrics_v2.parquet,374e15163c404aa19bf8453d170490862689d4b0db1c5d34b0e6dea8f075e1b8,<5
target_centrality,T:2485680,20796.0,cnes,B,2024,aim3_target_metrics_v2.parquet,374e15163c404aa19bf8453d170490862689d4b0db1c5d34b0e6dea8f075e1b8,71
target_centrality,T:2486199,3182.0,cnes,B,2024,aim3_target_metrics_v2.parquet,374e15163c404aa19bf8453d170490862689d4b0db1c5d34b0e6dea8f075e1b8,7
target_centrality,T:2491710,1603.0,cnes,B,2024,aim3_target_metrics_v2.parquet,374e15163c404aa19bf8453d170490862689d4b0db1c5d34b0e6dea8f075e1b8,<5
target_centrality,T:2494442,0.0,cnes,B,2024,aim3_target_metrics_v2.parquet,374e15163c404aa19bf8453d170490862689d4b0db1c5d34b0e6dea8f075e1b8,<5
target_centrality,T:2497654,66245.5,cnes,B,2024,aim3_target_metrics_v2.parquet,374e15163c404aa19bf8453d170490862689d4b0db1c5d34b0e6dea8f075e1b8,57
target_centrality,T:2499363,61457.5,cnes,B,2024,aim3_target_metrics_v2.parquet,374e15163c404aa19bf8453d170490862689d4b0db1c5d34b0e6dea8f075e1b8,81
target_centrality,T:2504332,14391.0,cnes,B,2024,aim3_target_metrics_v2.parquet,374e15163c404aa19bf8453d170490862689d4b0db1c5d34b0e6dea8f075e1b8,38
target_centrality,T:2543443,17536.0,cnes,B,2024,aim3_target_metrics_v2.parquet,374e15163c404aa19bf8453d170490862689d4b0db1c5d34b0e6dea8f075e1b8,25
target_centrality,T:2547317,1603.0,cnes,B,2024,aim3_target_metrics_v2.parquet,374e15163c404aa19bf8453d170490862689d4b0db1c5d34b0e6dea8f075e1b8,<5
target_centrality,T:2547821,0.0,cnes,B,2024,aim3_target_metrics_v2.parquet,374e15163c404aa19bf8453d170490862689d4b0db1c5d34b0e6dea8f075e1b8,<5
target_centrality,T:2550792,1290.0,cnes,B,2024,aim3_target_metrics_v2.parquet,374e15163c404aa19bf8453d170490862689d4b0db1c5d34b0e6dea8f075e1b8,19
target_centrality,T:2555646,4919.0,cnes,B,2024,aim3_target_metrics_v2.parquet,374e15163c404aa19bf8453d170490862689d4b0db1c5d34b0e6dea8f075e1b8,11
target_centrality,T:2558246,6176.0,cnes,B,2024,aim3_target_metrics_v2.parquet,374e15163c404aa19bf8453d170490862689d4b0db1c5d34b0e6dea8f075e1b8,7
target_centrality,T:2558254,0.0,cnes,B,2024,aim3_target_metrics_v2.parquet,374e15163c404aa19bf8453d170490862689d4b0db1c5d34b0e6dea8f075e1b8,<5
target_centrality,T:2560771,14392.0,cnes,B,2024,aim3_target_metrics_v2.parquet,374e15163c404aa19bf8453d170490862689d4b0db1c5d34b0e6dea8f075e1b8,22
target_centrality,T:2560852,0.0,cnes,B,2024,aim3_target_metrics_v2.parquet,374e15163c404aa19bf8453d170490862689d4b0db1c5d34b0e6dea8f075e1b8,<5
target_centrality,T:2561492,131979.0,cnes,B,2024,aim3_target_metrics_v2.parquet,374e15163c404aa19bf8453d170490862689d4b0db1c5d34b0e6dea8f075e1b8,10
target_centrality,T:2568713,0.0,cnes,B,2024,aim3_target_metrics_v2.parquet,374e15163c404aa19bf8453d170490862689d4b0db1c5d34b0e6dea8f075e1b8,<5
target_centrality,T:2571072,0.0,cnes,B,2024,aim3_target_metrics_v2.parquet,374e15163c404aa19bf8453d170490862689d4b0db1c5d34b0e6dea8f075e1b8,<5
target_centrality,T:2576341,936.0,cnes,B,2024,aim3_target_metrics_v2.parquet,374e15163c404aa19bf8453d170490862689d4b0db1c5d34b0e6dea8f075e1b8,61
target_centrality,T:2580055,382.0,cnes,B,2024,aim3_target_metrics_v2.parquet,374e15163c404aa19bf8453d170490862689d4b0db1c5d34b0e6dea8f075e1b8,27
target_centrality,T:2586142,220141.0,cnes,B,2024,aim3_target_metrics_v2.parquet,374e15163c404aa19bf8453d170490862689d4b0db1c5d34b0e6dea8f075e1b8,15
target_centrality,T:2587335,4806.0,cnes,B,2024,aim3_target_metrics_v2.parquet,374e15163c404aa19bf8453d170490862689d4b0db1c5d34b0e6dea8f075e1b8,10
target_centrality,T:2589265,495386.3333333334,cnes,B,2024,aim3_target_metrics_v2.parquet,374e15163c404aa19bf8453d170490862689d4b0db1c5d34b0e6dea8f075e1b8,81
target_centrality,T:2591049,0.0,cnes,B,2024,aim3_target_metrics_v2.parquet,374e15163c404aa19bf8453d170490862689d4b0db1c5d34b0e6dea8f075e1b8,<5
target_centrality,T:2600536,82.0,cnes,B,2024,aim3_target_metrics_v2.parquet,374e15163c404aa19bf8453d170490862689d4b0db1c5d34b0e6dea8f075e1b8,10
target_centrality,T:2646536,437900.5,cnes,B,2024,aim3_target_metrics_v2.parquet,374e15163c404aa19bf8453d170490862689d4b0db1c5d34b0e6dea8f075e1b8,17
target_centrality,T:2651610,0.0,cnes,B,2024,aim3_target_metrics_v2.parquet,374e15163c404aa19bf8453d170490862689d4b0db1c5d34b0e6dea8f075e1b8,<5
target_centrality,T:2653982,99.0,cnes,B,2024,aim3_target_metrics_v2.parquet,374e15163c404aa19bf8453d170490862689d4b0db1c5d34b0e6dea8f075e1b8,8
target_centrality,T:2672839,3220.0,cnes,B,2024,aim3_target_metrics_v2.parquet,374e15163c404aa19bf8453d170490862689d4b0db1c5d34b0e6dea8f075e1b8,7
target_centrality,T:2686953,14329.0,cnes,B,2024,aim3_target_metrics_v2.parquet,374e15163c404aa19bf8453d170490862689d4b0db1c5d34b0e6dea8f075e1b8,16
target_centrality,T:2688433,0.0,cnes,B,2024,aim3_target_metrics_v2.parquet,374e15163c404aa19bf8453d170490862689d4b0db1c5d34b0e6dea8f075e1b8,<5
target_centrality,T:2688689,0.0,cnes,B,2024,aim3_target_metrics_v2.parquet,374e15163c404aa19bf8453d170490862689d4b0db1c5d34b0e6dea8f075e1b8,25
target_centrality,T:2691841,0.0,cnes,B,2024,aim3_target_metrics_v2.parquet,374e15163c404aa19bf8453d170490862689d4b0db1c5d34b0e6dea8f075e1b8,7
target_centrality,T:2704900,19484.5,cnes,B,2024,aim3_target_metrics_v2.parquet,374e15163c404aa19bf8453d170490862689d4b0db1c5d34b0e6dea8f075e1b8,28
target_centrality,T:2705982,14392.0,cnes,B,2024,aim3_target_metrics_v2.parquet,374e15163c404aa19bf8453d170490862689d4b0db1c5d34b0e6dea8f075e1b8,40
target_centrality,T:2707675,0.0,cnes,B,2024,aim3_target_metrics_v2.parquet,374e15163c404aa19bf8453d170490862689d4b0db1c5d34b0e6dea8f075e1b8,5
target_centrality,T:2726653,3205.0,cnes,B,2024,aim3_target_metrics_v2.parquet,374e15163c404aa19bf8453d170490862689d4b0db1c5d34b0e6dea8f075e1b8,7
target_centrality,T:2726971,75.0,cnes,B,2024,aim3_target_metrics_v2.parquet,374e15163c404aa19bf8453d170490862689d4b0db1c5d34b0e6dea8f075e1b8,7
target_centrality,T:2733307,3.0,cnes,B,2024,aim3_target_metrics_v2.parquet,374e15163c404aa19bf8453d170490862689d4b0db1c5d34b0e6dea8f075e1b8,<5
target_centrality,T:2738309,8006.5,cnes,B,2024,aim3_target_metrics_v2.parquet,374e15163c404aa19bf8453d170490862689d4b0db1c5d34b0e6dea8f075e1b8,13
target_centrality,T:2738368,49187.5,cnes,B,2024,aim3_target_metrics_v2.parquet,374e15163c404aa19bf8453d170490862689d4b0db1c5d34b0e6dea8f075e1b8,94
target_centrality,T:2743469,1603.0,cnes,B,2024,aim3_target_metrics_v2.parquet,374e15163c404aa19bf8453d170490862689d4b0db1c5d34b0e6dea8f075e1b8,<5
target_centrality,T:2748029,1603.0,cnes,B,2024,aim3_target_metrics_v2.parquet,374e15163c404aa19bf8453d170490862689d4b0db1c5d34b0e6dea8f075e1b8,<5
target_centrality,T:2748223,45.0,cnes,B,2024,aim3_target_metrics_v2.parquet,374e15163c404aa19bf8453d170490862689d4b0db1c5d34b0e6dea8f075e1b8,28
target_centrality,T:2752700,6406.0,cnes,B,2024,aim3_target_metrics_v2.parquet,374e15163c404aa19bf8453d170490862689d4b0db1c5d34b0e6dea8f075e1b8,18
target_centrality,T:2753278,0.0,cnes,B,2024,aim3_target_metrics_v2.parquet,374e15163c404aa19bf8453d170490862689d4b0db1c5d34b0e6dea8f075e1b8,5
target_centrality,T:2755130,1423.0,cnes,B,2024,aim3_target_metrics_v2.parquet,374e15163c404aa19bf8453d170490862689d4b0db1c5d34b0e6dea8f075e1b8,62
target_centrality,T:2755165,0.0,cnes,B,2024,aim3_target_metrics_v2.parquet,374e15163c404aa19bf8453d170490862689d4b0db1c5d34b0e6dea8f075e1b8,<5
target_centrality,T:2756951,1450.0,cnes,B,2024,aim3_target_metrics_v2.parquet,374e15163c404aa19bf8453d170490862689d4b0db1c5d34b0e6dea8f075e1b8,6
target_centrality,T:2758164,3212.0,cnes,B,2024,aim3_target_metrics_v2.parquet,374e15163c404aa19bf8453d170490862689d4b0db1c5d34b0e6dea8f075e1b8,14
target_centrality,T:2767953,0.0,cnes,B,2024,aim3_target_metrics_v2.parquet,374e15163c404aa19bf8453d170490862689d4b0db1c5d34b0e6dea8f075e1b8,11
target_centrality,T:2772310,1603.0,cnes,B,2024,aim3_target_metrics_v2.parquet,374e15163c404aa19bf8453d170490862689d4b0db1c5d34b0e6dea8f075e1b8,12
target_centrality,T:2775999,6.0,cnes,B,2024,aim3_target_metrics_v2.parquet,374e15163c404aa19bf8453d170490862689d4b0db1c5d34b0e6dea8f075e1b8,<5
target_centrality,T:2781859,384.0,cnes,B,2024,aim3_target_metrics_v2.parquet,374e15163c404aa19bf8453d170490862689d4b0db1c5d34b0e6dea8f075e1b8,19
target_centrality,T:2786117,238.0,cnes,B,2024,aim3_target_metrics_v2.parquet,374e15163c404aa19bf8453d170490862689d4b0db1c5d34b0e6dea8f075e1b8,50
target_centrality,T:2786435,6406.0,cnes,B,2024,aim3_target_metrics_v2.parquet,374e15163c404aa19bf8453d170490862689d4b0db1c5d34b0e6dea8f075e1b8,21
target_centrality,T:2790602,39747.0,cnes,B,2024,aim3_target_metrics_v2.parquet,374e15163c404aa19bf8453d170490862689d4b0db1c5d34b0e6dea8f075e1b8,138
target_centrality,T:2791722,9603.0,cnes,B,2024,aim3_target_metrics_v2.parquet,374e15163c404aa19bf8453d170490862689d4b0db1c5d34b0e6dea8f075e1b8,16
target_centrality,T:2792168,1603.0,cnes,B,2024,aim3_target_metrics_v2.parquet,374e15163c404aa19bf8453d170490862689d4b0db1c5d34b0e6dea8f075e1b8,6
target_centrality,T:2792176,0.0,cnes,B,2024,aim3_target_metrics_v2.parquet,374e15163c404aa19bf8453d170490862689d4b0db1c5d34b0e6dea8f075e1b8,11
target_centrality,T:2795655,12055.0,cnes,B,2024,aim3_target_metrics_v2.parquet,374e15163c404aa19bf8453d170490862689d4b0db1c5d34b0e6dea8f075e1b8,22
target_centrality,T:2798298,0.0,cnes,B,2024,aim3_target_metrics_v2.parquet,374e15163c404aa19bf8453d170490862689d4b0db1c5d34b0e6dea8f075e1b8,23
target_centrality,T:2798484,3206.0,cnes,B,2024,aim3_target_metrics_v2.parquet,374e15163c404aa19bf8453d170490862689d4b0db1c5d34b0e6dea8f075e1b8,6
target_centrality,T:2798662,200.0,cnes,B,2024,aim3_target_metrics_v2.parquet,374e15163c404aa19bf8453d170490862689d4b0db1c5d34b0e6dea8f075e1b8,46
target_centrality,T:2799758,458257.5,cnes,B,2024,aim3_target_metrics_v2.parquet,374e15163c404aa19bf8453d170490862689d4b0db1c5d34b0e6dea8f075e1b8,112
target_centrality,T:2802783,490049.5,cnes,B,2024,aim3_target_metrics_v2.parquet,374e15163c404aa19bf8453d170490862689d4b0db1c5d34b0e6dea8f075e1b8,223
target_centrality,T:2816210,11209.5,cnes,B,2024,aim3_target_metrics_v2.parquet,374e15163c404aa19bf8453d170490862689d4b0db1c5d34b0e6dea8f075e1b8,26
target_centrality,T:2945622,220999.0,cnes,B,2024,aim3_target_metrics_v2.parquet,374e15163c404aa19bf8453d170490862689d4b0db1c5d34b0e6dea8f075e1b8,21
target_centrality,T:3075516,0.0,cnes,B,2024,aim3_target_metrics_v2.parquet,374e15163c404aa19bf8453d170490862689d4b0db1c5d34b0e6dea8f075e1b8,<5
target_centrality,T:3126838,20634.0,cnes,B,2024,aim3_target_metrics_v2.parquet,374e15163c404aa19bf8453d170490862689d4b0db1c5d34b0e6dea8f075e1b8,27
target_centrality,T:3157245,12795.0,cnes,B,2024,aim3_target_metrics_v2.parquet,374e15163c404aa19bf8453d170490862689d4b0db1c5d34b0e6dea8f075e1b8,46
target_centrality,T:3212130,0.0,cnes,B,2024,aim3_target_metrics_v2.parquet,374e15163c404aa19bf8453d170490862689d4b0db1c5d34b0e6dea8f075e1b8,35
target_centrality,T:3285391,126.0,cnes,B,2024,aim3_target_metrics_v2.parquet,374e15163c404aa19bf8453d170490862689d4b0db1c5d34b0e6dea8f075e1b8,22
target_centrality,T:3508528,1666.0,cnes,B,2024,aim3_target_metrics_v2.parquet,374e15163c404aa19bf8453d170490862689d4b0db1c5d34b0e6dea8f075e1b8,35
target_centrality,T:4001303,33428.0,cnes,B,2024,aim3_target_metrics_v2.parquet,374e15163c404aa19bf8453d170490862689d4b0db1c5d34b0e6dea8f075e1b8,39
target_centrality,T:4028155,6406.0,cnes,B,2024,aim3_target_metrics_v2.parquet,374e15163c404aa19bf8453d170490862689d4b0db1c5d34b0e6dea8f075e1b8,17
target_centrality,T:4042085,0.0,cnes,B,2024,aim3_target_metrics_v2.parquet,374e15163c404aa19bf8453d170490862689d4b0db1c5d34b0e6dea8f075e1b8,<5
target_centrality,T:4044916,73893.5,cnes,B,2024,aim3_target_metrics_v2.parquet,374e15163c404aa19bf8453d170490862689d4b0db1c5d34b0e6dea8f075e1b8,50
target_centrality,T:4190203,112320.0,cnes,B,2024,aim3_target_metrics_v2.parquet,374e15163c404aa19bf8453d170490862689d4b0db1c5d34b0e6dea8f075e1b8,31
target_centrality,T:4578732,11470.5,cnes,B,2024,aim3_target_metrics_v2.parquet,374e15163c404aa19bf8453d170490862689d4b0db1c5d34b0e6dea8f075e1b8,26
target_centrality,T:4635612,0.0,cnes,B,2024,aim3_target_metrics_v2.parquet,374e15163c404aa19bf8453d170490862689d4b0db1c5d34b0e6dea8f075e1b8,<5
target_centrality,T:5061989,27.0,cnes,B,2024,aim3_target_metrics_v2.parquet,374e15163c404aa19bf8453d170490862689d4b0db1c5d34b0e6dea8f075e1b8,68
target_centrality,T:5200105,0.0,cnes,B,2024,aim3_target_metrics_v2.parquet,374e15163c404aa19bf8453d170490862689d4b0db1c5d34b0e6dea8f075e1b8,16
target_centrality,T:5336171,6406.0,cnes,B,2024,aim3_target_metrics_v2.parquet,374e15163c404aa19bf8453d170490862689d4b0db1c5d34b0e6dea8f075e1b8,9
target_centrality,T:5412447,6.0,cnes,B,2024,aim3_target_metrics_v2.parquet,374e15163c404aa19bf8453d170490862689d4b0db1c5d34b0e6dea8f075e1b8,35
target_centrality,T:5585422,14391.0,cnes,B,2024,aim3_target_metrics_v2.parquet,374e15163c404aa19bf8453d170490862689d4b0db1c5d34b0e6dea8f075e1b8,41
target_centrality,T:5597501,6406.0,cnes,B,2024,aim3_target_metrics_v2.parquet,374e15163c404aa19bf8453d170490862689d4b0db1c5d34b0e6dea8f075e1b8,26
target_centrality,T:5599504,93481.0,cnes,B,2024,aim3_target_metrics_v2.parquet,374e15163c404aa19bf8453d170490862689d4b0db1c5d34b0e6dea8f075e1b8,21
target_centrality,T:5860490,1603.0,cnes,B,2024,aim3_target_metrics_v2.parquet,374e15163c404aa19bf8453d170490862689d4b0db1c5d34b0e6dea8f075e1b8,5
target_centrality,T:6085423,8749.0,cnes,B,2024,aim3_target_metrics_v2.parquet,374e15163c404aa19bf8453d170490862689d4b0db1c5d34b0e6dea8f075e1b8,27
target_centrality,T:6095666,1607.0,cnes,B,2024,aim3_target_metrics_v2.parquet,374e15163c404aa19bf8453d170490862689d4b0db1c5d34b0e6dea8f075e1b8,48
target_centrality,T:6123740,0.0,cnes,B,2024,aim3_target_metrics_v2.parquet,374e15163c404aa19bf8453d170490862689d4b0db1c5d34b0e6dea8f075e1b8,<5
target_centrality,T:6542638,4897.0,cnes,B,2024,aim3_target_metrics_v2.parquet,374e15163c404aa19bf8453d170490862689d4b0db1c5d34b0e6dea8f075e1b8,17
target_centrality,T:6595197,11472.0,cnes,B,2024,aim3_target_metrics_v2.parquet,374e15163c404aa19bf8453d170490862689d4b0db1c5d34b0e6dea8f075e1b8,88
target_centrality,T:6601804,0.0,cnes,B,2024,aim3_target_metrics_v2.parquet,374e15163c404aa19bf8453d170490862689d4b0db1c5d34b0e6dea8f075e1b8,16
target_centrality,T:6665322,14888.833333333332,cnes,B,2024,aim3_target_metrics_v2.parquet,374e15163c404aa19bf8453d170490862689d4b0db1c5d34b0e6dea8f075e1b8,32
target_centrality,T:6756107,4945.0,cnes,B,2024,aim3_target_metrics_v2.parquet,374e15163c404aa19bf8453d170490862689d4b0db1c5d34b0e6dea8f075e1b8,544
target_centrality,T:6779522,14396.5,cnes,B,2024,aim3_target_metrics_v2.parquet,374e15163c404aa19bf8453d170490862689d4b0db1c5d34b0e6dea8f075e1b8,51
target_centrality,T:6848710,22351.0,cnes,B,2024,aim3_target_metrics_v2.parquet,374e15163c404aa19bf8453d170490862689d4b0db1c5d34b0e6dea8f075e1b8,51
target_centrality,T:6878687,2.0,cnes,B,2024,aim3_target_metrics_v2.parquet,374e15163c404aa19bf8453d170490862689d4b0db1c5d34b0e6dea8f075e1b8,8
target_centrality,T:7061021,8024.5,cnes,B,2024,aim3_target_metrics_v2.parquet,374e15163c404aa19bf8453d170490862689d4b0db1c5d34b0e6dea8f075e1b8,21
target_centrality,T:7068336,0.0,cnes,B,2024,aim3_target_metrics_v2.parquet,374e15163c404aa19bf8453d170490862689d4b0db1c5d34b0e6dea8f075e1b8,<5
target_centrality,T:7257406,4807.0,cnes,B,2024,aim3_target_metrics_v2.parquet,374e15163c404aa19bf8453d170490862689d4b0db1c5d34b0e6dea8f075e1b8,85
target_centrality,T:7354746,0.0,cnes,B,2024,aim3_target_metrics_v2.parquet,374e15163c404aa19bf8453d170490862689d4b0db1c5d34b0e6dea8f075e1b8,<5
target_centrality,T:7373465,0.0,cnes,B,2024,aim3_target_metrics_v2.parquet,374e15163c404aa19bf8453d170490862689d4b0db1c5d34b0e6dea8f075e1b8,18
target_centrality,T:7498810,87604.0,cnes,B,2024,aim3_target_metrics_v2.parquet,374e15163c404aa19bf8453d170490862689d4b0db1c5d34b0e6dea8f075e1b8,221
target_centrality,T:7513151,1603.0,cnes,B,2024,aim3_target_metrics_v2.parquet,374e15163c404aa19bf8453d170490862689d4b0db1c5d34b0e6dea8f075e1b8,11
target_centrality,T:7564546,22.0,cnes,B,2024,aim3_target_metrics_v2.parquet,374e15163c404aa19bf8453d170490862689d4b0db1c5d34b0e6dea8f075e1b8,54
target_centrality,T:7573162,3199.0,cnes,B,2024,aim3_target_metrics_v2.parquet,374e15163c404aa19bf8453d170490862689d4b0db1c5d34b0e6dea8f075e1b8,8
target_centrality,T:7743068,451731.0,cnes,B,2024,aim3_target_metrics_v2.parquet,374e15163c404aa19bf8453d170490862689d4b0db1c5d34b0e6dea8f075e1b8,43
target_centrality,T:7845138,0.0,cnes,B,2024,aim3_target_metrics_v2.parquet,374e15163c404aa19bf8453d170490862689d4b0db1c5d34b0e6dea8f075e1b8,<5
target_centrality,T:7866801,80597.5,cnes,B,2024,aim3_target_metrics_v2.parquet,374e15163c404aa19bf8453d170490862689d4b0db1c5d34b0e6dea8f075e1b8,156
target_centrality,T:7967012,83493.0,cnes,B,2024,aim3_target_metrics_v2.parquet,374e15163c404aa19bf8453d170490862689d4b0db1c5d34b0e6dea8f075e1b8,76
target_centrality,T:9065768,3.0,cnes,B,2024,aim3_target_metrics_v2.parquet,374e15163c404aa19bf8453d170490862689d4b0db1c5d34b0e6dea8f075e1b8,8
target_centrality,T:9074457,1.0,cnes,B,2024,aim3_target_metrics_v2.parquet,374e15163c404aa19bf8453d170490862689d4b0db1c5d34b0e6dea8f075e1b8,<5
target_centrality,T:9209352,48988.5,cnes,B,2024,aim3_target_metrics_v2.parquet,374e15163c404aa19bf8453d170490862689d4b0db1c5d34b0e6dea8f075e1b8,41
target_centrality,T:9388133,111078.5,cnes,B,2024,aim3_target_metrics_v2.parquet,374e15163c404aa19bf8453d170490862689d4b0db1c5d34b0e6dea8f075e1b8,34
target_centrality,T:9425802,14376.0,cnes,B,2024,aim3_target_metrics_v2.parquet,374e15163c404aa19bf8453d170490862689d4b0db1c5d34b0e6dea8f075e1b8,5
target_centrality,T:9443665,1603.0,cnes,B,2024,aim3_target_metrics_v2.parquet,374e15163c404aa19bf8453d170490862689d4b0db1c5d34b0e6dea8f075e1b8,56
target_centrality,T:9465464,1603.0,cnes,B,2024,aim3_target_metrics_v2.parquet,374e15163c404aa19bf8453d170490862689d4b0db1c5d34b0e6dea8f075e1b8,83
target_centrality,T:9491112,6397.166666666666,cnes,B,2024,aim3_target_metrics_v2.parquet,374e15163c404aa19bf8453d170490862689d4b0db1c5d34b0e6dea8f075e1b8,29
target_centrality,T:9491252,17573.0,cnes,B,2024,aim3_target_metrics_v2.parquet,374e15163c404aa19bf8453d170490862689d4b0db1c5d34b0e6dea8f075e1b8,15
target_centrality,T:9543856,156729.50000000003,cnes,B,2024,aim3_target_metrics_v2.parquet,374e15163c404aa19bf8453d170490862689d4b0db1c5d34b0e6dea8f075e1b8,92
target_centrality,T:9556095,12796.0,cnes,B,2024,aim3_target_metrics_v2.parquet,374e15163c404aa19bf8453d170490862689d4b0db1c5d34b0e6dea8f075e1b8,13
target_centrality,T:9575936,85098.5,cnes,B,2024,aim3_target_metrics_v2.parquet,374e15163c404aa19bf8453d170490862689d4b0db1c5d34b0e6dea8f075e1b8,101
target_centrality,T:9680977,0.0,cnes,B,2024,aim3_target_metrics_v2.parquet,374e15163c404aa19bf8453d170490862689d4b0db1c5d34b0e6dea8f075e1b8,5
target_centrality,T:9681752,13.0,cnes,B,2024,aim3_target_metrics_v2.parquet,374e15163c404aa19bf8453d170490862689d4b0db1c5d34b0e6dea8f075e1b8,11
target_centrality,T:9841903,96158.5,cnes,B,2024,aim3_target_metrics_v2.parquet,374e15163c404aa19bf8453d170490862689d4b0db1c5d34b0e6dea8f075e1b8,19
target_centrality,T:0000396,5085.0,cnes,B,2025,aim3_target_metrics_v2.parquet,374e15163c404aa19bf8453d170490862689d4b0db1c5d34b0e6dea8f075e1b8,11
target_centrality,T:0000418,1696.0,cnes,B,2025,aim3_target_metrics_v2.parquet,374e15163c404aa19bf8453d170490862689d4b0db1c5d34b0e6dea8f075e1b8,21
target_centrality,T:0000426,10164.0,cnes,B,2025,aim3_target_metrics_v2.parquet,374e15163c404aa19bf8453d170490862689d4b0db1c5d34b0e6dea8f075e1b8,101
target_centrality,T:0000434,75409.5,cnes,B,2025,aim3_target_metrics_v2.parquet,374e15163c404aa19bf8453d170490862689d4b0db1c5d34b0e6dea8f075e1b8,28
target_centrality,T:0000477,8449.5,cnes,B,2025,aim3_target_metrics_v2.parquet,374e15163c404aa19bf8453d170490862689d4b0db1c5d34b0e6dea8f075e1b8,46
target_centrality,T:0000655,2724.0,cnes,B,2025,aim3_target_metrics_v2.parquet,374e15163c404aa19bf8453d170490862689d4b0db1c5d34b0e6dea8f075e1b8,13
target_centrality,T:0002283,47105.0,cnes,B,2025,aim3_target_metrics_v2.parquet,374e15163c404aa19bf8453d170490862689d4b0db1c5d34b0e6dea8f075e1b8,61
target_centrality,T:0003816,1696.0,cnes,B,2025,aim3_target_metrics_v2.parquet,374e15163c404aa19bf8453d170490862689d4b0db1c5d34b0e6dea8f075e1b8,8
target_centrality,T:0003859,464955.49999999994,cnes,B,2025,aim3_target_metrics_v2.parquet,374e15163c404aa19bf8453d170490862689d4b0db1c5d34b0e6dea8f075e1b8,477
target_centrality,T:0004251,1696.0,cnes,B,2025,aim3_target_metrics_v2.parquet,374e15163c404aa19bf8453d170490862689d4b0db1c5d34b0e6dea8f075e1b8,<5
target_centrality,T:0008028,0.0,cnes,B,2025,aim3_target_metrics_v2.parquet,374e15163c404aa19bf8453d170490862689d4b0db1c5d34b0e6dea8f075e1b8,<5
target_centrality,T:0008052,0.0,cnes,B,2025,aim3_target_metrics_v2.parquet,374e15163c404aa19bf8453d170490862689d4b0db1c5d34b0e6dea8f075e1b8,<5
target_centrality,T:0009601,0.0,cnes,B,2025,aim3_target_metrics_v2.parquet,374e15163c404aa19bf8453d170490862689d4b0db1c5d34b0e6dea8f075e1b8,<5
target_centrality,T:0009628,1696.0,cnes,B,2025,aim3_target_metrics_v2.parquet,374e15163c404aa19bf8453d170490862689d4b0db1c5d34b0e6dea8f075e1b8,37
target_centrality,T:0009709,0.0,cnes,B,2025,aim3_target_metrics_v2.parquet,374e15163c404aa19bf8453d170490862689d4b0db1c5d34b0e6dea8f075e1b8,<5
target_centrality,T:0009717,6779.5,cnes,B,2025,aim3_target_metrics_v2.parquet,374e15163c404aa19bf8453d170490862689d4b0db1c5d34b0e6dea8f075e1b8,17
target_centrality,T:0009725,23615.5,cnes,B,2025,aim3_target_metrics_v2.parquet,374e15163c404aa19bf8453d170490862689d4b0db1c5d34b0e6dea8f075e1b8,43
target_centrality,T:0010456,391714.50000000006,cnes,B,2025,aim3_target_metrics_v2.parquet,374e15163c404aa19bf8453d170490862689d4b0db1c5d34b0e6dea8f075e1b8,78
target_centrality,T:0010472,0.0,cnes,B,2025,aim3_target_metrics_v2.parquet,374e15163c404aa19bf8453d170490862689d4b0db1c5d34b0e6dea8f075e1b8,<5
target_centrality,T:0010480,0.0,cnes,B,2025,aim3_target_metrics_v2.parquet,374e15163c404aa19bf8453d170490862689d4b0db1c5d34b0e6dea8f075e1b8,<5
target_centrality,T:0010499,2677.0,cnes,B,2025,aim3_target_metrics_v2.parquet,374e15163c404aa19bf8453d170490862689d4b0db1c5d34b0e6dea8f075e1b8,51
target_centrality,T:0010510,394716.0,cnes,B,2025,aim3_target_metrics_v2.parquet,374e15163c404aa19bf8453d170490862689d4b0db1c5d34b0e6dea8f075e1b8,23
target_centrality,T:0011746,6827.0,cnes,B,2025,aim3_target_metrics_v2.parquet,374e15163c404aa19bf8453d170490862689d4b0db1c5d34b0e6dea8f075e1b8,24
target_centrality,T:0012505,8.5,cnes,B,2025,aim3_target_metrics_v2.parquet,374e15163c404aa19bf8453d170490862689d4b0db1c5d34b0e6dea8f075e1b8,10
target_centrality,T:0013633,6845.166666666667,cnes,B,2025,aim3_target_metrics_v2.parquet,374e15163c404aa19bf8453d170490862689d4b0db1c5d34b0e6dea8f075e1b8,12
target_centrality,T:0013846,8510.0,cnes,B,2025,aim3_target_metrics_v2.parquet,374e15163c404aa19bf8453d170490862689d4b0db1c5d34b0e6dea8f075e1b8,12
target_centrality,T:0014109,27016.0,cnes,B,2025,aim3_target_metrics_v2.parquet,374e15163c404aa19bf8453d170490862689d4b0db1c5d34b0e6dea8f075e1b8,50
target_centrality,T:0015245,1696.0,cnes,B,2025,aim3_target_metrics_v2.parquet,374e15163c404aa19bf8453d170490862689d4b0db1c5d34b0e6dea8f075e1b8,8
target_centrality,T:0015369,0.0,cnes,B,2025,aim3_target_metrics_v2.parquet,374e15163c404aa19bf8453d170490862689d4b0db1c5d34b0e6dea8f075e1b8,<5
target_centrality,T:0015407,25078.0,cnes,B,2025,aim3_target_metrics_v2.parquet,374e15163c404aa19bf8453d170490862689d4b0db1c5d34b0e6dea8f075e1b8,16
target_centrality,T:0015423,11697.0,cnes,B,2025,aim3_target_metrics_v2.parquet,374e15163c404aa19bf8453d170490862689d4b0db1c5d34b0e6dea8f075e1b8,15
target_centrality,T:0015644,833.0,cnes,B,2025,aim3_target_metrics_v2.parquet,374e15163c404aa19bf8453d170490862689d4b0db1c5d34b0e6dea8f075e1b8,<5
target_centrality,T:0026808,1905.1666666666667,cnes,B,2025,aim3_target_metrics_v2.parquet,374e15163c404aa19bf8453d170490862689d4b0db1c5d34b0e6dea8f075e1b8,52
target_centrality,T:0027014,1382.0,cnes,B,2025,aim3_target_metrics_v2.parquet,374e15163c404aa19bf8453d170490862689d4b0db1c5d34b0e6dea8f075e1b8,49
target_centrality,T:0027022,391.5,cnes,B,2025,aim3_target_metrics_v2.parquet,374e15163c404aa19bf8453d170490862689d4b0db1c5d34b0e6dea8f075e1b8,29
target_centrality,T:0027049,261.0,cnes,B,2025,aim3_target_metrics_v2.parquet,374e15163c404aa19bf8453d170490862689d4b0db1c5d34b0e6dea8f075e1b8,<5
target_centrality,T:0027863,0.0,cnes,B,2025,aim3_target_metrics_v2.parquet,374e15163c404aa19bf8453d170490862689d4b0db1c5d34b0e6dea8f075e1b8,5
target_centrality,T:0086673,1696.0,cnes,B,2025,aim3_target_metrics_v2.parquet,374e15163c404aa19bf8453d170490862689d4b0db1c5d34b0e6dea8f075e1b8,14
target_centrality,T:0092894,0.0,cnes,B,2025,aim3_target_metrics_v2.parquet,374e15163c404aa19bf8453d170490862689d4b0db1c5d34b0e6dea8f075e1b8,<5
target_centrality,T:0136581,43771.0,cnes,B,2025,aim3_target_metrics_v2.parquet,374e15163c404aa19bf8453d170490862689d4b0db1c5d34b0e6dea8f075e1b8,47
target_centrality,T:0179817,15220.5,cnes,B,2025,aim3_target_metrics_v2.parquet,374e15163c404aa19bf8453d170490862689d4b0db1c5d34b0e6dea8f075e1b8,11
target_centrality,T:0220027,15229.0,cnes,B,2025,aim3_target_metrics_v2.parquet,374e15163c404aa19bf8453d170490862689d4b0db1c5d34b0e6dea8f075e1b8,15
target_centrality,T:0220337,86687.5,cnes,B,2025,aim3_target_metrics_v2.parquet,374e15163c404aa19bf8453d170490862689d4b0db1c5d34b0e6dea8f075e1b8,57
target_centrality,T:0226491,32292.0,cnes,B,2025,aim3_target_metrics_v2.parquet,374e15163c404aa19bf8453d170490862689d4b0db1c5d34b0e6dea8f075e1b8,63
target_centrality,T:0547484,35198.0,cnes,B,2025,aim3_target_metrics_v2.parquet,374e15163c404aa19bf8453d170490862689d4b0db1c5d34b0e6dea8f075e1b8,49
target_centrality,T:0607126,1696.0,cnes,B,2025,aim3_target_metrics_v2.parquet,374e15163c404aa19bf8453d170490862689d4b0db1c5d34b0e6dea8f075e1b8,5
target_centrality,T:2012685,0.0,cnes,B,2025,aim3_target_metrics_v2.parquet,374e15163c404aa19bf8453d170490862689d4b0db1c5d34b0e6dea8f075e1b8,<5
target_centrality,T:2013649,37031.0,cnes,B,2025,aim3_target_metrics_v2.parquet,374e15163c404aa19bf8453d170490862689d4b0db1c5d34b0e6dea8f075e1b8,252
target_centrality,T:2017644,0.0,cnes,B,2025,aim3_target_metrics_v2.parquet,374e15163c404aa19bf8453d170490862689d4b0db1c5d34b0e6dea8f075e1b8,<5
target_centrality,T:2020645,0.0,cnes,B,2025,aim3_target_metrics_v2.parquet,374e15163c404aa19bf8453d170490862689d4b0db1c5d34b0e6dea8f075e1b8,6
target_centrality,T:2020890,5085.0,cnes,B,2025,aim3_target_metrics_v2.parquet,374e15163c404aa19bf8453d170490862689d4b0db1c5d34b0e6dea8f075e1b8,23
target_centrality,T:2024691,6289.0,cnes,B,2025,aim3_target_metrics_v2.parquet,374e15163c404aa19bf8453d170490862689d4b0db1c5d34b0e6dea8f075e1b8,29
target_centrality,T:2025507,86119.0,cnes,B,2025,aim3_target_metrics_v2.parquet,374e15163c404aa19bf8453d170490862689d4b0db1c5d34b0e6dea8f075e1b8,20
target_centrality,T:2025752,2.0,cnes,B,2025,aim3_target_metrics_v2.parquet,374e15163c404aa19bf8453d170490862689d4b0db1c5d34b0e6dea8f075e1b8,22
target_centrality,T:2066092,0.0,cnes,B,2025,aim3_target_metrics_v2.parquet,374e15163c404aa19bf8453d170490862689d4b0db1c5d34b0e6dea8f075e1b8,59
target_centrality,T:2076926,0.0,cnes,B,2025,aim3_target_metrics_v2.parquet,374e15163c404aa19bf8453d170490862689d4b0db1c5d34b0e6dea8f075e1b8,20
target_centrality,T:2077396,161539.0,cnes,B,2025,aim3_target_metrics_v2.parquet,374e15163c404aa19bf8453d170490862689d4b0db1c5d34b0e6dea8f075e1b8,77
target_centrality,T:2077477,0.0,cnes,B,2025,aim3_target_metrics_v2.parquet,374e15163c404aa19bf8453d170490862689d4b0db1c5d34b0e6dea8f075e1b8,7
target_centrality,T:2077485,2774.3333333333335,cnes,B,2025,aim3_target_metrics_v2.parquet,374e15163c404aa19bf8453d170490862689d4b0db1c5d34b0e6dea8f075e1b8,20
target_centrality,T:2077523,0.0,cnes,B,2025,aim3_target_metrics_v2.parquet,374e15163c404aa19bf8453d170490862689d4b0db1c5d34b0e6dea8f075e1b8,7
target_centrality,T:2077574,0.0,cnes,B,2025,aim3_target_metrics_v2.parquet,374e15163c404aa19bf8453d170490862689d4b0db1c5d34b0e6dea8f075e1b8,8
target_centrality,T:2077620,55425.0,cnes,B,2025,aim3_target_metrics_v2.parquet,374e15163c404aa19bf8453d170490862689d4b0db1c5d34b0e6dea8f075e1b8,14
target_centrality,T:2078015,324869.6666666667,cnes,B,2025,aim3_target_metrics_v2.parquet,374e15163c404aa19bf8453d170490862689d4b0db1c5d34b0e6dea8f075e1b8,100
target_centrality,T:2078562,32448.0,cnes,B,2025,aim3_target_metrics_v2.parquet,374e15163c404aa19bf8453d170490862689d4b0db1c5d34b0e6dea8f075e1b8,48
target_centrality,T:2078775,20.0,cnes,B,2025,aim3_target_metrics_v2.parquet,374e15163c404aa19bf8453d170490862689d4b0db1c5d34b0e6dea8f075e1b8,16
target_centrality,T:2079720,10968.333333333332,cnes,B,2025,aim3_target_metrics_v2.parquet,374e15163c404aa19bf8453d170490862689d4b0db1c5d34b0e6dea8f075e1b8,32
target_centrality,T:2079798,216261.5,cnes,B,2025,aim3_target_metrics_v2.parquet,374e15163c404aa19bf8453d170490862689d4b0db1c5d34b0e6dea8f075e1b8,46
target_centrality,T:2079828,5081.0,cnes,B,2025,aim3_target_metrics_v2.parquet,374e15163c404aa19bf8453d170490862689d4b0db1c5d34b0e6dea8f075e1b8,55
target_centrality,T:2080184,0.0,cnes,B,2025,aim3_target_metrics_v2.parquet,374e15163c404aa19bf8453d170490862689d4b0db1c5d34b0e6dea8f075e1b8,5
target_centrality,T:2080338,0.0,cnes,B,2025,aim3_target_metrics_v2.parquet,374e15163c404aa19bf8453d170490862689d4b0db1c5d34b0e6dea8f075e1b8,20
target_centrality,T:2080346,0.0,cnes,B,2025,aim3_target_metrics_v2.parquet,374e15163c404aa19bf8453d170490862689d4b0db1c5d34b0e6dea8f075e1b8,38
target_centrality,T:2080354,0.0,cnes,B,2025,aim3_target_metrics_v2.parquet,374e15163c404aa19bf8453d170490862689d4b0db1c5d34b0e6dea8f075e1b8,<5
target_centrality,T:2080400,8470.0,cnes,B,2025,aim3_target_metrics_v2.parquet,374e15163c404aa19bf8453d170490862689d4b0db1c5d34b0e6dea8f075e1b8,10
target_centrality,T:2080532,279736.0,cnes,B,2025,aim3_target_metrics_v2.parquet,374e15163c404aa19bf8453d170490862689d4b0db1c5d34b0e6dea8f075e1b8,9
target_centrality,T:2080680,1776.0,cnes,B,2025,aim3_target_metrics_v2.parquet,374e15163c404aa19bf8453d170490862689d4b0db1c5d34b0e6dea8f075e1b8,12
target_centrality,T:2080931,84503.5,cnes,B,2025,aim3_target_metrics_v2.parquet,374e15163c404aa19bf8453d170490862689d4b0db1c5d34b0e6dea8f075e1b8,31
target_centrality,T:2081253,1.0,cnes,B,2025,aim3_target_metrics_v2.parquet,374e15163c404aa19bf8453d170490862689d4b0db1c5d34b0e6dea8f075e1b8,5
target_centrality,T:2081377,87184.0,cnes,B,2025,aim3_target_metrics_v2.parquet,374e15163c404aa19bf8453d170490862689d4b0db1c5d34b0e6dea8f075e1b8,<5
target_centrality,T:2081458,93644.0,cnes,B,2025,aim3_target_metrics_v2.parquet,374e15163c404aa19bf8453d170490862689d4b0db1c5d34b0e6dea8f075e1b8,11
target_centrality,T:2081512,0.0,cnes,B,2025,aim3_target_metrics_v2.parquet,374e15163c404aa19bf8453d170490862689d4b0db1c5d34b0e6dea8f075e1b8,11
target_centrality,T:2081695,143.5,cnes,B,2025,aim3_target_metrics_v2.parquet,374e15163c404aa19bf8453d170490862689d4b0db1c5d34b0e6dea8f075e1b8,27
target_centrality,T:2082187,50358.0,cnes,B,2025,aim3_target_metrics_v2.parquet,374e15163c404aa19bf8453d170490862689d4b0db1c5d34b0e6dea8f075e1b8,20
target_centrality,T:2082527,3393.5,cnes,B,2025,aim3_target_metrics_v2.parquet,374e15163c404aa19bf8453d170490862689d4b0db1c5d34b0e6dea8f075e1b8,18
target_centrality,T:2082594,0.0,cnes,B,2025,aim3_target_metrics_v2.parquet,374e15163c404aa19bf8453d170490862689d4b0db1c5d34b0e6dea8f075e1b8,6
target_centrality,T:2082861,0.0,cnes,B,2025,aim3_target_metrics_v2.parquet,374e15163c404aa19bf8453d170490862689d4b0db1c5d34b0e6dea8f075e1b8,5
target_centrality,T:2083094,10161.0,cnes,B,2025,aim3_target_metrics_v2.parquet,374e15163c404aa19bf8453d170490862689d4b0db1c5d34b0e6dea8f075e1b8,15
target_centrality,T:2084163,0.0,cnes,B,2025,aim3_target_metrics_v2.parquet,374e15163c404aa19bf8453d170490862689d4b0db1c5d34b0e6dea8f075e1b8,<5
target_centrality,T:2087057,0.0,cnes,B,2025,aim3_target_metrics_v2.parquet,374e15163c404aa19bf8453d170490862689d4b0db1c5d34b0e6dea8f075e1b8,5
target_centrality,T:2087103,0.0,cnes,B,2025,aim3_target_metrics_v2.parquet,374e15163c404aa19bf8453d170490862689d4b0db1c5d34b0e6dea8f075e1b8,<5
target_centrality,T:2087111,0.0,cnes,B,2025,aim3_target_metrics_v2.parquet,374e15163c404aa19bf8453d170490862689d4b0db1c5d34b0e6dea8f075e1b8,<5
target_centrality,T:2089327,10161.0,cnes,B,2025,aim3_target_metrics_v2.parquet,374e15163c404aa19bf8453d170490862689d4b0db1c5d34b0e6dea8f075e1b8,14
target_centrality,T:2090236,209923.0,cnes,B,2025,aim3_target_metrics_v2.parquet,374e15163c404aa19bf8453d170490862689d4b0db1c5d34b0e6dea8f075e1b8,28
target_centrality,T:2092298,0.0,cnes,B,2025,aim3_target_metrics_v2.parquet,374e15163c404aa19bf8453d170490862689d4b0db1c5d34b0e6dea8f075e1b8,9
target_centrality,T:2096412,1696.0,cnes,B,2025,aim3_target_metrics_v2.parquet,374e15163c404aa19bf8453d170490862689d4b0db1c5d34b0e6dea8f075e1b8,13
target_centrality,T:2105780,0.0,cnes,B,2025,aim3_target_metrics_v2.parquet,374e15163c404aa19bf8453d170490862689d4b0db1c5d34b0e6dea8f075e1b8,<5
target_centrality,T:2109867,36.0,cnes,B,2025,aim3_target_metrics_v2.parquet,374e15163c404aa19bf8453d170490862689d4b0db1c5d34b0e6dea8f075e1b8,36
target_centrality,T:2111624,3195.1666666666665,cnes,B,2025,aim3_target_metrics_v2.parquet,374e15163c404aa19bf8453d170490862689d4b0db1c5d34b0e6dea8f075e1b8,74
target_centrality,T:2118661,36.0,cnes,B,2025,aim3_target_metrics_v2.parquet,374e15163c404aa19bf8453d170490862689d4b0db1c5d34b0e6dea8f075e1b8,29
target_centrality,T:2119528,0.0,cnes,B,2025,aim3_target_metrics_v2.parquet,374e15163c404aa19bf8453d170490862689d4b0db1c5d34b0e6dea8f075e1b8,<5
target_centrality,T:2124289,0.0,cnes,B,2025,aim3_target_metrics_v2.parquet,374e15163c404aa19bf8453d170490862689d4b0db1c5d34b0e6dea8f075e1b8,<5
target_centrality,T:2127989,231.0,cnes,B,2025,aim3_target_metrics_v2.parquet,374e15163c404aa19bf8453d170490862689d4b0db1c5d34b0e6dea8f075e1b8,73
target_centrality,T:2129566,0.0,cnes,B,2025,aim3_target_metrics_v2.parquet,374e15163c404aa19bf8453d170490862689d4b0db1c5d34b0e6dea8f075e1b8,<5
target_centrality,T:2146355,425284.0,cnes,B,2025,aim3_target_metrics_v2.parquet,374e15163c404aa19bf8453d170490862689d4b0db1c5d34b0e6dea8f075e1b8,46
target_centrality,T:2149990,5085.5,cnes,B,2025,aim3_target_metrics_v2.parquet,374e15163c404aa19bf8453d170490862689d4b0db1c5d34b0e6dea8f075e1b8,9
target_centrality,T:2171945,90.0,cnes,B,2025,aim3_target_metrics_v2.parquet,374e15163c404aa19bf8453d170490862689d4b0db1c5d34b0e6dea8f075e1b8,33
target_centrality,T:2195437,0.0,cnes,B,2025,aim3_target_metrics_v2.parquet,374e15163c404aa19bf8453d170490862689d4b0db1c5d34b0e6dea8f075e1b8,<5
target_centrality,T:2195585,0.0,cnes,B,2025,aim3_target_metrics_v2.parquet,374e15163c404aa19bf8453d170490862689d4b0db1c5d34b0e6dea8f075e1b8,<5
target_centrality,T:2206595,2.0,cnes,B,2025,aim3_target_metrics_v2.parquet,374e15163c404aa19bf8453d170490862689d4b0db1c5d34b0e6dea8f075e1b8,5
target_centrality,T:2208172,0.0,cnes,B,2025,aim3_target_metrics_v2.parquet,374e15163c404aa19bf8453d170490862689d4b0db1c5d34b0e6dea8f075e1b8,<5
target_centrality,T:2208857,0.0,cnes,B,2025,aim3_target_metrics_v2.parquet,374e15163c404aa19bf8453d170490862689d4b0db1c5d34b0e6dea8f075e1b8,<5
target_centrality,T:2218798,910.8333333333334,cnes,B,2025,aim3_target_metrics_v2.parquet,374e15163c404aa19bf8453d170490862689d4b0db1c5d34b0e6dea8f075e1b8,27
target_centrality,T:2219646,1696.0,cnes,B,2025,aim3_target_metrics_v2.parquet,374e15163c404aa19bf8453d170490862689d4b0db1c5d34b0e6dea8f075e1b8,<5
target_centrality,T:2219654,25320.5,cnes,B,2025,aim3_target_metrics_v2.parquet,374e15163c404aa19bf8453d170490862689d4b0db1c5d34b0e6dea8f075e1b8,35
target_centrality,T:2223538,714.0,cnes,B,2025,aim3_target_metrics_v2.parquet,374e15163c404aa19bf8453d170490862689d4b0db1c5d34b0e6dea8f075e1b8,61
target_centrality,T:2223546,0.0,cnes,B,2025,aim3_target_metrics_v2.parquet,374e15163c404aa19bf8453d170490862689d4b0db1c5d34b0e6dea8f075e1b8,<5
target_centrality,T:2227762,0.5,cnes,B,2025,aim3_target_metrics_v2.parquet,374e15163c404aa19bf8453d170490862689d4b0db1c5d34b0e6dea8f075e1b8,<5
target_centrality,T:2232022,0.0,cnes,B,2025,aim3_target_metrics_v2.parquet,374e15163c404aa19bf8453d170490862689d4b0db1c5d34b0e6dea8f075e1b8,<5
target_centrality,T:2237253,3483.833333333333,cnes,B,2025,aim3_target_metrics_v2.parquet,374e15163c404aa19bf8453d170490862689d4b0db1c5d34b0e6dea8f075e1b8,49
target_centrality,T:2237571,2158.0,cnes,B,2025,aim3_target_metrics_v2.parquet,374e15163c404aa19bf8453d170490862689d4b0db1c5d34b0e6dea8f075e1b8,79
target_centrality,T:2237601,7302.833333333333,cnes,B,2025,aim3_target_metrics_v2.parquet,374e15163c404aa19bf8453d170490862689d4b0db1c5d34b0e6dea8f075e1b8,95
target_centrality,T:2244101,4944.666666666666,cnes,B,2025,aim3_target_metrics_v2.parquet,374e15163c404aa19bf8453d170490862689d4b0db1c5d34b0e6dea8f075e1b8,48
target_centrality,T:2244306,1048.0,cnes,B,2025,aim3_target_metrics_v2.parquet,374e15163c404aa19bf8453d170490862689d4b0db1c5d34b0e6dea8f075e1b8,41
target_centrality,T:2246929,988.0,cnes,B,2025,aim3_target_metrics_v2.parquet,374e15163c404aa19bf8453d170490862689d4b0db1c5d34b0e6dea8f075e1b8,13
target_centrality,T:2246988,269.0,cnes,B,2025,aim3_target_metrics_v2.parquet,374e15163c404aa19bf8453d170490862689d4b0db1c5d34b0e6dea8f075e1b8,14
target_centrality,T:2248247,0.0,cnes,B,2025,aim3_target_metrics_v2.parquet,374e15163c404aa19bf8453d170490862689d4b0db1c5d34b0e6dea8f075e1b8,<5
target_centrality,T:2252295,0.0,cnes,B,2025,aim3_target_metrics_v2.parquet,374e15163c404aa19bf8453d170490862689d4b0db1c5d34b0e6dea8f075e1b8,<5
target_centrality,T:2252694,3.0,cnes,B,2025,aim3_target_metrics_v2.parquet,374e15163c404aa19bf8453d170490862689d4b0db1c5d34b0e6dea8f075e1b8,<5
target_centrality,T:2253046,0.0,cnes,B,2025,aim3_target_metrics_v2.parquet,374e15163c404aa19bf8453d170490862689d4b0db1c5d34b0e6dea8f075e1b8,5
target_centrality,T:2255936,0.0,cnes,B,2025,aim3_target_metrics_v2.parquet,374e15163c404aa19bf8453d170490862689d4b0db1c5d34b0e6dea8f075e1b8,24
target_centrality,T:2257645,1950.3333333333335,cnes,B,2025,aim3_target_metrics_v2.parquet,374e15163c404aa19bf8453d170490862689d4b0db1c5d34b0e6dea8f075e1b8,43
target_centrality,T:2257815,180.0,cnes,B,2025,aim3_target_metrics_v2.parquet,374e15163c404aa19bf8453d170490862689d4b0db1c5d34b0e6dea8f075e1b8,<5
target_centrality,T:2259907,0.0,cnes,B,2025,aim3_target_metrics_v2.parquet,374e15163c404aa19bf8453d170490862689d4b0db1c5d34b0e6dea8f075e1b8,<5
target_centrality,T:2261030,5011.0,cnes,B,2025,aim3_target_metrics_v2.parquet,374e15163c404aa19bf8453d170490862689d4b0db1c5d34b0e6dea8f075e1b8,60
target_centrality,T:2262568,180.0,cnes,B,2025,aim3_target_metrics_v2.parquet,374e15163c404aa19bf8453d170490862689d4b0db1c5d34b0e6dea8f075e1b8,14
target_centrality,T:2269384,3391.0,cnes,B,2025,aim3_target_metrics_v2.parquet,374e15163c404aa19bf8453d170490862689d4b0db1c5d34b0e6dea8f075e1b8,26
target_centrality,T:2269481,353565.0,cnes,B,2025,aim3_target_metrics_v2.parquet,374e15163c404aa19bf8453d170490862689d4b0db1c5d34b0e6dea8f075e1b8,82
target_centrality,T:2269783,1696.0,cnes,B,2025,aim3_target_metrics_v2.parquet,374e15163c404aa19bf8453d170490862689d4b0db1c5d34b0e6dea8f075e1b8,6
target_centrality,T:2269880,1.0,cnes,B,2025,aim3_target_metrics_v2.parquet,374e15163c404aa19bf8453d170490862689d4b0db1c5d34b0e6dea8f075e1b8,7
target_centrality,T:2270269,0.0,cnes,B,2025,aim3_target_metrics_v2.parquet,374e15163c404aa19bf8453d170490862689d4b0db1c5d34b0e6dea8f075e1b8,<5
target_centrality,T:2270609,0.0,cnes,B,2025,aim3_target_metrics_v2.parquet,374e15163c404aa19bf8453d170490862689d4b0db1c5d34b0e6dea8f075e1b8,<5
target_centrality,T:2273411,3383.0,cnes,B,2025,aim3_target_metrics_v2.parquet,374e15163c404aa19bf8453d170490862689d4b0db1c5d34b0e6dea8f075e1b8,24
target_centrality,T:2275562,1.0,cnes,B,2025,aim3_target_metrics_v2.parquet,374e15163c404aa19bf8453d170490862689d4b0db1c5d34b0e6dea8f075e1b8,38
target_centrality,T:2280167,264583.5,cnes,B,2025,aim3_target_metrics_v2.parquet,374e15163c404aa19bf8453d170490862689d4b0db1c5d34b0e6dea8f075e1b8,51
target_centrality,T:2280183,0.0,cnes,B,2025,aim3_target_metrics_v2.parquet,374e15163c404aa19bf8453d170490862689d4b0db1c5d34b0e6dea8f075e1b8,<5
target_centrality,T:2287250,0.0,cnes,B,2025,aim3_target_metrics_v2.parquet,374e15163c404aa19bf8453d170490862689d4b0db1c5d34b0e6dea8f075e1b8,10
target_centrality,T:2295415,1696.0,cnes,B,2025,aim3_target_metrics_v2.parquet,374e15163c404aa19bf8453d170490862689d4b0db1c5d34b0e6dea8f075e1b8,20
target_centrality,T:2298031,1699.0,cnes,B,2025,aim3_target_metrics_v2.parquet,374e15163c404aa19bf8453d170490862689d4b0db1c5d34b0e6dea8f075e1b8,23
target_centrality,T:2301830,3337.0000000000005,cnes,B,2025,aim3_target_metrics_v2.parquet,374e15163c404aa19bf8453d170490862689d4b0db1c5d34b0e6dea8f075e1b8,25
target_centrality,T:2306336,167.5,cnes,B,2025,aim3_target_metrics_v2.parquet,374e15163c404aa19bf8453d170490862689d4b0db1c5d34b0e6dea8f075e1b8,6
target_centrality,T:2332981,0.0,cnes,B,2025,aim3_target_metrics_v2.parquet,374e15163c404aa19bf8453d170490862689d4b0db1c5d34b0e6dea8f075e1b8,7
target_centrality,T:2333031,1627.0,cnes,B,2025,aim3_target_metrics_v2.parquet,374e15163c404aa19bf8453d170490862689d4b0db1c5d34b0e6dea8f075e1b8,13
target_centrality,T:2338262,1696.0,cnes,B,2025,aim3_target_metrics_v2.parquet,374e15163c404aa19bf8453d170490862689d4b0db1c5d34b0e6dea8f075e1b8,<5
target_centrality,T:2338424,0.0,cnes,B,2025,aim3_target_metrics_v2.parquet,374e15163c404aa19bf8453d170490862689d4b0db1c5d34b0e6dea8f075e1b8,5
target_centrality,T:2338734,5085.0,cnes,B,2025,aim3_target_metrics_v2.parquet,374e15163c404aa19bf8453d170490862689d4b0db1c5d34b0e6dea8f075e1b8,17
target_centrality,T:2340690,0.0,cnes,B,2025,aim3_target_metrics_v2.parquet,374e15163c404aa19bf8453d170490862689d4b0db1c5d34b0e6dea8f075e1b8,44
target_centrality,T:2362856,106675.0,cnes,B,2025,aim3_target_metrics_v2.parquet,374e15163c404aa19bf8453d170490862689d4b0db1c5d34b0e6dea8f075e1b8,21
target_centrality,T:2379333,3455.9999999999995,cnes,B,2025,aim3_target_metrics_v2.parquet,374e15163c404aa19bf8453d170490862689d4b0db1c5d34b0e6dea8f075e1b8,72
target_centrality,T:2384299,162397.0,cnes,B,2025,aim3_target_metrics_v2.parquet,374e15163c404aa19bf8453d170490862689d4b0db1c5d34b0e6dea8f075e1b8,41
target_centrality,T:2396866,120683.0,cnes,B,2025,aim3_target_metrics_v2.parquet,374e15163c404aa19bf8453d170490862689d4b0db1c5d34b0e6dea8f075e1b8,20
target_centrality,T:2399555,0.0,cnes,B,2025,aim3_target_metrics_v2.parquet,374e15163c404aa19bf8453d170490862689d4b0db1c5d34b0e6dea8f075e1b8,<5
target_centrality,T:2400243,0.0,cnes,B,2025,aim3_target_metrics_v2.parquet,374e15163c404aa19bf8453d170490862689d4b0db1c5d34b0e6dea8f075e1b8,<5
target_centrality,T:2400324,27012.0,cnes,B,2025,aim3_target_metrics_v2.parquet,374e15163c404aa19bf8453d170490862689d4b0db1c5d34b0e6dea8f075e1b8,49
target_centrality,T:2400693,8470.0,cnes,B,2025,aim3_target_metrics_v2.parquet,374e15163c404aa19bf8453d170490862689d4b0db1c5d34b0e6dea8f075e1b8,23
target_centrality,T:2402076,16923.5,cnes,B,2025,aim3_target_metrics_v2.parquet,374e15163c404aa19bf8453d170490862689d4b0db1c5d34b0e6dea8f075e1b8,30
target_centrality,T:2427419,1696.0,cnes,B,2025,aim3_target_metrics_v2.parquet,374e15163c404aa19bf8453d170490862689d4b0db1c5d34b0e6dea8f075e1b8,10
target_centrality,T:2436450,0.0,cnes,B,2025,aim3_target_metrics_v2.parquet,374e15163c404aa19bf8453d170490862689d4b0db1c5d34b0e6dea8f075e1b8,<5
target_centrality,T:2436469,530.0,cnes,B,2025,aim3_target_metrics_v2.parquet,374e15163c404aa19bf8453d170490862689d4b0db1c5d34b0e6dea8f075e1b8,31
target_centrality,T:2439360,15.0,cnes,B,2025,aim3_target_metrics_v2.parquet,374e15163c404aa19bf8453d170490862689d4b0db1c5d34b0e6dea8f075e1b8,13
target_centrality,T:2464594,890.0,cnes,B,2025,aim3_target_metrics_v2.parquet,374e15163c404aa19bf8453d170490862689d4b0db1c5d34b0e6dea8f075e1b8,65
target_centrality,T:2479907,3391.5,cnes,B,2025,aim3_target_metrics_v2.parquet,374e15163c404aa19bf8453d170490862689d4b0db1c5d34b0e6dea8f075e1b8,10
target_centrality,T:2485680,18602.0,cnes,B,2025,aim3_target_metrics_v2.parquet,374e15163c404aa19bf8453d170490862689d4b0db1c5d34b0e6dea8f075e1b8,30
target_centrality,T:2485729,1696.0,cnes,B,2025,aim3_target_metrics_v2.parquet,374e15163c404aa19bf8453d170490862689d4b0db1c5d34b0e6dea8f075e1b8,<5
target_centrality,T:2486199,1703.5,cnes,B,2025,aim3_target_metrics_v2.parquet,374e15163c404aa19bf8453d170490862689d4b0db1c5d34b0e6dea8f075e1b8,<5
target_centrality,T:2491710,1696.0,cnes,B,2025,aim3_target_metrics_v2.parquet,374e15163c404aa19bf8453d170490862689d4b0db1c5d34b0e6dea8f075e1b8,<5
target_centrality,T:2497654,7816.000000000001,cnes,B,2025,aim3_target_metrics_v2.parquet,374e15163c404aa19bf8453d170490862689d4b0db1c5d34b0e6dea8f075e1b8,43
target_centrality,T:2499363,159671.5,cnes,B,2025,aim3_target_metrics_v2.parquet,374e15163c404aa19bf8453d170490862689d4b0db1c5d34b0e6dea8f075e1b8,193
target_centrality,T:2504332,1467.0,cnes,B,2025,aim3_target_metrics_v2.parquet,374e15163c404aa19bf8453d170490862689d4b0db1c5d34b0e6dea8f075e1b8,35
target_centrality,T:2504537,5089.5,cnes,B,2025,aim3_target_metrics_v2.parquet,374e15163c404aa19bf8453d170490862689d4b0db1c5d34b0e6dea8f075e1b8,18
target_centrality,T:2534444,0.0,cnes,B,2025,aim3_target_metrics_v2.parquet,374e15163c404aa19bf8453d170490862689d4b0db1c5d34b0e6dea8f075e1b8,<5
target_centrality,T:2543443,6217.0,cnes,B,2025,aim3_target_metrics_v2.parquet,374e15163c404aa19bf8453d170490862689d4b0db1c5d34b0e6dea8f075e1b8,119
target_centrality,T:2546957,17.0,cnes,B,2025,aim3_target_metrics_v2.parquet,374e15163c404aa19bf8453d170490862689d4b0db1c5d34b0e6dea8f075e1b8,52
target_centrality,T:2547821,1696.0,cnes,B,2025,aim3_target_metrics_v2.parquet,374e15163c404aa19bf8453d170490862689d4b0db1c5d34b0e6dea8f075e1b8,<5
target_centrality,T:2550792,3425.0,cnes,B,2025,aim3_target_metrics_v2.parquet,374e15163c404aa19bf8453d170490862689d4b0db1c5d34b0e6dea8f075e1b8,5
target_centrality,T:2551764,3394.0,cnes,B,2025,aim3_target_metrics_v2.parquet,374e15163c404aa19bf8453d170490862689d4b0db1c5d34b0e6dea8f075e1b8,19
target_centrality,T:2555646,19.0,cnes,B,2025,aim3_target_metrics_v2.parquet,374e15163c404aa19bf8453d170490862689d4b0db1c5d34b0e6dea8f075e1b8,8
target_centrality,T:2558246,0.0,cnes,B,2025,aim3_target_metrics_v2.parquet,374e15163c404aa19bf8453d170490862689d4b0db1c5d34b0e6dea8f075e1b8,<5
target_centrality,T:2558254,167.0,cnes,B,2025,aim3_target_metrics_v2.parquet,374e15163c404aa19bf8453d170490862689d4b0db1c5d34b0e6dea8f075e1b8,25
target_centrality,T:2560771,1180.0,cnes,B,2025,aim3_target_metrics_v2.parquet,374e15163c404aa19bf8453d170490862689d4b0db1c5d34b0e6dea8f075e1b8,15
target_centrality,T:2560852,3393.5,cnes,B,2025,aim3_target_metrics_v2.parquet,374e15163c404aa19bf8453d170490862689d4b0db1c5d34b0e6dea8f075e1b8,13
target_centrality,T:2561492,1696.0,cnes,B,2025,aim3_target_metrics_v2.parquet,374e15163c404aa19bf8453d170490862689d4b0db1c5d34b0e6dea8f075e1b8,41
target_centrality,T:2576341,17374.5,cnes,B,2025,aim3_target_metrics_v2.parquet,374e15163c404aa19bf8453d170490862689d4b0db1c5d34b0e6dea8f075e1b8,31
target_centrality,T:2577623,0.0,cnes,B,2025,aim3_target_metrics_v2.parquet,374e15163c404aa19bf8453d170490862689d4b0db1c5d34b0e6dea8f075e1b8,<5
target_centrality,T:2580055,20264.5,cnes,B,2025,aim3_target_metrics_v2.parquet,374e15163c404aa19bf8453d170490862689d4b0db1c5d34b0e6dea8f075e1b8,27
target_centrality,T:2586142,10161.0,cnes,B,2025,aim3_target_metrics_v2.parquet,374e15163c404aa19bf8453d170490862689d4b0db1c5d34b0e6dea8f075e1b8,14
target_centrality,T:2587335,10154.0,cnes,B,2025,aim3_target_metrics_v2.parquet,374e15163c404aa19bf8453d170490862689d4b0db1c5d34b0e6dea8f075e1b8,20
target_centrality,T:2589265,521096.99999999994,cnes,B,2025,aim3_target_metrics_v2.parquet,374e15163c404aa19bf8453d170490862689d4b0db1c5d34b0e6dea8f075e1b8,114
target_centrality,T:2600536,78.0,cnes,B,2025,aim3_target_metrics_v2.parquet,374e15163c404aa19bf8453d170490862689d4b0db1c5d34b0e6dea8f075e1b8,20
target_centrality,T:2621614,0.0,cnes,B,2025,aim3_target_metrics_v2.parquet,374e15163c404aa19bf8453d170490862689d4b0db1c5d34b0e6dea8f075e1b8,<5
target_centrality,T:2646536,210.0,cnes,B,2025,aim3_target_metrics_v2.parquet,374e15163c404aa19bf8453d170490862689d4b0db1c5d34b0e6dea8f075e1b8,14
target_centrality,T:2651610,6.0,cnes,B,2025,aim3_target_metrics_v2.parquet,374e15163c404aa19bf8453d170490862689d4b0db1c5d34b0e6dea8f075e1b8,<5
target_centrality,T:2653982,3391.0,cnes,B,2025,aim3_target_metrics_v2.parquet,374e15163c404aa19bf8453d170490862689d4b0db1c5d34b0e6dea8f075e1b8,23
target_centrality,T:2659107,0.0,cnes,B,2025,aim3_target_metrics_v2.parquet,374e15163c404aa19bf8453d170490862689d4b0db1c5d34b0e6dea8f075e1b8,<5
target_centrality,T:2672839,894.5,cnes,B,2025,aim3_target_metrics_v2.parquet,374e15163c404aa19bf8453d170490862689d4b0db1c5d34b0e6dea8f075e1b8,14
target_centrality,T:2686953,3405.0,cnes,B,2025,aim3_target_metrics_v2.parquet,374e15163c404aa19bf8453d170490862689d4b0db1c5d34b0e6dea8f075e1b8,18
target_centrality,T:2688433,0.0,cnes,B,2025,aim3_target_metrics_v2.parquet,374e15163c404aa19bf8453d170490862689d4b0db1c5d34b0e6dea8f075e1b8,10
target_centrality,T:2688689,0.0,cnes,B,2025,aim3_target_metrics_v2.parquet,374e15163c404aa19bf8453d170490862689d4b0db1c5d34b0e6dea8f075e1b8,12
target_centrality,T:2691841,167.0,cnes,B,2025,aim3_target_metrics_v2.parquet,374e15163c404aa19bf8453d170490862689d4b0db1c5d34b0e6dea8f075e1b8,6
target_centrality,T:2696940,0.0,cnes,B,2025,aim3_target_metrics_v2.parquet,374e15163c404aa19bf8453d170490862689d4b0db1c5d34b0e6dea8f075e1b8,<5
target_centrality,T:2704900,210728.0,cnes,B,2025,aim3_target_metrics_v2.parquet,374e15163c404aa19bf8453d170490862689d4b0db1c5d34b0e6dea8f075e1b8,44
target_centrality,T:2705982,16915.0,cnes,B,2025,aim3_target_metrics_v2.parquet,374e15163c404aa19bf8453d170490862689d4b0db1c5d34b0e6dea8f075e1b8,37
target_centrality,T:2707675,180.0,cnes,B,2025,aim3_target_metrics_v2.parquet,374e15163c404aa19bf8453d170490862689d4b0db1c5d34b0e6dea8f075e1b8,16
target_centrality,T:2707918,1755.0,cnes,B,2025,aim3_target_metrics_v2.parquet,374e15163c404aa19bf8453d170490862689d4b0db1c5d34b0e6dea8f075e1b8,22
target_centrality,T:2710935,0.0,cnes,B,2025,aim3_target_metrics_v2.parquet,374e15163c404aa19bf8453d170490862689d4b0db1c5d34b0e6dea8f075e1b8,<5
target_centrality,T:2726653,170.0,cnes,B,2025,aim3_target_metrics_v2.parquet,374e15163c404aa19bf8453d170490862689d4b0db1c5d34b0e6dea8f075e1b8,8
target_centrality,T:2726971,300.0,cnes,B,2025,aim3_target_metrics_v2.parquet,374e15163c404aa19bf8453d170490862689d4b0db1c5d34b0e6dea8f075e1b8,27
target_centrality,T:2733307,1.0,cnes,B,2025,aim3_target_metrics_v2.parquet,374e15163c404aa19bf8453d170490862689d4b0db1c5d34b0e6dea8f075e1b8,<5
target_centrality,T:2738309,21790.0,cnes,B,2025,aim3_target_metrics_v2.parquet,374e15163c404aa19bf8453d170490862689d4b0db1c5d34b0e6dea8f075e1b8,19
target_centrality,T:2738368,25335.0,cnes,B,2025,aim3_target_metrics_v2.parquet,374e15163c404aa19bf8453d170490862689d4b0db1c5d34b0e6dea8f075e1b8,25
target_centrality,T:2740338,5085.0,cnes,B,2025,aim3_target_metrics_v2.parquet,374e15163c404aa19bf8453d170490862689d4b0db1c5d34b0e6dea8f075e1b8,<5
target_centrality,T:2743469,72438.5,cnes,B,2025,aim3_target_metrics_v2.parquet,374e15163c404aa19bf8453d170490862689d4b0db1c5d34b0e6dea8f075e1b8,5
target_centrality,T:2748029,6516.0,cnes,B,2025,aim3_target_metrics_v2.parquet,374e15163c404aa19bf8453d170490862689d4b0db1c5d34b0e6dea8f075e1b8,7
target_centrality,T:2748223,21970.0,cnes,B,2025,aim3_target_metrics_v2.parquet,374e15163c404aa19bf8453d170490862689d4b0db1c5d34b0e6dea8f075e1b8,43
target_centrality,T:2752700,94367.5,cnes,B,2025,aim3_target_metrics_v2.parquet,374e15163c404aa19bf8453d170490862689d4b0db1c5d34b0e6dea8f075e1b8,29
target_centrality,T:2753278,2.0,cnes,B,2025,aim3_target_metrics_v2.parquet,374e15163c404aa19bf8453d170490862689d4b0db1c5d34b0e6dea8f075e1b8,14
target_centrality,T:2755130,320247.0,cnes,B,2025,aim3_target_metrics_v2.parquet,374e15163c404aa19bf8453d170490862689d4b0db1c5d34b0e6dea8f075e1b8,51
target_centrality,T:2756951,0.0,cnes,B,2025,aim3_target_metrics_v2.parquet,374e15163c404aa19bf8453d170490862689d4b0db1c5d34b0e6dea8f075e1b8,12
target_centrality,T:2758164,167.0,cnes,B,2025,aim3_target_metrics_v2.parquet,374e15163c404aa19bf8453d170490862689d4b0db1c5d34b0e6dea8f075e1b8,<5
target_centrality,T:2761092,0.0,cnes,B,2025,aim3_target_metrics_v2.parquet,374e15163c404aa19bf8453d170490862689d4b0db1c5d34b0e6dea8f075e1b8,<5
target_centrality,T:2767953,0.0,cnes,B,2025,aim3_target_metrics_v2.parquet,374e15163c404aa19bf8453d170490862689d4b0db1c5d34b0e6dea8f075e1b8,<5
target_centrality,T:2772310,2608.5,cnes,B,2025,aim3_target_metrics_v2.parquet,374e15163c404aa19bf8453d170490862689d4b0db1c5d34b0e6dea8f075e1b8,13
target_centrality,T:2781859,16949.5,cnes,B,2025,aim3_target_metrics_v2.parquet,374e15163c404aa19bf8453d170490862689d4b0db1c5d34b0e6dea8f075e1b8,26
target_centrality,T:2786117,55.0,cnes,B,2025,aim3_target_metrics_v2.parquet,374e15163c404aa19bf8453d170490862689d4b0db1c5d34b0e6dea8f075e1b8,34
target_centrality,T:2786435,11897.0,cnes,B,2025,aim3_target_metrics_v2.parquet,374e15163c404aa19bf8453d170490862689d4b0db1c5d34b0e6dea8f075e1b8,50
target_centrality,T:2790602,60295.5,cnes,B,2025,aim3_target_metrics_v2.parquet,374e15163c404aa19bf8453d170490862689d4b0db1c5d34b0e6dea8f075e1b8,132
target_centrality,T:2791722,6778.5,cnes,B,2025,aim3_target_metrics_v2.parquet,374e15163c404aa19bf8453d170490862689d4b0db1c5d34b0e6dea8f075e1b8,23
target_centrality,T:2792168,0.0,cnes,B,2025,aim3_target_metrics_v2.parquet,374e15163c404aa19bf8453d170490862689d4b0db1c5d34b0e6dea8f075e1b8,<5
target_centrality,T:2792176,5085.0,cnes,B,2025,aim3_target_metrics_v2.parquet,374e15163c404aa19bf8453d170490862689d4b0db1c5d34b0e6dea8f075e1b8,15
target_centrality,T:2795655,38733.5,cnes,B,2025,aim3_target_metrics_v2.parquet,374e15163c404aa19bf8453d170490862689d4b0db1c5d34b0e6dea8f075e1b8,48
target_centrality,T:2798298,0.0,cnes,B,2025,aim3_target_metrics_v2.parquet,374e15163c404aa19bf8453d170490862689d4b0db1c5d34b0e6dea8f075e1b8,29
target_centrality,T:2798484,66465.0,cnes,B,2025,aim3_target_metrics_v2.parquet,374e15163c404aa19bf8453d170490862689d4b0db1c5d34b0e6dea8f075e1b8,13
target_centrality,T:2798662,6779.0,cnes,B,2025,aim3_target_metrics_v2.parquet,374e15163c404aa19bf8453d170490862689d4b0db1c5d34b0e6dea8f075e1b8,36
target_centrality,T:2799758,440833.91666666657,cnes,B,2025,aim3_target_metrics_v2.parquet,374e15163c404aa19bf8453d170490862689d4b0db1c5d34b0e6dea8f075e1b8,150
target_centrality,T:2802783,291286.5,cnes,B,2025,aim3_target_metrics_v2.parquet,374e15163c404aa19bf8453d170490862689d4b0db1c5d34b0e6dea8f075e1b8,249
target_centrality,T:2816210,1696.0,cnes,B,2025,aim3_target_metrics_v2.parquet,374e15163c404aa19bf8453d170490862689d4b0db1c5d34b0e6dea8f075e1b8,6
target_centrality,T:2945622,38634.0,cnes,B,2025,aim3_target_metrics_v2.parquet,374e15163c404aa19bf8453d170490862689d4b0db1c5d34b0e6dea8f075e1b8,9
target_centrality,T:3075516,3351.0,cnes,B,2025,aim3_target_metrics_v2.parquet,374e15163c404aa19bf8453d170490862689d4b0db1c5d34b0e6dea8f075e1b8,<5
target_centrality,T:3126838,8573.0,cnes,B,2025,aim3_target_metrics_v2.parquet,374e15163c404aa19bf8453d170490862689d4b0db1c5d34b0e6dea8f075e1b8,26
target_centrality,T:3157245,2217.0,cnes,B,2025,aim3_target_metrics_v2.parquet,374e15163c404aa19bf8453d170490862689d4b0db1c5d34b0e6dea8f075e1b8,51
target_centrality,T:3212130,6772.0,cnes,B,2025,aim3_target_metrics_v2.parquet,374e15163c404aa19bf8453d170490862689d4b0db1c5d34b0e6dea8f075e1b8,64
target_centrality,T:3285391,226.0,cnes,B,2025,aim3_target_metrics_v2.parquet,374e15163c404aa19bf8453d170490862689d4b0db1c5d34b0e6dea8f075e1b8,38
target_centrality,T:3508528,745.0,cnes,B,2025,aim3_target_metrics_v2.parquet,374e15163c404aa19bf8453d170490862689d4b0db1c5d34b0e6dea8f075e1b8,57
target_centrality,T:3675580,0.0,cnes,B,2025,aim3_target_metrics_v2.parquet,374e15163c404aa19bf8453d170490862689d4b0db1c5d34b0e6dea8f075e1b8,<5
target_centrality,T:3972925,0.0,cnes,B,2025,aim3_target_metrics_v2.parquet,374e15163c404aa19bf8453d170490862689d4b0db1c5d34b0e6dea8f075e1b8,<5
target_centrality,T:4001303,82714.0,cnes,B,2025,aim3_target_metrics_v2.parquet,374e15163c404aa19bf8453d170490862689d4b0db1c5d34b0e6dea8f075e1b8,43
target_centrality,T:4005732,0.0,cnes,B,2025,aim3_target_metrics_v2.parquet,374e15163c404aa19bf8453d170490862689d4b0db1c5d34b0e6dea8f075e1b8,<5
target_centrality,T:4028155,144438.0,cnes,B,2025,aim3_target_metrics_v2.parquet,374e15163c404aa19bf8453d170490862689d4b0db1c5d34b0e6dea8f075e1b8,36
target_centrality,T:4034236,0.0,cnes,B,2025,aim3_target_metrics_v2.parquet,374e15163c404aa19bf8453d170490862689d4b0db1c5d34b0e6dea8f075e1b8,5
target_centrality,T:4044916,50165.5,cnes,B,2025,aim3_target_metrics_v2.parquet,374e15163c404aa19bf8453d170490862689d4b0db1c5d34b0e6dea8f075e1b8,50
target_centrality,T:4056752,0.0,cnes,B,2025,aim3_target_metrics_v2.parquet,374e15163c404aa19bf8453d170490862689d4b0db1c5d34b0e6dea8f075e1b8,<5
target_centrality,T:4190203,16800.0,cnes,B,2025,aim3_target_metrics_v2.parquet,374e15163c404aa19bf8453d170490862689d4b0db1c5d34b0e6dea8f075e1b8,37
target_centrality,T:4578732,25336.0,cnes,B,2025,aim3_target_metrics_v2.parquet,374e15163c404aa19bf8453d170490862689d4b0db1c5d34b0e6dea8f075e1b8,73
target_centrality,T:4635612,1696.0,cnes,B,2025,aim3_target_metrics_v2.parquet,374e15163c404aa19bf8453d170490862689d4b0db1c5d34b0e6dea8f075e1b8,13
target_centrality,T:4943309,0.0,cnes,B,2025,aim3_target_metrics_v2.parquet,374e15163c404aa19bf8453d170490862689d4b0db1c5d34b0e6dea8f075e1b8,<5
target_centrality,T:4963938,0.0,cnes,B,2025,aim3_target_metrics_v2.parquet,374e15163c404aa19bf8453d170490862689d4b0db1c5d34b0e6dea8f075e1b8,<5
target_centrality,T:5061989,11851.0,cnes,B,2025,aim3_target_metrics_v2.parquet,374e15163c404aa19bf8453d170490862689d4b0db1c5d34b0e6dea8f075e1b8,74
target_centrality,T:5169976,1696.0,cnes,B,2025,aim3_target_metrics_v2.parquet,374e15163c404aa19bf8453d170490862689d4b0db1c5d34b0e6dea8f075e1b8,8
target_centrality,T:5200105,0.0,cnes,B,2025,aim3_target_metrics_v2.parquet,374e15163c404aa19bf8453d170490862689d4b0db1c5d34b0e6dea8f075e1b8,15
target_centrality,T:5274990,11714.5,cnes,B,2025,aim3_target_metrics_v2.parquet,374e15163c404aa19bf8453d170490862689d4b0db1c5d34b0e6dea8f075e1b8,48
target_centrality,T:5336171,28.0,cnes,B,2025,aim3_target_metrics_v2.parquet,374e15163c404aa19bf8453d170490862689d4b0db1c5d34b0e6dea8f075e1b8,22
target_centrality,T:5412447,1.0,cnes,B,2025,aim3_target_metrics_v2.parquet,374e15163c404aa19bf8453d170490862689d4b0db1c5d34b0e6dea8f075e1b8,32
target_centrality,T:5585422,30297.5,cnes,B,2025,aim3_target_metrics_v2.parquet,374e15163c404aa19bf8453d170490862689d4b0db1c5d34b0e6dea8f075e1b8,68
target_centrality,T:5597501,5085.0,cnes,B,2025,aim3_target_metrics_v2.parquet,374e15163c404aa19bf8453d170490862689d4b0db1c5d34b0e6dea8f075e1b8,14
target_centrality,T:5599504,29583.0,cnes,B,2025,aim3_target_metrics_v2.parquet,374e15163c404aa19bf8453d170490862689d4b0db1c5d34b0e6dea8f075e1b8,78
target_centrality,T:5717515,0.0,cnes,B,2025,aim3_target_metrics_v2.parquet,374e15163c404aa19bf8453d170490862689d4b0db1c5d34b0e6dea8f075e1b8,<5
target_centrality,T:5860490,3391.0,cnes,B,2025,aim3_target_metrics_v2.parquet,374e15163c404aa19bf8453d170490862689d4b0db1c5d34b0e6dea8f075e1b8,9
target_centrality,T:6007317,940.0,cnes,B,2025,aim3_target_metrics_v2.parquet,374e15163c404aa19bf8453d170490862689d4b0db1c5d34b0e6dea8f075e1b8,13
target_centrality,T:6069134,0.0,cnes,B,2025,aim3_target_metrics_v2.parquet,374e15163c404aa19bf8453d170490862689d4b0db1c5d34b0e6dea8f075e1b8,<5
target_centrality,T:6085423,5085.5,cnes,B,2025,aim3_target_metrics_v2.parquet,374e15163c404aa19bf8453d170490862689d4b0db1c5d34b0e6dea8f075e1b8,8
target_centrality,T:6095666,5096.0,cnes,B,2025,aim3_target_metrics_v2.parquet,374e15163c404aa19bf8453d170490862689d4b0db1c5d34b0e6dea8f075e1b8,47
target_centrality,T:6431569,0.0,cnes,B,2025,aim3_target_metrics_v2.parquet,374e15163c404aa19bf8453d170490862689d4b0db1c5d34b0e6dea8f075e1b8,<5
target_centrality,T:6542638,7770.833333333334,cnes,B,2025,aim3_target_metrics_v2.parquet,374e15163c404aa19bf8453d170490862689d4b0db1c5d34b0e6dea8f075e1b8,14
target_centrality,T:6595197,20729.083333333332,cnes,B,2025,aim3_target_metrics_v2.parquet,374e15163c404aa19bf8453d170490862689d4b0db1c5d34b0e6dea8f075e1b8,91
target_centrality,T:6601804,0.0,cnes,B,2025,aim3_target_metrics_v2.parquet,374e15163c404aa19bf8453d170490862689d4b0db1c5d34b0e6dea8f075e1b8,9
target_centrality,T:6665322,20648.0,cnes,B,2025,aim3_target_metrics_v2.parquet,374e15163c404aa19bf8453d170490862689d4b0db1c5d34b0e6dea8f075e1b8,31
target_centrality,T:6756107,271794.0,cnes,B,2025,aim3_target_metrics_v2.parquet,374e15163c404aa19bf8453d170490862689d4b0db1c5d34b0e6dea8f075e1b8,501
target_centrality,T:6779522,11858.0,cnes,B,2025,aim3_target_metrics_v2.parquet,374e15163c404aa19bf8453d170490862689d4b0db1c5d34b0e6dea8f075e1b8,32
target_centrality,T:6848710,19653.5,cnes,B,2025,aim3_target_metrics_v2.parquet,374e15163c404aa19bf8453d170490862689d4b0db1c5d34b0e6dea8f075e1b8,61
target_centrality,T:6878687,1697.0,cnes,B,2025,aim3_target_metrics_v2.parquet,374e15163c404aa19bf8453d170490862689d4b0db1c5d34b0e6dea8f075e1b8,<5
target_centrality,T:6920977,0.0,cnes,B,2025,aim3_target_metrics_v2.parquet,374e15163c404aa19bf8453d170490862689d4b0db1c5d34b0e6dea8f075e1b8,<5
target_centrality,T:6995462,0.0,cnes,B,2025,aim3_target_metrics_v2.parquet,374e15163c404aa19bf8453d170490862689d4b0db1c5d34b0e6dea8f075e1b8,<5
target_centrality,T:7061021,53850.99999999999,cnes,B,2025,aim3_target_metrics_v2.parquet,374e15163c404aa19bf8453d170490862689d4b0db1c5d34b0e6dea8f075e1b8,80
target_centrality,T:7066376,0.0,cnes,B,2025,aim3_target_metrics_v2.parquet,374e15163c404aa19bf8453d170490862689d4b0db1c5d34b0e6dea8f075e1b8,<5
target_centrality,T:7257406,74478.0,cnes,B,2025,aim3_target_metrics_v2.parquet,374e15163c404aa19bf8453d170490862689d4b0db1c5d34b0e6dea8f075e1b8,83
target_centrality,T:7373465,0.0,cnes,B,2025,aim3_target_metrics_v2.parquet,374e15163c404aa19bf8453d170490862689d4b0db1c5d34b0e6dea8f075e1b8,24
target_centrality,T:7400926,0.0,cnes,B,2025,aim3_target_metrics_v2.parquet,374e15163c404aa19bf8453d170490862689d4b0db1c5d34b0e6dea8f075e1b8,<5
target_centrality,T:7498810,280345.5,cnes,B,2025,aim3_target_metrics_v2.parquet,374e15163c404aa19bf8453d170490862689d4b0db1c5d34b0e6dea8f075e1b8,270
target_centrality,T:7513151,180.0,cnes,B,2025,aim3_target_metrics_v2.parquet,374e15163c404aa19bf8453d170490862689d4b0db1c5d34b0e6dea8f075e1b8,27
target_centrality,T:7564546,6778.0,cnes,B,2025,aim3_target_metrics_v2.parquet,374e15163c404aa19bf8453d170490862689d4b0db1c5d34b0e6dea8f075e1b8,76
target_centrality,T:7573162,119180.5,cnes,B,2025,aim3_target_metrics_v2.parquet,374e15163c404aa19bf8453d170490862689d4b0db1c5d34b0e6dea8f075e1b8,42
target_centrality,T:7743068,21010.5,cnes,B,2025,aim3_target_metrics_v2.parquet,374e15163c404aa19bf8453d170490862689d4b0db1c5d34b0e6dea8f075e1b8,56
target_centrality,T:7866801,6632.333333333333,cnes,B,2025,aim3_target_metrics_v2.parquet,374e15163c404aa19bf8453d170490862689d4b0db1c5d34b0e6dea8f075e1b8,186
target_centrality,T:7967012,233363.0,cnes,B,2025,aim3_target_metrics_v2.parquet,374e15163c404aa19bf8453d170490862689d4b0db1c5d34b0e6dea8f075e1b8,66
target_centrality,T:9065768,249.0,cnes,B,2025,aim3_target_metrics_v2.parquet,374e15163c404aa19bf8453d170490862689d4b0db1c5d34b0e6dea8f075e1b8,10
target_centrality,T:9209352,121560.5,cnes,B,2025,aim3_target_metrics_v2.parquet,374e15163c404aa19bf8453d170490862689d4b0db1c5d34b0e6dea8f075e1b8,37
target_centrality,T:9388133,5410.249999999998,cnes,B,2025,aim3_target_metrics_v2.parquet,374e15163c404aa19bf8453d170490862689d4b0db1c5d34b0e6dea8f075e1b8,18
target_centrality,T:9425802,7147.5,cnes,B,2025,aim3_target_metrics_v2.parquet,374e15163c404aa19bf8453d170490862689d4b0db1c5d34b0e6dea8f075e1b8,10
target_centrality,T:9443665,0.0,cnes,B,2025,aim3_target_metrics_v2.parquet,374e15163c404aa19bf8453d170490862689d4b0db1c5d34b0e6dea8f075e1b8,23
target_centrality,T:9465464,47075.0,cnes,B,2025,aim3_target_metrics_v2.parquet,374e15163c404aa19bf8453d170490862689d4b0db1c5d34b0e6dea8f075e1b8,152
target_centrality,T:9491112,134.5,cnes,B,2025,aim3_target_metrics_v2.parquet,374e15163c404aa19bf8453d170490862689d4b0db1c5d34b0e6dea8f075e1b8,37
target_centrality,T:9491252,26331.0,cnes,B,2025,aim3_target_metrics_v2.parquet,374e15163c404aa19bf8453d170490862689d4b0db1c5d34b0e6dea8f075e1b8,11
target_centrality,T:9516255,5085.0,cnes,B,2025,aim3_target_metrics_v2.parquet,374e15163c404aa19bf8453d170490862689d4b0db1c5d34b0e6dea8f075e1b8,26
target_centrality,T:9543856,8913.666666666666,cnes,B,2025,aim3_target_metrics_v2.parquet,374e15163c404aa19bf8453d170490862689d4b0db1c5d34b0e6dea8f075e1b8,148
target_centrality,T:9556095,6.0,cnes,B,2025,aim3_target_metrics_v2.parquet,374e15163c404aa19bf8453d170490862689d4b0db1c5d34b0e6dea8f075e1b8,<5
target_centrality,T:9575936,6618.166666666667,cnes,B,2025,aim3_target_metrics_v2.parquet,374e15163c404aa19bf8453d170490862689d4b0db1c5d34b0e6dea8f075e1b8,84
target_centrality,T:9680977,0.0,cnes,B,2025,aim3_target_metrics_v2.parquet,374e15163c404aa19bf8453d170490862689d4b0db1c5d34b0e6dea8f075e1b8,22
target_centrality,T:9681752,8470.0,cnes,B,2025,aim3_target_metrics_v2.parquet,374e15163c404aa19bf8453d170490862689d4b0db1c5d34b0e6dea8f075e1b8,18
target_centrality,T:9841903,126443.5,cnes,B,2025,aim3_target_metrics_v2.parquet,374e15163c404aa19bf8453d170490862689d4b0db1c5d34b0e6dea8f075e1b8,30
target_centrality,T:0000396,7281.0,cnes,B,pooled,aim3_target_metrics_v2.parquet,374e15163c404aa19bf8453d170490862689d4b0db1c5d34b0e6dea8f075e1b8,24
target_centrality,T:0000418,106500.0,cnes,B,pooled,aim3_target_metrics_v2.parquet,374e15163c404aa19bf8453d170490862689d4b0db1c5d34b0e6dea8f075e1b8,54
target_centrality,T:0000426,14175.0,cnes,B,pooled,aim3_target_metrics_v2.parquet,374e15163c404aa19bf8453d170490862689d4b0db1c5d34b0e6dea8f075e1b8,257
target_centrality,T:0000434,10778.0,cnes,B,pooled,aim3_target_metrics_v2.parquet,374e15163c404aa19bf8453d170490862689d4b0db1c5d34b0e6dea8f075e1b8,73
target_centrality,T:0000477,297659.5,cnes,B,pooled,aim3_target_metrics_v2.parquet,374e15163c404aa19bf8453d170490862689d4b0db1c5d34b0e6dea8f075e1b8,90
target_centrality,T:0000655,152530.0,cnes,B,pooled,aim3_target_metrics_v2.parquet,374e15163c404aa19bf8453d170490862689d4b0db1c5d34b0e6dea8f075e1b8,115
target_centrality,T:0002283,218727.5,cnes,B,pooled,aim3_target_metrics_v2.parquet,374e15163c404aa19bf8453d170490862689d4b0db1c5d34b0e6dea8f075e1b8,205
target_centrality,T:0002534,10925.0,cnes,B,pooled,aim3_target_metrics_v2.parquet,374e15163c404aa19bf8453d170490862689d4b0db1c5d34b0e6dea8f075e1b8,27
target_centrality,T:0003816,14558.0,cnes,B,pooled,aim3_target_metrics_v2.parquet,374e15163c404aa19bf8453d170490862689d4b0db1c5d34b0e6dea8f075e1b8,40
target_centrality,T:0003859,1597433.0,cnes,B,pooled,aim3_target_metrics_v2.parquet,374e15163c404aa19bf8453d170490862689d4b0db1c5d34b0e6dea8f075e1b8,1810
target_centrality,T:0004251,0.0,cnes,B,pooled,aim3_target_metrics_v2.parquet,374e15163c404aa19bf8453d170490862689d4b0db1c5d34b0e6dea8f075e1b8,10
target_centrality,T:0008028,0.0,cnes,B,pooled,aim3_target_metrics_v2.parquet,374e15163c404aa19bf8453d170490862689d4b0db1c5d34b0e6dea8f075e1b8,<5
target_centrality,T:0008052,0.0,cnes,B,pooled,aim3_target_metrics_v2.parquet,374e15163c404aa19bf8453d170490862689d4b0db1c5d34b0e6dea8f075e1b8,14
target_centrality,T:0009601,0.0,cnes,B,pooled,aim3_target_metrics_v2.parquet,374e15163c404aa19bf8453d170490862689d4b0db1c5d34b0e6dea8f075e1b8,<5
target_centrality,T:0009628,3641.0,cnes,B,pooled,aim3_target_metrics_v2.parquet,374e15163c404aa19bf8453d170490862689d4b0db1c5d34b0e6dea8f075e1b8,110
target_centrality,T:0009709,14561.0,cnes,B,pooled,aim3_target_metrics_v2.parquet,374e15163c404aa19bf8453d170490862689d4b0db1c5d34b0e6dea8f075e1b8,46
target_centrality,T:0009717,20735.5,cnes,B,pooled,aim3_target_metrics_v2.parquet,374e15163c404aa19bf8453d170490862689d4b0db1c5d34b0e6dea8f075e1b8,67
target_centrality,T:0009725,76347.5,cnes,B,pooled,aim3_target_metrics_v2.parquet,374e15163c404aa19bf8453d170490862689d4b0db1c5d34b0e6dea8f075e1b8,100
target_centrality,T:0010456,619287.0,cnes,B,pooled,aim3_target_metrics_v2.parquet,374e15163c404aa19bf8453d170490862689d4b0db1c5d34b0e6dea8f075e1b8,113
target_centrality,T:0010472,0.0,cnes,B,pooled,aim3_target_metrics_v2.parquet,374e15163c404aa19bf8453d170490862689d4b0db1c5d34b0e6dea8f075e1b8,<5
target_centrality,T:0010480,0.0,cnes,B,pooled,aim3_target_metrics_v2.parquet,374e15163c404aa19bf8453d170490862689d4b0db1c5d34b0e6dea8f075e1b8,<5
target_centrality,T:0010499,287376.0,cnes,B,pooled,aim3_target_metrics_v2.parquet,374e15163c404aa19bf8453d170490862689d4b0db1c5d34b0e6dea8f075e1b8,178
target_centrality,T:0010502,0.0,cnes,B,pooled,aim3_target_metrics_v2.parquet,374e15163c404aa19bf8453d170490862689d4b0db1c5d34b0e6dea8f075e1b8,8
target_centrality,T:0010510,126285.5,cnes,B,pooled,aim3_target_metrics_v2.parquet,374e15163c404aa19bf8453d170490862689d4b0db1c5d34b0e6dea8f075e1b8,34
target_centrality,T:0011746,25466.0,cnes,B,pooled,aim3_target_metrics_v2.parquet,374e15163c404aa19bf8453d170490862689d4b0db1c5d34b0e6dea8f075e1b8,81
target_centrality,T:0012505,8546.0,cnes,B,pooled,aim3_target_metrics_v2.parquet,374e15163c404aa19bf8453d170490862689d4b0db1c5d34b0e6dea8f075e1b8,29
target_centrality,T:0013633,81650.83333333333,cnes,B,pooled,aim3_target_metrics_v2.parquet,374e15163c404aa19bf8453d170490862689d4b0db1c5d34b0e6dea8f075e1b8,60
target_centrality,T:0013846,9.833333333333334,cnes,B,pooled,aim3_target_metrics_v2.parquet,374e15163c404aa19bf8453d170490862689d4b0db1c5d34b0e6dea8f075e1b8,12
target_centrality,T:0014109,69899.0,cnes,B,pooled,aim3_target_metrics_v2.parquet,374e15163c404aa19bf8453d170490862689d4b0db1c5d34b0e6dea8f075e1b8,94
target_centrality,T:0015245,41623.5,cnes,B,pooled,aim3_target_metrics_v2.parquet,374e15163c404aa19bf8453d170490862689d4b0db1c5d34b0e6dea8f075e1b8,61
target_centrality,T:0015369,0.0,cnes,B,pooled,aim3_target_metrics_v2.parquet,374e15163c404aa19bf8453d170490862689d4b0db1c5d34b0e6dea8f075e1b8,8
target_centrality,T:0015407,556995.8333333333,cnes,B,pooled,aim3_target_metrics_v2.parquet,374e15163c404aa19bf8453d170490862689d4b0db1c5d34b0e6dea8f075e1b8,76
target_centrality,T:0015423,3641.0,cnes,B,pooled,aim3_target_metrics_v2.parquet,374e15163c404aa19bf8453d170490862689d4b0db1c5d34b0e6dea8f075e1b8,25
target_centrality,T:0015644,3359.0,cnes,B,pooled,aim3_target_metrics_v2.parquet,374e15163c404aa19bf8453d170490862689d4b0db1c5d34b0e6dea8f075e1b8,10
target_centrality,T:0026808,14568.333333333334,cnes,B,pooled,aim3_target_metrics_v2.parquet,374e15163c404aa19bf8453d170490862689d4b0db1c5d34b0e6dea8f075e1b8,54
target_centrality,T:0027014,523499.8333333333,cnes,B,pooled,aim3_target_metrics_v2.parquet,374e15163c404aa19bf8453d170490862689d4b0db1c5d34b0e6dea8f075e1b8,301
target_centrality,T:0027022,7281.0,cnes,B,pooled,aim3_target_metrics_v2.parquet,374e15163c404aa19bf8453d170490862689d4b0db1c5d34b0e6dea8f075e1b8,39
target_centrality,T:0027049,43062.0,cnes,B,pooled,aim3_target_metrics_v2.parquet,374e15163c404aa19bf8453d170490862689d4b0db1c5d34b0e6dea8f075e1b8,85
target_centrality,T:0027863,7539.0,cnes,B,pooled,aim3_target_metrics_v2.parquet,374e15163c404aa19bf8453d170490862689d4b0db1c5d34b0e6dea8f075e1b8,131
target_centrality,T:0086673,3641.0,cnes,B,pooled,aim3_target_metrics_v2.parquet,374e15163c404aa19bf8453d170490862689d4b0db1c5d34b0e6dea8f075e1b8,44
target_centrality,T:0092894,3659.0,cnes,B,pooled,aim3_target_metrics_v2.parquet,374e15163c404aa19bf8453d170490862689d4b0db1c5d34b0e6dea8f075e1b8,20
target_centrality,T:0102105,0.0,cnes,B,pooled,aim3_target_metrics_v2.parquet,374e15163c404aa19bf8453d170490862689d4b0db1c5d34b0e6dea8f075e1b8,<5
target_centrality,T:0136581,126843.0,cnes,B,pooled,aim3_target_metrics_v2.parquet,374e15163c404aa19bf8453d170490862689d4b0db1c5d34b0e6dea8f075e1b8,87
target_centrality,T:0179817,14447.0,cnes,B,pooled,aim3_target_metrics_v2.parquet,374e15163c404aa19bf8453d170490862689d4b0db1c5d34b0e6dea8f075e1b8,12
target_centrality,T:0220027,25470.0,cnes,B,pooled,aim3_target_metrics_v2.parquet,374e15163c404aa19bf8453d170490862689d4b0db1c5d34b0e6dea8f075e1b8,16
target_centrality,T:0220337,194237.0,cnes,B,pooled,aim3_target_metrics_v2.parquet,374e15163c404aa19bf8453d170490862689d4b0db1c5d34b0e6dea8f075e1b8,75
target_centrality,T:0226491,29407.5,cnes,B,pooled,aim3_target_metrics_v2.parquet,374e15163c404aa19bf8453d170490862689d4b0db1c5d34b0e6dea8f075e1b8,86
target_centrality,T:0547484,59247.5,cnes,B,pooled,aim3_target_metrics_v2.parquet,374e15163c404aa19bf8453d170490862689d4b0db1c5d34b0e6dea8f075e1b8,55
target_centrality,T:0607126,0.0,cnes,B,pooled,aim3_target_metrics_v2.parquet,374e15163c404aa19bf8453d170490862689d4b0db1c5d34b0e6dea8f075e1b8,5
target_centrality,T:2012677,0.0,cnes,B,pooled,aim3_target_metrics_v2.parquet,374e15163c404aa19bf8453d170490862689d4b0db1c5d34b0e6dea8f075e1b8,<5
target_centrality,T:2012685,0.0,cnes,B,pooled,aim3_target_metrics_v2.parquet,374e15163c404aa19bf8453d170490862689d4b0db1c5d34b0e6dea8f075e1b8,<5
target_centrality,T:2013649,109690.5,cnes,B,pooled,aim3_target_metrics_v2.parquet,374e15163c404aa19bf8453d170490862689d4b0db1c5d34b0e6dea8f075e1b8,543
target_centrality,T:2017644,0.0,cnes,B,pooled,aim3_target_metrics_v2.parquet,374e15163c404aa19bf8453d170490862689d4b0db1c5d34b0e6dea8f075e1b8,16
target_centrality,T:2019574,3641.0,cnes,B,pooled,aim3_target_metrics_v2.parquet,374e15163c404aa19bf8453d170490862689d4b0db1c5d34b0e6dea8f075e1b8,8
target_centrality,T:2020645,0.0,cnes,B,pooled,aim3_target_metrics_v2.parquet,374e15163c404aa19bf8453d170490862689d4b0db1c5d34b0e6dea8f075e1b8,6
target_centrality,T:2020890,25466.0,cnes,B,pooled,aim3_target_metrics_v2.parquet,374e15163c404aa19bf8453d170490862689d4b0db1c5d34b0e6dea8f075e1b8,118
target_centrality,T:2024691,22506.0,cnes,B,pooled,aim3_target_metrics_v2.parquet,374e15163c404aa19bf8453d170490862689d4b0db1c5d34b0e6dea8f075e1b8,110
target_centrality,T:2025361,0.0,cnes,B,pooled,aim3_target_metrics_v2.parquet,374e15163c404aa19bf8453d170490862689d4b0db1c5d34b0e6dea8f075e1b8,17
target_centrality,T:2025507,97993.0,cnes,B,pooled,aim3_target_metrics_v2.parquet,374e15163c404aa19bf8453d170490862689d4b0db1c5d34b0e6dea8f075e1b8,66
target_centrality,T:2025752,2.0,cnes,B,pooled,aim3_target_metrics_v2.parquet,374e15163c404aa19bf8453d170490862689d4b0db1c5d34b0e6dea8f075e1b8,109
target_centrality,T:2066092,0.0,cnes,B,pooled,aim3_target_metrics_v2.parquet,374e15163c404aa19bf8453d170490862689d4b0db1c5d34b0e6dea8f075e1b8,230
target_centrality,T:2076926,0.0,cnes,B,pooled,aim3_target_metrics_v2.parquet,374e15163c404aa19bf8453d170490862689d4b0db1c5d34b0e6dea8f075e1b8,23
target_centrality,T:2077396,450619.5,cnes,B,pooled,aim3_target_metrics_v2.parquet,374e15163c404aa19bf8453d170490862689d4b0db1c5d34b0e6dea8f075e1b8,461
target_centrality,T:2077477,0.0,cnes,B,pooled,aim3_target_metrics_v2.parquet,374e15163c404aa19bf8453d170490862689d4b0db1c5d34b0e6dea8f075e1b8,25
target_centrality,T:2077485,3477.0,cnes,B,pooled,aim3_target_metrics_v2.parquet,374e15163c404aa19bf8453d170490862689d4b0db1c5d34b0e6dea8f075e1b8,62
target_centrality,T:2077523,0.0,cnes,B,pooled,aim3_target_metrics_v2.parquet,374e15163c404aa19bf8453d170490862689d4b0db1c5d34b0e6dea8f075e1b8,10
target_centrality,T:2077531,0.0,cnes,B,pooled,aim3_target_metrics_v2.parquet,374e15163c404aa19bf8453d170490862689d4b0db1c5d34b0e6dea8f075e1b8,9
target_centrality,T:2077574,0.0,cnes,B,pooled,aim3_target_metrics_v2.parquet,374e15163c404aa19bf8453d170490862689d4b0db1c5d34b0e6dea8f075e1b8,15
target_centrality,T:2077620,0.0,cnes,B,pooled,aim3_target_metrics_v2.parquet,374e15163c404aa19bf8453d170490862689d4b0db1c5d34b0e6dea8f075e1b8,14
target_centrality,T:2078015,2661361.6666666684,cnes,B,pooled,aim3_target_metrics_v2.parquet,374e15163c404aa19bf8453d170490862689d4b0db1c5d34b0e6dea8f075e1b8,1381
target_centrality,T:2078562,3647.0,cnes,B,pooled,aim3_target_metrics_v2.parquet,374e15163c404aa19bf8453d170490862689d4b0db1c5d34b0e6dea8f075e1b8,59
target_centrality,T:2078775,21831.0,cnes,B,pooled,aim3_target_metrics_v2.parquet,374e15163c404aa19bf8453d170490862689d4b0db1c5d34b0e6dea8f075e1b8,26
target_centrality,T:2079720,3641.0,cnes,B,pooled,aim3_target_metrics_v2.parquet,374e15163c404aa19bf8453d170490862689d4b0db1c5d34b0e6dea8f075e1b8,69
target_centrality,T:2079798,692912.5,cnes,B,pooled,aim3_target_metrics_v2.parquet,374e15163c404aa19bf8453d170490862689d4b0db1c5d34b0e6dea8f075e1b8,372
target_centrality,T:2079828,4276.0,cnes,B,pooled,aim3_target_metrics_v2.parquet,374e15163c404aa19bf8453d170490862689d4b0db1c5d34b0e6dea8f075e1b8,157
target_centrality,T:2079917,0.0,cnes,B,pooled,aim3_target_metrics_v2.parquet,374e15163c404aa19bf8453d170490862689d4b0db1c5d34b0e6dea8f075e1b8,<5
target_centrality,T:2080184,0.0,cnes,B,pooled,aim3_target_metrics_v2.parquet,374e15163c404aa19bf8453d170490862689d4b0db1c5d34b0e6dea8f075e1b8,5
target_centrality,T:2080338,0.0,cnes,B,pooled,aim3_target_metrics_v2.parquet,374e15163c404aa19bf8453d170490862689d4b0db1c5d34b0e6dea8f075e1b8,116
target_centrality,T:2080346,0.0,cnes,B,pooled,aim3_target_metrics_v2.parquet,374e15163c404aa19bf8453d170490862689d4b0db1c5d34b0e6dea8f075e1b8,111
target_centrality,T:2080354,0.0,cnes,B,pooled,aim3_target_metrics_v2.parquet,374e15163c404aa19bf8453d170490862689d4b0db1c5d34b0e6dea8f075e1b8,<5
target_centrality,T:2080400,7281.0,cnes,B,pooled,aim3_target_metrics_v2.parquet,374e15163c404aa19bf8453d170490862689d4b0db1c5d34b0e6dea8f075e1b8,14
target_centrality,T:2080532,64962.0,cnes,B,pooled,aim3_target_metrics_v2.parquet,374e15163c404aa19bf8453d170490862689d4b0db1c5d34b0e6dea8f075e1b8,31
target_centrality,T:2080680,0.0,cnes,B,pooled,aim3_target_metrics_v2.parquet,374e15163c404aa19bf8453d170490862689d4b0db1c5d34b0e6dea8f075e1b8,12
target_centrality,T:2080931,31699.5,cnes,B,pooled,aim3_target_metrics_v2.parquet,374e15163c404aa19bf8453d170490862689d4b0db1c5d34b0e6dea8f075e1b8,48
target_centrality,T:2081253,3641.0,cnes,B,pooled,aim3_target_metrics_v2.parquet,374e15163c404aa19bf8453d170490862689d4b0db1c5d34b0e6dea8f075e1b8,12
target_centrality,T:2081377,86144.0,cnes,B,pooled,aim3_target_metrics_v2.parquet,374e15163c404aa19bf8453d170490862689d4b0db1c5d34b0e6dea8f075e1b8,11
target_centrality,T:2081458,18181.0,cnes,B,pooled,aim3_target_metrics_v2.parquet,374e15163c404aa19bf8453d170490862689d4b0db1c5d34b0e6dea8f075e1b8,89
target_centrality,T:2081512,0.0,cnes,B,pooled,aim3_target_metrics_v2.parquet,374e15163c404aa19bf8453d170490862689d4b0db1c5d34b0e6dea8f075e1b8,12
target_centrality,T:2081695,148626.5,cnes,B,pooled,aim3_target_metrics_v2.parquet,374e15163c404aa19bf8453d170490862689d4b0db1c5d34b0e6dea8f075e1b8,164
target_centrality,T:2082187,290165.0,cnes,B,pooled,aim3_target_metrics_v2.parquet,374e15163c404aa19bf8453d170490862689d4b0db1c5d34b0e6dea8f075e1b8,170
target_centrality,T:2082527,13276.5,cnes,B,pooled,aim3_target_metrics_v2.parquet,374e15163c404aa19bf8453d170490862689d4b0db1c5d34b0e6dea8f075e1b8,24
target_centrality,T:2082594,0.0,cnes,B,pooled,aim3_target_metrics_v2.parquet,374e15163c404aa19bf8453d170490862689d4b0db1c5d34b0e6dea8f075e1b8,21
target_centrality,T:2082861,3641.0,cnes,B,pooled,aim3_target_metrics_v2.parquet,374e15163c404aa19bf8453d170490862689d4b0db1c5d34b0e6dea8f075e1b8,40
target_centrality,T:2083094,41985.0,cnes,B,pooled,aim3_target_metrics_v2.parquet,374e15163c404aa19bf8453d170490862689d4b0db1c5d34b0e6dea8f075e1b8,50
target_centrality,T:2084163,0.0,cnes,B,pooled,aim3_target_metrics_v2.parquet,374e15163c404aa19bf8453d170490862689d4b0db1c5d34b0e6dea8f075e1b8,<5
target_centrality,T:2084414,0.0,cnes,B,pooled,aim3_target_metrics_v2.parquet,374e15163c404aa19bf8453d170490862689d4b0db1c5d34b0e6dea8f075e1b8,<5
target_centrality,T:2087057,9867.5,cnes,B,pooled,aim3_target_metrics_v2.parquet,374e15163c404aa19bf8453d170490862689d4b0db1c5d34b0e6dea8f075e1b8,82
target_centrality,T:2087103,0.0,cnes,B,pooled,aim3_target_metrics_v2.parquet,374e15163c404aa19bf8453d170490862689d4b0db1c5d34b0e6dea8f075e1b8,<5
target_centrality,T:2087111,3641.0,cnes,B,pooled,aim3_target_metrics_v2.parquet,374e15163c404aa19bf8453d170490862689d4b0db1c5d34b0e6dea8f075e1b8,6
target_centrality,T:2088576,0.0,cnes,B,pooled,aim3_target_metrics_v2.parquet,374e15163c404aa19bf8453d170490862689d4b0db1c5d34b0e6dea8f075e1b8,6
target_centrality,T:2089327,43626.0,cnes,B,pooled,aim3_target_metrics_v2.parquet,374e15163c404aa19bf8453d170490862689d4b0db1c5d34b0e6dea8f075e1b8,68
target_centrality,T:2090236,202321.5,cnes,B,pooled,aim3_target_metrics_v2.parquet,374e15163c404aa19bf8453d170490862689d4b0db1c5d34b0e6dea8f075e1b8,33
target_centrality,T:2092298,0.0,cnes,B,pooled,aim3_target_metrics_v2.parquet,374e15163c404aa19bf8453d170490862689d4b0db1c5d34b0e6dea8f075e1b8,9
target_centrality,T:2092611,14558.0,cnes,B,pooled,aim3_target_metrics_v2.parquet,374e15163c404aa19bf8453d170490862689d4b0db1c5d34b0e6dea8f075e1b8,30
target_centrality,T:2096412,7277.0,cnes,B,pooled,aim3_target_metrics_v2.parquet,374e15163c404aa19bf8453d170490862689d4b0db1c5d34b0e6dea8f075e1b8,70
target_centrality,T:2100754,0.0,cnes,B,pooled,aim3_target_metrics_v2.parquet,374e15163c404aa19bf8453d170490862689d4b0db1c5d34b0e6dea8f075e1b8,6
target_centrality,T:2105780,0.0,cnes,B,pooled,aim3_target_metrics_v2.parquet,374e15163c404aa19bf8453d170490862689d4b0db1c5d34b0e6dea8f075e1b8,<5
target_centrality,T:2109867,245974.0,cnes,B,pooled,aim3_target_metrics_v2.parquet,374e15163c404aa19bf8453d170490862689d4b0db1c5d34b0e6dea8f075e1b8,71
target_centrality,T:2111624,188017.0,cnes,B,pooled,aim3_target_metrics_v2.parquet,374e15163c404aa19bf8453d170490862689d4b0db1c5d34b0e6dea8f075e1b8,224
target_centrality,T:2118661,107562.0,cnes,B,pooled,aim3_target_metrics_v2.parquet,374e15163c404aa19bf8453d170490862689d4b0db1c5d34b0e6dea8f075e1b8,162
target_centrality,T:2119528,0.0,cnes,B,pooled,aim3_target_metrics_v2.parquet,374e15163c404aa19bf8453d170490862689d4b0db1c5d34b0e6dea8f075e1b8,<5
target_centrality,T:2124289,3.0,cnes,B,pooled,aim3_target_metrics_v2.parquet,374e15163c404aa19bf8453d170490862689d4b0db1c5d34b0e6dea8f075e1b8,11
target_centrality,T:2127989,324816.0,cnes,B,pooled,aim3_target_metrics_v2.parquet,374e15163c404aa19bf8453d170490862689d4b0db1c5d34b0e6dea8f075e1b8,203
target_centrality,T:2129566,0.0,cnes,B,pooled,aim3_target_metrics_v2.parquet,374e15163c404aa19bf8453d170490862689d4b0db1c5d34b0e6dea8f075e1b8,11
target_centrality,T:2146355,76891.0,cnes,B,pooled,aim3_target_metrics_v2.parquet,374e15163c404aa19bf8453d170490862689d4b0db1c5d34b0e6dea8f075e1b8,185
target_centrality,T:2149990,29099.5,cnes,B,pooled,aim3_target_metrics_v2.parquet,374e15163c404aa19bf8453d170490862689d4b0db1c5d34b0e6dea8f075e1b8,42
target_centrality,T:2171945,80319.0,cnes,B,pooled,aim3_target_metrics_v2.parquet,374e15163c404aa19bf8453d170490862689d4b0db1c5d34b0e6dea8f075e1b8,60
target_centrality,T:2171988,0.0,cnes,B,pooled,aim3_target_metrics_v2.parquet,374e15163c404aa19bf8453d170490862689d4b0db1c5d34b0e6dea8f075e1b8,<5
target_centrality,T:2195437,3641.0,cnes,B,pooled,aim3_target_metrics_v2.parquet,374e15163c404aa19bf8453d170490862689d4b0db1c5d34b0e6dea8f075e1b8,<5
target_centrality,T:2195585,0.0,cnes,B,pooled,aim3_target_metrics_v2.parquet,374e15163c404aa19bf8453d170490862689d4b0db1c5d34b0e6dea8f075e1b8,<5
target_centrality,T:2200457,0.0,cnes,B,pooled,aim3_target_metrics_v2.parquet,374e15163c404aa19bf8453d170490862689d4b0db1c5d34b0e6dea8f075e1b8,<5
target_centrality,T:2205440,0.0,cnes,B,pooled,aim3_target_metrics_v2.parquet,374e15163c404aa19bf8453d170490862689d4b0db1c5d34b0e6dea8f075e1b8,<5
target_centrality,T:2206595,3641.0,cnes,B,pooled,aim3_target_metrics_v2.parquet,374e15163c404aa19bf8453d170490862689d4b0db1c5d34b0e6dea8f075e1b8,9
target_centrality,T:2208172,0.0,cnes,B,pooled,aim3_target_metrics_v2.parquet,374e15163c404aa19bf8453d170490862689d4b0db1c5d34b0e6dea8f075e1b8,<5
target_centrality,T:2208857,7329.0,cnes,B,pooled,aim3_target_metrics_v2.parquet,374e15163c404aa19bf8453d170490862689d4b0db1c5d34b0e6dea8f075e1b8,5
target_centrality,T:2218798,58197.5,cnes,B,pooled,aim3_target_metrics_v2.parquet,374e15163c404aa19bf8453d170490862689d4b0db1c5d34b0e6dea8f075e1b8,122
target_centrality,T:2219646,0.0,cnes,B,pooled,aim3_target_metrics_v2.parquet,374e15163c404aa19bf8453d170490862689d4b0db1c5d34b0e6dea8f075e1b8,5
target_centrality,T:2219654,72974.5,cnes,B,pooled,aim3_target_metrics_v2.parquet,374e15163c404aa19bf8453d170490862689d4b0db1c5d34b0e6dea8f075e1b8,72
target_centrality,T:2223538,293722.5,cnes,B,pooled,aim3_target_metrics_v2.parquet,374e15163c404aa19bf8453d170490862689d4b0db1c5d34b0e6dea8f075e1b8,199
target_centrality,T:2223546,0.0,cnes,B,pooled,aim3_target_metrics_v2.parquet,374e15163c404aa19bf8453d170490862689d4b0db1c5d34b0e6dea8f075e1b8,29
target_centrality,T:2227762,0.0,cnes,B,pooled,aim3_target_metrics_v2.parquet,374e15163c404aa19bf8453d170490862689d4b0db1c5d34b0e6dea8f075e1b8,<5
target_centrality,T:2232022,0.0,cnes,B,pooled,aim3_target_metrics_v2.parquet,374e15163c404aa19bf8453d170490862689d4b0db1c5d34b0e6dea8f075e1b8,<5
target_centrality,T:2237253,365097.6666666666,cnes,B,pooled,aim3_target_metrics_v2.parquet,374e15163c404aa19bf8453d170490862689d4b0db1c5d34b0e6dea8f075e1b8,261
target_centrality,T:2237571,262345.6666666666,cnes,B,pooled,aim3_target_metrics_v2.parquet,374e15163c404aa19bf8453d170490862689d4b0db1c5d34b0e6dea8f075e1b8,391
target_centrality,T:2237601,106112.16666666667,cnes,B,pooled,aim3_target_metrics_v2.parquet,374e15163c404aa19bf8453d170490862689d4b0db1c5d34b0e6dea8f075e1b8,340
target_centrality,T:2241021,0.0,cnes,B,pooled,aim3_target_metrics_v2.parquet,374e15163c404aa19bf8453d170490862689d4b0db1c5d34b0e6dea8f075e1b8,<5
target_centrality,T:2244101,29381.5,cnes,B,pooled,aim3_target_metrics_v2.parquet,374e15163c404aa19bf8453d170490862689d4b0db1c5d34b0e6dea8f075e1b8,48
target_centrality,T:2244306,42189.0,cnes,B,pooled,aim3_target_metrics_v2.parquet,374e15163c404aa19bf8453d170490862689d4b0db1c5d34b0e6dea8f075e1b8,173
target_centrality,T:2246929,29126.0,cnes,B,pooled,aim3_target_metrics_v2.parquet,374e15163c404aa19bf8453d170490862689d4b0db1c5d34b0e6dea8f075e1b8,50
target_centrality,T:2246988,52803.5,cnes,B,pooled,aim3_target_metrics_v2.parquet,374e15163c404aa19bf8453d170490862689d4b0db1c5d34b0e6dea8f075e1b8,53
target_centrality,T:2248247,0.0,cnes,B,pooled,aim3_target_metrics_v2.parquet,374e15163c404aa19bf8453d170490862689d4b0db1c5d34b0e6dea8f075e1b8,<5
target_centrality,T:2252295,0.0,cnes,B,pooled,aim3_target_metrics_v2.parquet,374e15163c404aa19bf8453d170490862689d4b0db1c5d34b0e6dea8f075e1b8,5
target_centrality,T:2252694,7284.0,cnes,B,pooled,aim3_target_metrics_v2.parquet,374e15163c404aa19bf8453d170490862689d4b0db1c5d34b0e6dea8f075e1b8,20
target_centrality,T:2253046,0.0,cnes,B,pooled,aim3_target_metrics_v2.parquet,374e15163c404aa19bf8453d170490862689d4b0db1c5d34b0e6dea8f075e1b8,10
target_centrality,T:2255936,0.0,cnes,B,pooled,aim3_target_metrics_v2.parquet,374e15163c404aa19bf8453d170490862689d4b0db1c5d34b0e6dea8f075e1b8,66
target_centrality,T:2257645,155880.5,cnes,B,pooled,aim3_target_metrics_v2.parquet,374e15163c404aa19bf8453d170490862689d4b0db1c5d34b0e6dea8f075e1b8,195
target_centrality,T:2257815,1.0,cnes,B,pooled,aim3_target_metrics_v2.parquet,374e15163c404aa19bf8453d170490862689d4b0db1c5d34b0e6dea8f075e1b8,<5
target_centrality,T:2259907,0.0,cnes,B,pooled,aim3_target_metrics_v2.parquet,374e15163c404aa19bf8453d170490862689d4b0db1c5d34b0e6dea8f075e1b8,<5
target_centrality,T:2261030,56734.0,cnes,B,pooled,aim3_target_metrics_v2.parquet,374e15163c404aa19bf8453d170490862689d4b0db1c5d34b0e6dea8f075e1b8,60
target_centrality,T:2262568,4723.0,cnes,B,pooled,aim3_target_metrics_v2.parquet,374e15163c404aa19bf8453d170490862689d4b0db1c5d34b0e6dea8f075e1b8,59
target_centrality,T:2265052,0.0,cnes,B,pooled,aim3_target_metrics_v2.parquet,374e15163c404aa19bf8453d170490862689d4b0db1c5d34b0e6dea8f075e1b8,<5
target_centrality,T:2269384,225.0,cnes,B,pooled,aim3_target_metrics_v2.parquet,374e15163c404aa19bf8453d170490862689d4b0db1c5d34b0e6dea8f075e1b8,65
target_centrality,T:2269481,180079.0,cnes,B,pooled,aim3_target_metrics_v2.parquet,374e15163c404aa19bf8453d170490862689d4b0db1c5d34b0e6dea8f075e1b8,219
target_centrality,T:2269775,0.0,cnes,B,pooled,aim3_target_metrics_v2.parquet,374e15163c404aa19bf8453d170490862689d4b0db1c5d34b0e6dea8f075e1b8,<5
target_centrality,T:2269783,0.0,cnes,B,pooled,aim3_target_metrics_v2.parquet,374e15163c404aa19bf8453d170490862689d4b0db1c5d34b0e6dea8f075e1b8,16
target_centrality,T:2269880,3641.0,cnes,B,pooled,aim3_target_metrics_v2.parquet,374e15163c404aa19bf8453d170490862689d4b0db1c5d34b0e6dea8f075e1b8,23
target_centrality,T:2269988,0.0,cnes,B,pooled,aim3_target_metrics_v2.parquet,374e15163c404aa19bf8453d170490862689d4b0db1c5d34b0e6dea8f075e1b8,<5
target_centrality,T:2270234,0.0,cnes,B,pooled,aim3_target_metrics_v2.parquet,374e15163c404aa19bf8453d170490862689d4b0db1c5d34b0e6dea8f075e1b8,<5
target_centrality,T:2270269,0.0,cnes,B,pooled,aim3_target_metrics_v2.parquet,374e15163c404aa19bf8453d170490862689d4b0db1c5d34b0e6dea8f075e1b8,<5
target_centrality,T:2270609,0.0,cnes,B,pooled,aim3_target_metrics_v2.parquet,374e15163c404aa19bf8453d170490862689d4b0db1c5d34b0e6dea8f075e1b8,<5
target_centrality,T:2273411,9267.0,cnes,B,pooled,aim3_target_metrics_v2.parquet,374e15163c404aa19bf8453d170490862689d4b0db1c5d34b0e6dea8f075e1b8,59
target_centrality,T:2273659,0.0,cnes,B,pooled,aim3_target_metrics_v2.parquet,374e15163c404aa19bf8453d170490862689d4b0db1c5d34b0e6dea8f075e1b8,<5
target_centrality,T:2275562,7281.0,cnes,B,pooled,aim3_target_metrics_v2.parquet,374e15163c404aa19bf8453d170490862689d4b0db1c5d34b0e6dea8f075e1b8,164
target_centrality,T:2278855,1.0,cnes,B,pooled,aim3_target_metrics_v2.parquet,374e15163c404aa19bf8453d170490862689d4b0db1c5d34b0e6dea8f075e1b8,6
target_centrality,T:2280167,475913.5,cnes,B,pooled,aim3_target_metrics_v2.parquet,374e15163c404aa19bf8453d170490862689d4b0db1c5d34b0e6dea8f075e1b8,140
target_centrality,T:2280183,0.0,cnes,B,pooled,aim3_target_metrics_v2.parquet,374e15163c404aa19bf8453d170490862689d4b0db1c5d34b0e6dea8f075e1b8,<5
target_centrality,T:2283395,0.0,cnes,B,pooled,aim3_target_metrics_v2.parquet,374e15163c404aa19bf8453d170490862689d4b0db1c5d34b0e6dea8f075e1b8,10
target_centrality,T:2287250,1.0,cnes,B,pooled,aim3_target_metrics_v2.parquet,374e15163c404aa19bf8453d170490862689d4b0db1c5d34b0e6dea8f075e1b8,33
target_centrality,T:2295415,37571.0,cnes,B,pooled,aim3_target_metrics_v2.parquet,374e15163c404aa19bf8453d170490862689d4b0db1c5d34b0e6dea8f075e1b8,117
target_centrality,T:2295423,406115.5,cnes,B,pooled,aim3_target_metrics_v2.parquet,374e15163c404aa19bf8453d170490862689d4b0db1c5d34b0e6dea8f075e1b8,73
target_centrality,T:2298031,226418.0,cnes,B,pooled,aim3_target_metrics_v2.parquet,374e15163c404aa19bf8453d170490862689d4b0db1c5d34b0e6dea8f075e1b8,91
target_centrality,T:2301318,0.0,cnes,B,pooled,aim3_target_metrics_v2.parquet,374e15163c404aa19bf8453d170490862689d4b0db1c5d34b0e6dea8f075e1b8,6
target_centrality,T:2301830,146897.5,cnes,B,pooled,aim3_target_metrics_v2.parquet,374e15163c404aa19bf8453d170490862689d4b0db1c5d34b0e6dea8f075e1b8,153
target_centrality,T:2306336,3641.0,cnes,B,pooled,aim3_target_metrics_v2.parquet,374e15163c404aa19bf8453d170490862689d4b0db1c5d34b0e6dea8f075e1b8,6
target_centrality,T:2332981,0.0,cnes,B,pooled,aim3_target_metrics_v2.parquet,374e15163c404aa19bf8453d170490862689d4b0db1c5d34b0e6dea8f075e1b8,19
target_centrality,T:2333031,3641.0,cnes,B,pooled,aim3_target_metrics_v2.parquet,374e15163c404aa19bf8453d170490862689d4b0db1c5d34b0e6dea8f075e1b8,21
target_centrality,T:2334321,3641.0,cnes,B,pooled,aim3_target_metrics_v2.parquet,374e15163c404aa19bf8453d170490862689d4b0db1c5d34b0e6dea8f075e1b8,<5
target_centrality,T:2338262,3641.0,cnes,B,pooled,aim3_target_metrics_v2.parquet,374e15163c404aa19bf8453d170490862689d4b0db1c5d34b0e6dea8f075e1b8,<5
target_centrality,T:2338424,488.5,cnes,B,pooled,aim3_target_metrics_v2.parquet,374e15163c404aa19bf8453d170490862689d4b0db1c5d34b0e6dea8f075e1b8,10
target_centrality,T:2338734,66091.33333333333,cnes,B,pooled,aim3_target_metrics_v2.parquet,374e15163c404aa19bf8453d170490862689d4b0db1c5d34b0e6dea8f075e1b8,108
target_centrality,T:2340194,0.0,cnes,B,pooled,aim3_target_metrics_v2.parquet,374e15163c404aa19bf8453d170490862689d4b0db1c5d34b0e6dea8f075e1b8,<5
target_centrality,T:2340690,0.0,cnes,B,pooled,aim3_target_metrics_v2.parquet,374e15163c404aa19bf8453d170490862689d4b0db1c5d34b0e6dea8f075e1b8,50
target_centrality,T:2362856,51282.0,cnes,B,pooled,aim3_target_metrics_v2.parquet,374e15163c404aa19bf8453d170490862689d4b0db1c5d34b0e6dea8f075e1b8,32
target_centrality,T:2379333,610897.5,cnes,B,pooled,aim3_target_metrics_v2.parquet,374e15163c404aa19bf8453d170490862689d4b0db1c5d34b0e6dea8f075e1b8,172
target_centrality,T:2384299,539563.8333333334,cnes,B,pooled,aim3_target_metrics_v2.parquet,374e15163c404aa19bf8453d170490862689d4b0db1c5d34b0e6dea8f075e1b8,167
target_centrality,T:2396866,68415.0,cnes,B,pooled,aim3_target_metrics_v2.parquet,374e15163c404aa19bf8453d170490862689d4b0db1c5d34b0e6dea8f075e1b8,64
target_centrality,T:2397463,0.0,cnes,B,pooled,aim3_target_metrics_v2.parquet,374e15163c404aa19bf8453d170490862689d4b0db1c5d34b0e6dea8f075e1b8,<5
target_centrality,T:2399555,3641.0,cnes,B,pooled,aim3_target_metrics_v2.parquet,374e15163c404aa19bf8453d170490862689d4b0db1c5d34b0e6dea8f075e1b8,11
target_centrality,T:2400243,205670.0,cnes,B,pooled,aim3_target_metrics_v2.parquet,374e15163c404aa19bf8453d170490862689d4b0db1c5d34b0e6dea8f075e1b8,72
target_centrality,T:2400324,60050.5,cnes,B,pooled,aim3_target_metrics_v2.parquet,374e15163c404aa19bf8453d170490862689d4b0db1c5d34b0e6dea8f075e1b8,71
target_centrality,T:2400693,43627.0,cnes,B,pooled,aim3_target_metrics_v2.parquet,374e15163c404aa19bf8453d170490862689d4b0db1c5d34b0e6dea8f075e1b8,103
target_centrality,T:2402076,10840.0,cnes,B,pooled,aim3_target_metrics_v2.parquet,374e15163c404aa19bf8453d170490862689d4b0db1c5d34b0e6dea8f075e1b8,39
target_centrality,T:2427419,109.5,cnes,B,pooled,aim3_target_metrics_v2.parquet,374e15163c404aa19bf8453d170490862689d4b0db1c5d34b0e6dea8f075e1b8,123
target_centrality,T:2436450,3641.0,cnes,B,pooled,aim3_target_metrics_v2.parquet,374e15163c404aa19bf8453d170490862689d4b0db1c5d34b0e6dea8f075e1b8,53
target_centrality,T:2436469,103149.0,cnes,B,pooled,aim3_target_metrics_v2.parquet,374e15163c404aa19bf8453d170490862689d4b0db1c5d34b0e6dea8f075e1b8,116
target_centrality,T:2439360,12519.5,cnes,B,pooled,aim3_target_metrics_v2.parquet,374e15163c404aa19bf8453d170490862689d4b0db1c5d34b0e6dea8f075e1b8,17
target_centrality,T:2464594,686979.0,cnes,B,pooled,aim3_target_metrics_v2.parquet,374e15163c404aa19bf8453d170490862689d4b0db1c5d34b0e6dea8f075e1b8,405
target_centrality,T:2479907,3641.0,cnes,B,pooled,aim3_target_metrics_v2.parquet,374e15163c404aa19bf8453d170490862689d4b0db1c5d34b0e6dea8f075e1b8,11
target_centrality,T:2485680,69027.33333333334,cnes,B,pooled,aim3_target_metrics_v2.parquet,374e15163c404aa19bf8453d170490862689d4b0db1c5d34b0e6dea8f075e1b8,179
target_centrality,T:2485729,0.0,cnes,B,pooled,aim3_target_metrics_v2.parquet,374e15163c404aa19bf8453d170490862689d4b0db1c5d34b0e6dea8f075e1b8,<5
target_centrality,T:2486199,3641.333333333333,cnes,B,pooled,aim3_target_metrics_v2.parquet,374e15163c404aa19bf8453d170490862689d4b0db1c5d34b0e6dea8f075e1b8,16
target_centrality,T:2491710,6561.0,cnes,B,pooled,aim3_target_metrics_v2.parquet,374e15163c404aa19bf8453d170490862689d4b0db1c5d34b0e6dea8f075e1b8,5
target_centrality,T:2494442,0.0,cnes,B,pooled,aim3_target_metrics_v2.parquet,374e15163c404aa19bf8453d170490862689d4b0db1c5d34b0e6dea8f075e1b8,<5
target_centrality,T:2497654,182605.0,cnes,B,pooled,aim3_target_metrics_v2.parquet,374e15163c404aa19bf8453d170490862689d4b0db1c5d34b0e6dea8f075e1b8,605
target_centrality,T:2499363,539993.5,cnes,B,pooled,aim3_target_metrics_v2.parquet,374e15163c404aa19bf8453d170490862689d4b0db1c5d34b0e6dea8f075e1b8,837
target_centrality,T:2504332,43626.0,cnes,B,pooled,aim3_target_metrics_v2.parquet,374e15163c404aa19bf8453d170490862689d4b0db1c5d34b0e6dea8f075e1b8,76
target_centrality,T:2504537,9944.5,cnes,B,pooled,aim3_target_metrics_v2.parquet,374e15163c404aa19bf8453d170490862689d4b0db1c5d34b0e6dea8f075e1b8,18
target_centrality,T:2522411,0.0,cnes,B,pooled,aim3_target_metrics_v2.parquet,374e15163c404aa19bf8453d170490862689d4b0db1c5d34b0e6dea8f075e1b8,<5
target_centrality,T:2534444,0.0,cnes,B,pooled,aim3_target_metrics_v2.parquet,374e15163c404aa19bf8453d170490862689d4b0db1c5d34b0e6dea8f075e1b8,<5
target_centrality,T:2543443,148255.0,cnes,B,pooled,aim3_target_metrics_v2.parquet,374e15163c404aa19bf8453d170490862689d4b0db1c5d34b0e6dea8f075e1b8,144
target_centrality,T:2546957,0.0,cnes,B,pooled,aim3_target_metrics_v2.parquet,374e15163c404aa19bf8453d170490862689d4b0db1c5d34b0e6dea8f075e1b8,52
target_centrality,T:2547317,3641.0,cnes,B,pooled,aim3_target_metrics_v2.parquet,374e15163c404aa19bf8453d170490862689d4b0db1c5d34b0e6dea8f075e1b8,<5
target_centrality,T:2547821,0.0,cnes,B,pooled,aim3_target_metrics_v2.parquet,374e15163c404aa19bf8453d170490862689d4b0db1c5d34b0e6dea8f075e1b8,6
target_centrality,T:2550792,63171.833333333336,cnes,B,pooled,aim3_target_metrics_v2.parquet,374e15163c404aa19bf8453d170490862689d4b0db1c5d34b0e6dea8f075e1b8,95
target_centrality,T:2551764,0.0,cnes,B,pooled,aim3_target_metrics_v2.parquet,374e15163c404aa19bf8453d170490862689d4b0db1c5d34b0e6dea8f075e1b8,19
target_centrality,T:2555646,14961.0,cnes,B,pooled,aim3_target_metrics_v2.parquet,374e15163c404aa19bf8453d170490862689d4b0db1c5d34b0e6dea8f075e1b8,29
target_centrality,T:2558246,187398.0,cnes,B,pooled,aim3_target_metrics_v2.parquet,374e15163c404aa19bf8453d170490862689d4b0db1c5d34b0e6dea8f075e1b8,14
target_centrality,T:2558254,556.0,cnes,B,pooled,aim3_target_metrics_v2.parquet,374e15163c404aa19bf8453d170490862689d4b0db1c5d34b0e6dea8f075e1b8,28
target_centrality,T:2560771,43634.5,cnes,B,pooled,aim3_target_metrics_v2.parquet,374e15163c404aa19bf8453d170490862689d4b0db1c5d34b0e6dea8f075e1b8,73
target_centrality,T:2560852,7282.0,cnes,B,pooled,aim3_target_metrics_v2.parquet,374e15163c404aa19bf8453d170490862689d4b0db1c5d34b0e6dea8f075e1b8,17
target_centrality,T:2561492,294430.0,cnes,B,pooled,aim3_target_metrics_v2.parquet,374e15163c404aa19bf8453d170490862689d4b0db1c5d34b0e6dea8f075e1b8,133
target_centrality,T:2568713,1.0,cnes,B,pooled,aim3_target_metrics_v2.parquet,374e15163c404aa19bf8453d170490862689d4b0db1c5d34b0e6dea8f075e1b8,<5
target_centrality,T:2571072,0.0,cnes,B,pooled,aim3_target_metrics_v2.parquet,374e15163c404aa19bf8453d170490862689d4b0db1c5d34b0e6dea8f075e1b8,5
target_centrality,T:2576341,46756.5,cnes,B,pooled,aim3_target_metrics_v2.parquet,374e15163c404aa19bf8453d170490862689d4b0db1c5d34b0e6dea8f075e1b8,134
target_centrality,T:2577623,0.0,cnes,B,pooled,aim3_target_metrics_v2.parquet,374e15163c404aa19bf8453d170490862689d4b0db1c5d34b0e6dea8f075e1b8,5
target_centrality,T:2580055,70871.83333333334,cnes,B,pooled,aim3_target_metrics_v2.parquet,374e15163c404aa19bf8453d170490862689d4b0db1c5d34b0e6dea8f075e1b8,137
target_centrality,T:2586142,82486.5,cnes,B,pooled,aim3_target_metrics_v2.parquet,374e15163c404aa19bf8453d170490862689d4b0db1c5d34b0e6dea8f075e1b8,91
target_centrality,T:2587335,23046.5,cnes,B,pooled,aim3_target_metrics_v2.parquet,374e15163c404aa19bf8453d170490862689d4b0db1c5d34b0e6dea8f075e1b8,58
target_centrality,T:2589265,481767.8333333334,cnes,B,pooled,aim3_target_metrics_v2.parquet,374e15163c404aa19bf8453d170490862689d4b0db1c5d34b0e6dea8f075e1b8,195
target_centrality,T:2591049,0.0,cnes,B,pooled,aim3_target_metrics_v2.parquet,374e15163c404aa19bf8453d170490862689d4b0db1c5d34b0e6dea8f075e1b8,<5
target_centrality,T:2600536,551.0,cnes,B,pooled,aim3_target_metrics_v2.parquet,374e15163c404aa19bf8453d170490862689d4b0db1c5d34b0e6dea8f075e1b8,39
target_centrality,T:2621614,0.0,cnes,B,pooled,aim3_target_metrics_v2.parquet,374e15163c404aa19bf8453d170490862689d4b0db1c5d34b0e6dea8f075e1b8,<5
target_centrality,T:2646536,39999.0,cnes,B,pooled,aim3_target_metrics_v2.parquet,374e15163c404aa19bf8453d170490862689d4b0db1c5d34b0e6dea8f075e1b8,49
target_centrality,T:2651610,15638.5,cnes,B,pooled,aim3_target_metrics_v2.parquet,374e15163c404aa19bf8453d170490862689d4b0db1c5d34b0e6dea8f075e1b8,11
target_centrality,T:2653982,0.5,cnes,B,pooled,aim3_target_metrics_v2.parquet,374e15163c404aa19bf8453d170490862689d4b0db1c5d34b0e6dea8f075e1b8,84
target_centrality,T:2659107,0.0,cnes,B,pooled,aim3_target_metrics_v2.parquet,374e15163c404aa19bf8453d170490862689d4b0db1c5d34b0e6dea8f075e1b8,<5
target_centrality,T:2672839,7212.5,cnes,B,pooled,aim3_target_metrics_v2.parquet,374e15163c404aa19bf8453d170490862689d4b0db1c5d34b0e6dea8f075e1b8,21
target_centrality,T:2686953,62737.5,cnes,B,pooled,aim3_target_metrics_v2.parquet,374e15163c404aa19bf8453d170490862689d4b0db1c5d34b0e6dea8f075e1b8,80
target_centrality,T:2688433,0.0,cnes,B,pooled,aim3_target_metrics_v2.parquet,374e15163c404aa19bf8453d170490862689d4b0db1c5d34b0e6dea8f075e1b8,13
target_centrality,T:2688689,0.0,cnes,B,pooled,aim3_target_metrics_v2.parquet,374e15163c404aa19bf8453d170490862689d4b0db1c5d34b0e6dea8f075e1b8,136
target_centrality,T:2691841,10920.0,cnes,B,pooled,aim3_target_metrics_v2.parquet,374e15163c404aa19bf8453d170490862689d4b0db1c5d34b0e6dea8f075e1b8,47
target_centrality,T:2696940,0.0,cnes,B,pooled,aim3_target_metrics_v2.parquet,374e15163c404aa19bf8453d170490862689d4b0db1c5d34b0e6dea8f075e1b8,<5
target_centrality,T:2704900,336750.0,cnes,B,pooled,aim3_target_metrics_v2.parquet,374e15163c404aa19bf8453d170490862689d4b0db1c5d34b0e6dea8f075e1b8,141
target_centrality,T:2705982,47408.0,cnes,B,pooled,aim3_target_metrics_v2.parquet,374e15163c404aa19bf8453d170490862689d4b0db1c5d34b0e6dea8f075e1b8,160
target_centrality,T:2707675,3647.0,cnes,B,pooled,aim3_target_metrics_v2.parquet,374e15163c404aa19bf8453d170490862689d4b0db1c5d34b0e6dea8f075e1b8,32
target_centrality,T:2707918,32734.0,cnes,B,pooled,aim3_target_metrics_v2.parquet,374e15163c404aa19bf8453d170490862689d4b0db1c5d34b0e6dea8f075e1b8,22
target_centrality,T:2708779,0.0,cnes,B,pooled,aim3_target_metrics_v2.parquet,374e15163c404aa19bf8453d170490862689d4b0db1c5d34b0e6dea8f075e1b8,<5
target_centrality,T:2710935,0.0,cnes,B,pooled,aim3_target_metrics_v2.parquet,374e15163c404aa19bf8453d170490862689d4b0db1c5d34b0e6dea8f075e1b8,<5
target_centrality,T:2726653,10920.5,cnes,B,pooled,aim3_target_metrics_v2.parquet,374e15163c404aa19bf8453d170490862689d4b0db1c5d34b0e6dea8f075e1b8,29
target_centrality,T:2726971,275464.0,cnes,B,pooled,aim3_target_metrics_v2.parquet,374e15163c404aa19bf8453d170490862689d4b0db1c5d34b0e6dea8f075e1b8,98
target_centrality,T:2733307,10920.0,cnes,B,pooled,aim3_target_metrics_v2.parquet,374e15163c404aa19bf8453d170490862689d4b0db1c5d34b0e6dea8f075e1b8,8
target_centrality,T:2738309,10947.333333333334,cnes,B,pooled,aim3_target_metrics_v2.parquet,374e15163c404aa19bf8453d170490862689d4b0db1c5d34b0e6dea8f075e1b8,42
target_centrality,T:2738368,204908.6666666667,cnes,B,pooled,aim3_target_metrics_v2.parquet,374e15163c404aa19bf8453d170490862689d4b0db1c5d34b0e6dea8f075e1b8,189
target_centrality,T:2740338,3643.666666666667,cnes,B,pooled,aim3_target_metrics_v2.parquet,374e15163c404aa19bf8453d170490862689d4b0db1c5d34b0e6dea8f075e1b8,10
target_centrality,T:2743469,62849.0,cnes,B,pooled,aim3_target_metrics_v2.parquet,374e15163c404aa19bf8453d170490862689d4b0db1c5d34b0e6dea8f075e1b8,11
target_centrality,T:2748029,10053.0,cnes,B,pooled,aim3_target_metrics_v2.parquet,374e15163c404aa19bf8453d170490862689d4b0db1c5d34b0e6dea8f075e1b8,13
target_centrality,T:2748223,86551.0,cnes,B,pooled,aim3_target_metrics_v2.parquet,374e15163c404aa19bf8453d170490862689d4b0db1c5d34b0e6dea8f075e1b8,151
target_centrality,T:2752700,32098.0,cnes,B,pooled,aim3_target_metrics_v2.parquet,374e15163c404aa19bf8453d170490862689d4b0db1c5d34b0e6dea8f075e1b8,59
target_centrality,T:2753278,0.0,cnes,B,pooled,aim3_target_metrics_v2.parquet,374e15163c404aa19bf8453d170490862689d4b0db1c5d34b0e6dea8f075e1b8,19
target_centrality,T:2755130,226065.0,cnes,B,pooled,aim3_target_metrics_v2.parquet,374e15163c404aa19bf8453d170490862689d4b0db1c5d34b0e6dea8f075e1b8,335
target_centrality,T:2755165,0.0,cnes,B,pooled,aim3_target_metrics_v2.parquet,374e15163c404aa19bf8453d170490862689d4b0db1c5d34b0e6dea8f075e1b8,<5
target_centrality,T:2756951,0.0,cnes,B,pooled,aim3_target_metrics_v2.parquet,374e15163c404aa19bf8453d170490862689d4b0db1c5d34b0e6dea8f075e1b8,36
target_centrality,T:2758164,18750.0,cnes,B,pooled,aim3_target_metrics_v2.parquet,374e15163c404aa19bf8453d170490862689d4b0db1c5d34b0e6dea8f075e1b8,29
target_centrality,T:2761092,0.0,cnes,B,pooled,aim3_target_metrics_v2.parquet,374e15163c404aa19bf8453d170490862689d4b0db1c5d34b0e6dea8f075e1b8,<5
target_centrality,T:2767953,0.0,cnes,B,pooled,aim3_target_metrics_v2.parquet,374e15163c404aa19bf8453d170490862689d4b0db1c5d34b0e6dea8f075e1b8,20
target_centrality,T:2772310,6457.5,cnes,B,pooled,aim3_target_metrics_v2.parquet,374e15163c404aa19bf8453d170490862689d4b0db1c5d34b0e6dea8f075e1b8,55
target_centrality,T:2775999,25466.0,cnes,B,pooled,aim3_target_metrics_v2.parquet,374e15163c404aa19bf8453d170490862689d4b0db1c5d34b0e6dea8f075e1b8,12
target_centrality,T:2781859,107795.5,cnes,B,pooled,aim3_target_metrics_v2.parquet,374e15163c404aa19bf8453d170490862689d4b0db1c5d34b0e6dea8f075e1b8,140
target_centrality,T:2786117,750.0,cnes,B,pooled,aim3_target_metrics_v2.parquet,374e15163c404aa19bf8453d170490862689d4b0db1c5d34b0e6dea8f075e1b8,105
target_centrality,T:2786435,841535.0,cnes,B,pooled,aim3_target_metrics_v2.parquet,374e15163c404aa19bf8453d170490862689d4b0db1c5d34b0e6dea8f075e1b8,167
target_centrality,T:2790602,188177.5,cnes,B,pooled,aim3_target_metrics_v2.parquet,374e15163c404aa19bf8453d170490862689d4b0db1c5d34b0e6dea8f075e1b8,367
target_centrality,T:2791722,18203.5,cnes,B,pooled,aim3_target_metrics_v2.parquet,374e15163c404aa19bf8453d170490862689d4b0db1c5d34b0e6dea8f075e1b8,94
target_centrality,T:2792168,0.0,cnes,B,pooled,aim3_target_metrics_v2.parquet,374e15163c404aa19bf8453d170490862689d4b0db1c5d34b0e6dea8f075e1b8,24
target_centrality,T:2792176,3648.0,cnes,B,pooled,aim3_target_metrics_v2.parquet,374e15163c404aa19bf8453d170490862689d4b0db1c5d34b0e6dea8f075e1b8,54
target_centrality,T:2795655,178667.5,cnes,B,pooled,aim3_target_metrics_v2.parquet,374e15163c404aa19bf8453d170490862689d4b0db1c5d34b0e6dea8f075e1b8,85
target_centrality,T:2798298,0.0,cnes,B,pooled,aim3_target_metrics_v2.parquet,374e15163c404aa19bf8453d170490862689d4b0db1c5d34b0e6dea8f075e1b8,84
target_centrality,T:2798484,51388.5,cnes,B,pooled,aim3_target_metrics_v2.parquet,374e15163c404aa19bf8453d170490862689d4b0db1c5d34b0e6dea8f075e1b8,21
target_centrality,T:2798662,11271.0,cnes,B,pooled,aim3_target_metrics_v2.parquet,374e15163c404aa19bf8453d170490862689d4b0db1c5d34b0e6dea8f075e1b8,104
target_centrality,T:2799758,372593.5,cnes,B,pooled,aim3_target_metrics_v2.parquet,374e15163c404aa19bf8453d170490862689d4b0db1c5d34b0e6dea8f075e1b8,303
target_centrality,T:2802783,829666.0,cnes,B,pooled,aim3_target_metrics_v2.parquet,374e15163c404aa19bf8453d170490862689d4b0db1c5d34b0e6dea8f075e1b8,1011
target_centrality,T:2816210,21831.5,cnes,B,pooled,aim3_target_metrics_v2.parquet,374e15163c404aa19bf8453d170490862689d4b0db1c5d34b0e6dea8f075e1b8,44
target_centrality,T:2945622,146406.5,cnes,B,pooled,aim3_target_metrics_v2.parquet,374e15163c404aa19bf8453d170490862689d4b0db1c5d34b0e6dea8f075e1b8,48
target_centrality,T:3075516,0.0,cnes,B,pooled,aim3_target_metrics_v2.parquet,374e15163c404aa19bf8453d170490862689d4b0db1c5d34b0e6dea8f075e1b8,7
target_centrality,T:3126838,97882.5,cnes,B,pooled,aim3_target_metrics_v2.parquet,374e15163c404aa19bf8453d170490862689d4b0db1c5d34b0e6dea8f075e1b8,119
target_centrality,T:3157245,181093.0,cnes,B,pooled,aim3_target_metrics_v2.parquet,374e15163c404aa19bf8453d170490862689d4b0db1c5d34b0e6dea8f075e1b8,213
target_centrality,T:3212130,0.0,cnes,B,pooled,aim3_target_metrics_v2.parquet,374e15163c404aa19bf8453d170490862689d4b0db1c5d34b0e6dea8f075e1b8,103
target_centrality,T:3285391,87115.0,cnes,B,pooled,aim3_target_metrics_v2.parquet,374e15163c404aa19bf8453d170490862689d4b0db1c5d34b0e6dea8f075e1b8,112
target_centrality,T:3508528,13072.0,cnes,B,pooled,aim3_target_metrics_v2.parquet,374e15163c404aa19bf8453d170490862689d4b0db1c5d34b0e6dea8f075e1b8,92
target_centrality,T:3675580,0.0,cnes,B,pooled,aim3_target_metrics_v2.parquet,374e15163c404aa19bf8453d170490862689d4b0db1c5d34b0e6dea8f075e1b8,<5
target_centrality,T:3972925,3641.0,cnes,B,pooled,aim3_target_metrics_v2.parquet,374e15163c404aa19bf8453d170490862689d4b0db1c5d34b0e6dea8f075e1b8,<5
target_centrality,T:4001303,111436.0,cnes,B,pooled,aim3_target_metrics_v2.parquet,374e15163c404aa19bf8453d170490862689d4b0db1c5d34b0e6dea8f075e1b8,87
target_centrality,T:4005732,0.0,cnes,B,pooled,aim3_target_metrics_v2.parquet,374e15163c404aa19bf8453d170490862689d4b0db1c5d34b0e6dea8f075e1b8,<5
target_centrality,T:4028155,189500.0,cnes,B,pooled,aim3_target_metrics_v2.parquet,374e15163c404aa19bf8453d170490862689d4b0db1c5d34b0e6dea8f075e1b8,58
target_centrality,T:4034236,0.0,cnes,B,pooled,aim3_target_metrics_v2.parquet,374e15163c404aa19bf8453d170490862689d4b0db1c5d34b0e6dea8f075e1b8,5
target_centrality,T:4042085,0.0,cnes,B,pooled,aim3_target_metrics_v2.parquet,374e15163c404aa19bf8453d170490862689d4b0db1c5d34b0e6dea8f075e1b8,<5
target_centrality,T:4044916,227737.33333333334,cnes,B,pooled,aim3_target_metrics_v2.parquet,374e15163c404aa19bf8453d170490862689d4b0db1c5d34b0e6dea8f075e1b8,291
target_centrality,T:4056752,0.0,cnes,B,pooled,aim3_target_metrics_v2.parquet,374e15163c404aa19bf8453d170490862689d4b0db1c5d34b0e6dea8f075e1b8,<5
target_centrality,T:4190203,58924.0,cnes,B,pooled,aim3_target_metrics_v2.parquet,374e15163c404aa19bf8453d170490862689d4b0db1c5d34b0e6dea8f075e1b8,69
target_centrality,T:4578732,149568.5,cnes,B,pooled,aim3_target_metrics_v2.parquet,374e15163c404aa19bf8453d170490862689d4b0db1c5d34b0e6dea8f075e1b8,99
target_centrality,T:4635612,3641.5,cnes,B,pooled,aim3_target_metrics_v2.parquet,374e15163c404aa19bf8453d170490862689d4b0db1c5d34b0e6dea8f075e1b8,14
target_centrality,T:4943309,0.0,cnes,B,pooled,aim3_target_metrics_v2.parquet,374e15163c404aa19bf8453d170490862689d4b0db1c5d34b0e6dea8f075e1b8,<5
target_centrality,T:4963938,0.0,cnes,B,pooled,aim3_target_metrics_v2.parquet,374e15163c404aa19bf8453d170490862689d4b0db1c5d34b0e6dea8f075e1b8,<5
target_centrality,T:5061989,22403.0,cnes,B,pooled,aim3_target_metrics_v2.parquet,374e15163c404aa19bf8453d170490862689d4b0db1c5d34b0e6dea8f075e1b8,154
target_centrality,T:5169976,0.0,cnes,B,pooled,aim3_target_metrics_v2.parquet,374e15163c404aa19bf8453d170490862689d4b0db1c5d34b0e6dea8f075e1b8,10
target_centrality,T:5200105,153222.0,cnes,B,pooled,aim3_target_metrics_v2.parquet,374e15163c404aa19bf8453d170490862689d4b0db1c5d34b0e6dea8f075e1b8,62
target_centrality,T:5274990,14421.0,cnes,B,pooled,aim3_target_metrics_v2.parquet,374e15163c404aa19bf8453d170490862689d4b0db1c5d34b0e6dea8f075e1b8,48
target_centrality,T:5336171,29100.0,cnes,B,pooled,aim3_target_metrics_v2.parquet,374e15163c404aa19bf8453d170490862689d4b0db1c5d34b0e6dea8f075e1b8,31
target_centrality,T:5412447,18191.0,cnes,B,pooled,aim3_target_metrics_v2.parquet,374e15163c404aa19bf8453d170490862689d4b0db1c5d34b0e6dea8f075e1b8,98
target_centrality,T:5419662,0.0,cnes,B,pooled,aim3_target_metrics_v2.parquet,374e15163c404aa19bf8453d170490862689d4b0db1c5d34b0e6dea8f075e1b8,<5
target_centrality,T:5585422,117746.0,cnes,B,pooled,aim3_target_metrics_v2.parquet,374e15163c404aa19bf8453d170490862689d4b0db1c5d34b0e6dea8f075e1b8,181
target_centrality,T:5597501,21480.0,cnes,B,pooled,aim3_target_metrics_v2.parquet,374e15163c404aa19bf8453d170490862689d4b0db1c5d34b0e6dea8f075e1b8,68
target_centrality,T:5599504,107850.0,cnes,B,pooled,aim3_target_metrics_v2.parquet,374e15163c404aa19bf8453d170490862689d4b0db1c5d34b0e6dea8f075e1b8,99
target_centrality,T:5717515,0.0,cnes,B,pooled,aim3_target_metrics_v2.parquet,374e15163c404aa19bf8453d170490862689d4b0db1c5d34b0e6dea8f075e1b8,<5
target_centrality,T:5860490,7281.0,cnes,B,pooled,aim3_target_metrics_v2.parquet,374e15163c404aa19bf8453d170490862689d4b0db1c5d34b0e6dea8f075e1b8,19
target_centrality,T:6007317,0.0,cnes,B,pooled,aim3_target_metrics_v2.parquet,374e15163c404aa19bf8453d170490862689d4b0db1c5d34b0e6dea8f075e1b8,16
target_centrality,T:6069134,0.0,cnes,B,pooled,aim3_target_metrics_v2.parquet,374e15163c404aa19bf8453d170490862689d4b0db1c5d34b0e6dea8f075e1b8,<5
target_centrality,T:6085423,22041.0,cnes,B,pooled,aim3_target_metrics_v2.parquet,374e15163c404aa19bf8453d170490862689d4b0db1c5d34b0e6dea8f075e1b8,42
target_centrality,T:6095666,7284.5,cnes,B,pooled,aim3_target_metrics_v2.parquet,374e15163c404aa19bf8453d170490862689d4b0db1c5d34b0e6dea8f075e1b8,176
target_centrality,T:6123740,0.0,cnes,B,pooled,aim3_target_metrics_v2.parquet,374e15163c404aa19bf8453d170490862689d4b0db1c5d34b0e6dea8f075e1b8,5
target_centrality,T:6431569,0.0,cnes,B,pooled,aim3_target_metrics_v2.parquet,374e15163c404aa19bf8453d170490862689d4b0db1c5d34b0e6dea8f075e1b8,<5
target_centrality,T:6542638,85981.0,cnes,B,pooled,aim3_target_metrics_v2.parquet,374e15163c404aa19bf8453d170490862689d4b0db1c5d34b0e6dea8f075e1b8,61
target_centrality,T:6595197,17582.0,cnes,B,pooled,aim3_target_metrics_v2.parquet,374e15163c404aa19bf8453d170490862689d4b0db1c5d34b0e6dea8f075e1b8,199
target_centrality,T:6601804,0.0,cnes,B,pooled,aim3_target_metrics_v2.parquet,374e15163c404aa19bf8453d170490862689d4b0db1c5d34b0e6dea8f075e1b8,104
target_centrality,T:6665322,346095.8333333334,cnes,B,pooled,aim3_target_metrics_v2.parquet,374e15163c404aa19bf8453d170490862689d4b0db1c5d34b0e6dea8f075e1b8,206
target_centrality,T:6756107,644950.5,cnes,B,pooled,aim3_target_metrics_v2.parquet,374e15163c404aa19bf8453d170490862689d4b0db1c5d34b0e6dea8f075e1b8,2148
target_centrality,T:6779522,25472.0,cnes,B,pooled,aim3_target_metrics_v2.parquet,374e15163c404aa19bf8453d170490862689d4b0db1c5d34b0e6dea8f075e1b8,88
target_centrality,T:6848710,47299.0,cnes,B,pooled,aim3_target_metrics_v2.parquet,374e15163c404aa19bf8453d170490862689d4b0db1c5d34b0e6dea8f075e1b8,134
target_centrality,T:6878687,7284.0,cnes,B,pooled,aim3_target_metrics_v2.parquet,374e15163c404aa19bf8453d170490862689d4b0db1c5d34b0e6dea8f075e1b8,32
target_centrality,T:6920977,0.0,cnes,B,pooled,aim3_target_metrics_v2.parquet,374e15163c404aa19bf8453d170490862689d4b0db1c5d34b0e6dea8f075e1b8,<5
target_centrality,T:6995462,0.0,cnes,B,pooled,aim3_target_metrics_v2.parquet,374e15163c404aa19bf8453d170490862689d4b0db1c5d34b0e6dea8f075e1b8,<5
target_centrality,T:7061021,17313.5,cnes,B,pooled,aim3_target_metrics_v2.parquet,374e15163c404aa19bf8453d170490862689d4b0db1c5d34b0e6dea8f075e1b8,101
target_centrality,T:7066376,0.0,cnes,B,pooled,aim3_target_metrics_v2.parquet,374e15163c404aa19bf8453d170490862689d4b0db1c5d34b0e6dea8f075e1b8,<5
target_centrality,T:7068336,0.5,cnes,B,pooled,aim3_target_metrics_v2.parquet,374e15163c404aa19bf8453d170490862689d4b0db1c5d34b0e6dea8f075e1b8,<5
target_centrality,T:7257406,132479.0,cnes,B,pooled,aim3_target_metrics_v2.parquet,374e15163c404aa19bf8453d170490862689d4b0db1c5d34b0e6dea8f075e1b8,325
target_centrality,T:7283458,0.0,cnes,B,pooled,aim3_target_metrics_v2.parquet,374e15163c404aa19bf8453d170490862689d4b0db1c5d34b0e6dea8f075e1b8,<5
target_centrality,T:7354746,1.0,cnes,B,pooled,aim3_target_metrics_v2.parquet,374e15163c404aa19bf8453d170490862689d4b0db1c5d34b0e6dea8f075e1b8,<5
target_centrality,T:7373465,0.0,cnes,B,pooled,aim3_target_metrics_v2.parquet,374e15163c404aa19bf8453d170490862689d4b0db1c5d34b0e6dea8f075e1b8,102
target_centrality,T:7400926,0.0,cnes,B,pooled,aim3_target_metrics_v2.parquet,374e15163c404aa19bf8453d170490862689d4b0db1c5d34b0e6dea8f075e1b8,<5
target_centrality,T:7498810,365249.5,cnes,B,pooled,aim3_target_metrics_v2.parquet,374e15163c404aa19bf8453d170490862689d4b0db1c5d34b0e6dea8f075e1b8,1018
target_centrality,T:7513151,3661.0,cnes,B,pooled,aim3_target_metrics_v2.parquet,374e15163c404aa19bf8453d170490862689d4b0db1c5d34b0e6dea8f075e1b8,43
target_centrality,T:7564546,29101.5,cnes,B,pooled,aim3_target_metrics_v2.parquet,374e15163c404aa19bf8453d170490862689d4b0db1c5d34b0e6dea8f075e1b8,206
target_centrality,T:7573162,270638.0,cnes,B,pooled,aim3_target_metrics_v2.parquet,374e15163c404aa19bf8453d170490862689d4b0db1c5d34b0e6dea8f075e1b8,51
target_centrality,T:7743068,322785.5,cnes,B,pooled,aim3_target_metrics_v2.parquet,374e15163c404aa19bf8453d170490862689d4b0db1c5d34b0e6dea8f075e1b8,229
target_centrality,T:7845138,0.0,cnes,B,pooled,aim3_target_metrics_v2.parquet,374e15163c404aa19bf8453d170490862689d4b0db1c5d34b0e6dea8f075e1b8,<5
target_centrality,T:7866801,669553.3333333334,cnes,B,pooled,aim3_target_metrics_v2.parquet,374e15163c404aa19bf8453d170490862689d4b0db1c5d34b0e6dea8f075e1b8,571
target_centrality,T:7967012,309524.5,cnes,B,pooled,aim3_target_metrics_v2.parquet,374e15163c404aa19bf8453d170490862689d4b0db1c5d34b0e6dea8f075e1b8,150
target_centrality,T:9065768,18204.5,cnes,B,pooled,aim3_target_metrics_v2.parquet,374e15163c404aa19bf8453d170490862689d4b0db1c5d34b0e6dea8f075e1b8,25
target_centrality,T:9074457,3647.0,cnes,B,pooled,aim3_target_metrics_v2.parquet,374e15163c404aa19bf8453d170490862689d4b0db1c5d34b0e6dea8f075e1b8,5
target_centrality,T:9209352,232597.0,cnes,B,pooled,aim3_target_metrics_v2.parquet,374e15163c404aa19bf8453d170490862689d4b0db1c5d34b0e6dea8f075e1b8,186
target_centrality,T:9388133,36527.0,cnes,B,pooled,aim3_target_metrics_v2.parquet,374e15163c404aa19bf8453d170490862689d4b0db1c5d34b0e6dea8f075e1b8,68
target_centrality,T:9425802,6847.0,cnes,B,pooled,aim3_target_metrics_v2.parquet,374e15163c404aa19bf8453d170490862689d4b0db1c5d34b0e6dea8f075e1b8,19
target_centrality,T:9443665,20524.0,cnes,B,pooled,aim3_target_metrics_v2.parquet,374e15163c404aa19bf8453d170490862689d4b0db1c5d34b0e6dea8f075e1b8,303
target_centrality,T:9465464,3639.0,cnes,B,pooled,aim3_target_metrics_v2.parquet,374e15163c404aa19bf8453d170490862689d4b0db1c5d34b0e6dea8f075e1b8,252
target_centrality,T:9491112,44368.0,cnes,B,pooled,aim3_target_metrics_v2.parquet,374e15163c404aa19bf8453d170490862689d4b0db1c5d34b0e6dea8f075e1b8,143
target_centrality,T:9491252,27164.0,cnes,B,pooled,aim3_target_metrics_v2.parquet,374e15163c404aa19bf8453d170490862689d4b0db1c5d34b0e6dea8f075e1b8,48
target_centrality,T:9516255,7281.0,cnes,B,pooled,aim3_target_metrics_v2.parquet,374e15163c404aa19bf8453d170490862689d4b0db1c5d34b0e6dea8f075e1b8,26
target_centrality,T:9543856,612434.0,cnes,B,pooled,aim3_target_metrics_v2.parquet,374e15163c404aa19bf8453d170490862689d4b0db1c5d34b0e6dea8f075e1b8,247
target_centrality,T:9556095,39997.0,cnes,B,pooled,aim3_target_metrics_v2.parquet,374e15163c404aa19bf8453d170490862689d4b0db1c5d34b0e6dea8f075e1b8,26
target_centrality,T:9575936,601144.5,cnes,B,pooled,aim3_target_metrics_v2.parquet,374e15163c404aa19bf8453d170490862689d4b0db1c5d34b0e6dea8f075e1b8,309
target_centrality,T:9680977,0.0,cnes,B,pooled,aim3_target_metrics_v2.parquet,374e15163c404aa19bf8453d170490862689d4b0db1c5d34b0e6dea8f075e1b8,32
target_centrality,T:9681752,3734.0,cnes,B,pooled,aim3_target_metrics_v2.parquet,374e15163c404aa19bf8453d170490862689d4b0db1c5d34b0e6dea8f075e1b8,29
target_centrality,T:9841903,148265.5,cnes,B,pooled,aim3_target_metrics_v2.parquet,374e15163c404aa19bf8453d170490862689d4b0db1c5d34b0e6dea8f075e1b8,50
target_centrality,T:9917322,0.0,cnes,B,pooled,aim3_target_metrics_v2.parquet,374e15163c404aa19bf8453d170490862689d4b0db1c5d34b0e6dea8f075e1b8,<5
target_centrality,T:110020,294662.0,performing_municipio,A,2021,aim3_target_metrics_v2.parquet,374e15163c404aa19bf8453d170490862689d4b0db1c5d34b0e6dea8f075e1b8,25
target_centrality,T:130260,1362.0,performing_municipio,A,2021,aim3_target_metrics_v2.parquet,374e15163c404aa19bf8453d170490862689d4b0db1c5d34b0e6dea8f075e1b8,<5
target_centrality,T:150060,1.0,performing_municipio,A,2021,aim3_target_metrics_v2.parquet,374e15163c404aa19bf8453d170490862689d4b0db1c5d34b0e6dea8f075e1b8,<5
target_centrality,T:150140,23018.0,performing_municipio,A,2021,aim3_target_metrics_v2.parquet,374e15163c404aa19bf8453d170490862689d4b0db1c5d34b0e6dea8f075e1b8,71
target_centrality,T:150680,6800.0,performing_municipio,A,2021,aim3_target_metrics_v2.parquet,374e15163c404aa19bf8453d170490862689d4b0db1c5d34b0e6dea8f075e1b8,26
target_centrality,T:170210,1.0,performing_municipio,A,2021,aim3_target_metrics_v2.parquet,374e15163c404aa19bf8453d170490862689d4b0db1c5d34b0e6dea8f075e1b8,<5
target_centrality,T:211130,55022.0,performing_municipio,A,2021,aim3_target_metrics_v2.parquet,374e15163c404aa19bf8453d170490862689d4b0db1c5d34b0e6dea8f075e1b8,131
target_centrality,T:221100,31073.0,performing_municipio,A,2021,aim3_target_metrics_v2.parquet,374e15163c404aa19bf8453d170490862689d4b0db1c5d34b0e6dea8f075e1b8,48
target_centrality,T:230440,309735.0,performing_municipio,A,2021,aim3_target_metrics_v2.parquet,374e15163c404aa19bf8453d170490862689d4b0db1c5d34b0e6dea8f075e1b8,625
target_centrality,T:240310,49731.0,performing_municipio,A,2021,aim3_target_metrics_v2.parquet,374e15163c404aa19bf8453d170490862689d4b0db1c5d34b0e6dea8f075e1b8,137
target_centrality,T:240810,22863.0,performing_municipio,A,2021,aim3_target_metrics_v2.parquet,374e15163c404aa19bf8453d170490862689d4b0db1c5d34b0e6dea8f075e1b8,55
target_centrality,T:250750,9513.0,performing_municipio,A,2021,aim3_target_metrics_v2.parquet,374e15163c404aa19bf8453d170490862689d4b0db1c5d34b0e6dea8f075e1b8,17
target_centrality,T:260410,3428.5,performing_municipio,A,2021,aim3_target_metrics_v2.parquet,374e15163c404aa19bf8453d170490862689d4b0db1c5d34b0e6dea8f075e1b8,184
target_centrality,T:261160,2121.5,performing_municipio,A,2021,aim3_target_metrics_v2.parquet,374e15163c404aa19bf8453d170490862689d4b0db1c5d34b0e6dea8f075e1b8,135
target_centrality,T:280030,78.0,performing_municipio,A,2021,aim3_target_metrics_v2.parquet,374e15163c404aa19bf8453d170490862689d4b0db1c5d34b0e6dea8f075e1b8,23
target_centrality,T:291080,1362.0,performing_municipio,A,2021,aim3_target_metrics_v2.parquet,374e15163c404aa19bf8453d170490862689d4b0db1c5d34b0e6dea8f075e1b8,<5
target_centrality,T:291360,0.0,performing_municipio,A,2021,aim3_target_metrics_v2.parquet,374e15163c404aa19bf8453d170490862689d4b0db1c5d34b0e6dea8f075e1b8,<5
target_centrality,T:291800,2723.0,performing_municipio,A,2021,aim3_target_metrics_v2.parquet,374e15163c404aa19bf8453d170490862689d4b0db1c5d34b0e6dea8f075e1b8,16
target_centrality,T:292740,195605.0,performing_municipio,A,2021,aim3_target_metrics_v2.parquet,374e15163c404aa19bf8453d170490862689d4b0db1c5d34b0e6dea8f075e1b8,351
target_centrality,T:293135,3.0,performing_municipio,A,2021,aim3_target_metrics_v2.parquet,374e15163c404aa19bf8453d170490862689d4b0db1c5d34b0e6dea8f075e1b8,9
target_centrality,T:310620,399888.0,performing_municipio,A,2021,aim3_target_metrics_v2.parquet,374e15163c404aa19bf8453d170490862689d4b0db1c5d34b0e6dea8f075e1b8,546
target_centrality,T:312770,10.0,performing_municipio,A,2021,aim3_target_metrics_v2.parquet,374e15163c404aa19bf8453d170490862689d4b0db1c5d34b0e6dea8f075e1b8,23
target_centrality,T:313670,31070.0,performing_municipio,A,2021,aim3_target_metrics_v2.parquet,374e15163c404aa19bf8453d170490862689d4b0db1c5d34b0e6dea8f075e1b8,83
target_centrality,T:314330,12222.0,performing_municipio,A,2021,aim3_target_metrics_v2.parquet,374e15163c404aa19bf8453d170490862689d4b0db1c5d34b0e6dea8f075e1b8,22
target_centrality,T:314390,1362.0,performing_municipio,A,2021,aim3_target_metrics_v2.parquet,374e15163c404aa19bf8453d170490862689d4b0db1c5d34b0e6dea8f075e1b8,<5
target_centrality,T:314610,0.0,performing_municipio,A,2021,aim3_target_metrics_v2.parquet,374e15163c404aa19bf8453d170490862689d4b0db1c5d34b0e6dea8f075e1b8,<5
target_centrality,T:314700,0.0,performing_municipio,A,2021,aim3_target_metrics_v2.parquet,374e15163c404aa19bf8453d170490862689d4b0db1c5d34b0e6dea8f075e1b8,<5
target_centrality,T:314790,19124.0,performing_municipio,A,2021,aim3_target_metrics_v2.parquet,374e15163c404aa19bf8453d170490862689d4b0db1c5d34b0e6dea8f075e1b8,55
target_centrality,T:315250,12222.0,performing_municipio,A,2021,aim3_target_metrics_v2.parquet,374e15163c404aa19bf8453d170490862689d4b0db1c5d34b0e6dea8f075e1b8,18
target_centrality,T:315990,0.0,performing_municipio,A,2021,aim3_target_metrics_v2.parquet,374e15163c404aa19bf8453d170490862689d4b0db1c5d34b0e6dea8f075e1b8,<5
target_centrality,T:317010,0.0,performing_municipio,A,2021,aim3_target_metrics_v2.parquet,374e15163c404aa19bf8453d170490862689d4b0db1c5d34b0e6dea8f075e1b8,<5
target_centrality,T:317020,15090.0,performing_municipio,A,2021,aim3_target_metrics_v2.parquet,374e15163c404aa19bf8453d170490862689d4b0db1c5d34b0e6dea8f075e1b8,151
target_centrality,T:320500,2723.5,performing_municipio,A,2021,aim3_target_metrics_v2.parquet,374e15163c404aa19bf8453d170490862689d4b0db1c5d34b0e6dea8f075e1b8,21
target_centrality,T:320530,29723.5,performing_municipio,A,2021,aim3_target_metrics_v2.parquet,374e15163c404aa19bf8453d170490862689d4b0db1c5d34b0e6dea8f075e1b8,109
target_centrality,T:330220,3.0,performing_municipio,A,2021,aim3_target_metrics_v2.parquet,374e15163c404aa19bf8453d170490862689d4b0db1c5d34b0e6dea8f075e1b8,5
target_centrality,T:330330,4083.0,performing_municipio,A,2021,aim3_target_metrics_v2.parquet,374e15163c404aa19bf8453d170490862689d4b0db1c5d34b0e6dea8f075e1b8,29
target_centrality,T:330390,1.0,performing_municipio,A,2021,aim3_target_metrics_v2.parquet,374e15163c404aa19bf8453d170490862689d4b0db1c5d34b0e6dea8f075e1b8,20
target_centrality,T:330455,33685.0,performing_municipio,A,2021,aim3_target_metrics_v2.parquet,374e15163c404aa19bf8453d170490862689d4b0db1c5d34b0e6dea8f075e1b8,38
target_centrality,T:350330,0.0,performing_municipio,A,2021,aim3_target_metrics_v2.parquet,374e15163c404aa19bf8453d170490862689d4b0db1c5d34b0e6dea8f075e1b8,6
target_centrality,T:350400,16279.0,performing_municipio,A,2021,aim3_target_metrics_v2.parquet,374e15163c404aa19bf8453d170490862689d4b0db1c5d34b0e6dea8f075e1b8,31
target_centrality,T:350550,182113.5,performing_municipio,A,2021,aim3_target_metrics_v2.parquet,374e15163c404aa19bf8453d170490862689d4b0db1c5d34b0e6dea8f075e1b8,52
target_centrality,T:350750,18976.0,performing_municipio,A,2021,aim3_target_metrics_v2.parquet,374e15163c404aa19bf8453d170490862689d4b0db1c5d34b0e6dea8f075e1b8,59
target_centrality,T:350760,12352.0,performing_municipio,A,2021,aim3_target_metrics_v2.parquet,374e15163c404aa19bf8453d170490862689d4b0db1c5d34b0e6dea8f075e1b8,58
target_centrality,T:350950,43591.5,performing_municipio,A,2021,aim3_target_metrics_v2.parquet,374e15163c404aa19bf8453d170490862689d4b0db1c5d34b0e6dea8f075e1b8,171
target_centrality,T:351060,4084.0,performing_municipio,A,2021,aim3_target_metrics_v2.parquet,374e15163c404aa19bf8453d170490862689d4b0db1c5d34b0e6dea8f075e1b8,41
target_centrality,T:351110,8157.0,performing_municipio,A,2021,aim3_target_metrics_v2.parquet,374e15163c404aa19bf8453d170490862689d4b0db1c5d34b0e6dea8f075e1b8,19
target_centrality,T:351340,4083.0,performing_municipio,A,2021,aim3_target_metrics_v2.parquet,374e15163c404aa19bf8453d170490862689d4b0db1c5d34b0e6dea8f075e1b8,10
target_centrality,T:351620,10870.5,performing_municipio,A,2021,aim3_target_metrics_v2.parquet,374e15163c404aa19bf8453d170490862689d4b0db1c5d34b0e6dea8f075e1b8,61
target_centrality,T:351640,2740.0,performing_municipio,A,2021,aim3_target_metrics_v2.parquet,374e15163c404aa19bf8453d170490862689d4b0db1c5d34b0e6dea8f075e1b8,24
target_centrality,T:351880,2.5,performing_municipio,A,2021,aim3_target_metrics_v2.parquet,374e15163c404aa19bf8453d170490862689d4b0db1c5d34b0e6dea8f075e1b8,40
target_centrality,T:352220,2723.0,performing_municipio,A,2021,aim3_target_metrics_v2.parquet,374e15163c404aa19bf8453d170490862689d4b0db1c5d34b0e6dea8f075e1b8,8
target_centrality,T:352440,1362.0,performing_municipio,A,2021,aim3_target_metrics_v2.parquet,374e15163c404aa19bf8453d170490862689d4b0db1c5d34b0e6dea8f075e1b8,33
target_centrality,T:352480,6800.0,performing_municipio,A,2021,aim3_target_metrics_v2.parquet,374e15163c404aa19bf8453d170490862689d4b0db1c5d34b0e6dea8f075e1b8,16
target_centrality,T:352530,54603.0,performing_municipio,A,2021,aim3_target_metrics_v2.parquet,374e15163c404aa19bf8453d170490862689d4b0db1c5d34b0e6dea8f075e1b8,43
target_centrality,T:352590,10271.0,performing_municipio,A,2021,aim3_target_metrics_v2.parquet,374e15163c404aa19bf8453d170490862689d4b0db1c5d34b0e6dea8f075e1b8,170
target_centrality,T:352690,0.0,performing_municipio,A,2021,aim3_target_metrics_v2.parquet,374e15163c404aa19bf8453d170490862689d4b0db1c5d34b0e6dea8f075e1b8,9
target_centrality,T:353870,10868.0,performing_municipio,A,2021,aim3_target_metrics_v2.parquet,374e15163c404aa19bf8453d170490862689d4b0db1c5d34b0e6dea8f075e1b8,61
target_centrality,T:354140,35087.0,performing_municipio,A,2021,aim3_target_metrics_v2.parquet,374e15163c404aa19bf8453d170490862689d4b0db1c5d34b0e6dea8f075e1b8,111
target_centrality,T:354340,51163.5,performing_municipio,A,2021,aim3_target_metrics_v2.parquet,374e15163c404aa19bf8453d170490862689d4b0db1c5d34b0e6dea8f075e1b8,113
target_centrality,T:354780,0.0,performing_municipio,A,2021,aim3_target_metrics_v2.parquet,374e15163c404aa19bf8453d170490862689d4b0db1c5d34b0e6dea8f075e1b8,<5
target_centrality,T:354850,1362.0,performing_municipio,A,2021,aim3_target_metrics_v2.parquet,374e15163c404aa19bf8453d170490862689d4b0db1c5d34b0e6dea8f075e1b8,69
target_centrality,T:354870,1362.0,performing_municipio,A,2021,aim3_target_metrics_v2.parquet,374e15163c404aa19bf8453d170490862689d4b0db1c5d34b0e6dea8f075e1b8,72
target_centrality,T:354980,257681.0,performing_municipio,A,2021,aim3_target_metrics_v2.parquet,374e15163c404aa19bf8453d170490862689d4b0db1c5d34b0e6dea8f075e1b8,416
target_centrality,T:354990,3.0,performing_municipio,A,2021,aim3_target_metrics_v2.parquet,374e15163c404aa19bf8453d170490862689d4b0db1c5d34b0e6dea8f075e1b8,18
target_centrality,T:355030,184080.5,performing_municipio,A,2021,aim3_target_metrics_v2.parquet,374e15163c404aa19bf8453d170490862689d4b0db1c5d34b0e6dea8f075e1b8,517
target_centrality,T:355220,77417.0,performing_municipio,A,2021,aim3_target_metrics_v2.parquet,374e15163c404aa19bf8453d170490862689d4b0db1c5d34b0e6dea8f075e1b8,116
target_centrality,T:355410,13911.0,performing_municipio,A,2021,aim3_target_metrics_v2.parquet,374e15163c404aa19bf8453d170490862689d4b0db1c5d34b0e6dea8f075e1b8,42
target_centrality,T:355710,1362.0,performing_municipio,A,2021,aim3_target_metrics_v2.parquet,374e15163c404aa19bf8453d170490862689d4b0db1c5d34b0e6dea8f075e1b8,<5
target_centrality,T:410150,8194.0,performing_municipio,A,2021,aim3_target_metrics_v2.parquet,374e15163c404aa19bf8453d170490862689d4b0db1c5d34b0e6dea8f075e1b8,22
target_centrality,T:410400,109821.0,performing_municipio,A,2021,aim3_target_metrics_v2.parquet,374e15163c404aa19bf8453d170490862689d4b0db1c5d34b0e6dea8f075e1b8,47
target_centrality,T:410430,0.0,performing_municipio,A,2021,aim3_target_metrics_v2.parquet,374e15163c404aa19bf8453d170490862689d4b0db1c5d34b0e6dea8f075e1b8,<5
target_centrality,T:410480,13575.0,performing_municipio,A,2021,aim3_target_metrics_v2.parquet,374e15163c404aa19bf8453d170490862689d4b0db1c5d34b0e6dea8f075e1b8,41
target_centrality,T:410690,252350.5,performing_municipio,A,2021,aim3_target_metrics_v2.parquet,374e15163c404aa19bf8453d170490862689d4b0db1c5d34b0e6dea8f075e1b8,152
target_centrality,T:410830,0.0,performing_municipio,A,2021,aim3_target_metrics_v2.parquet,374e15163c404aa19bf8453d170490862689d4b0db1c5d34b0e6dea8f075e1b8,10
target_centrality,T:411370,52266.0,performing_municipio,A,2021,aim3_target_metrics_v2.parquet,374e15163c404aa19bf8453d170490862689d4b0db1c5d34b0e6dea8f075e1b8,200
target_centrality,T:411520,10960.0,performing_municipio,A,2021,aim3_target_metrics_v2.parquet,374e15163c404aa19bf8453d170490862689d4b0db1c5d34b0e6dea8f075e1b8,80
target_centrality,T:411990,20232.5,performing_municipio,A,2021,aim3_target_metrics_v2.parquet,374e15163c404aa19bf8453d170490862689d4b0db1c5d34b0e6dea8f075e1b8,73
target_centrality,T:420240,36215.5,performing_municipio,A,2021,aim3_target_metrics_v2.parquet,374e15163c404aa19bf8453d170490862689d4b0db1c5d34b0e6dea8f075e1b8,14
target_centrality,T:420420,0.0,performing_municipio,A,2021,aim3_target_metrics_v2.parquet,374e15163c404aa19bf8453d170490862689d4b0db1c5d34b0e6dea8f075e1b8,<5
target_centrality,T:420460,10.0,performing_municipio,A,2021,aim3_target_metrics_v2.parquet,374e15163c404aa19bf8453d170490862689d4b0db1c5d34b0e6dea8f075e1b8,6
target_centrality,T:420540,451542.5,performing_municipio,A,2021,aim3_target_metrics_v2.parquet,374e15163c404aa19bf8453d170490862689d4b0db1c5d34b0e6dea8f075e1b8,150
target_centrality,T:420900,25707.0,performing_municipio,A,2021,aim3_target_metrics_v2.parquet,374e15163c404aa19bf8453d170490862689d4b0db1c5d34b0e6dea8f075e1b8,55
target_centrality,T:420910,14476.0,performing_municipio,A,2021,aim3_target_metrics_v2.parquet,374e15163c404aa19bf8453d170490862689d4b0db1c5d34b0e6dea8f075e1b8,120
target_centrality,T:421660,4083.0,performing_municipio,A,2021,aim3_target_metrics_v2.parquet,374e15163c404aa19bf8453d170490862689d4b0db1c5d34b0e6dea8f075e1b8,9
target_centrality,T:430210,2723.0,performing_municipio,A,2021,aim3_target_metrics_v2.parquet,374e15163c404aa19bf8453d170490862689d4b0db1c5d34b0e6dea8f075e1b8,7
target_centrality,T:430510,9507.0,performing_municipio,A,2021,aim3_target_metrics_v2.parquet,374e15163c404aa19bf8453d170490862689d4b0db1c5d34b0e6dea8f075e1b8,53
target_centrality,T:431410,33752.5,performing_municipio,A,2021,aim3_target_metrics_v2.parquet,374e15163c404aa19bf8453d170490862689d4b0db1c5d34b0e6dea8f075e1b8,56
target_centrality,T:431440,0.0,performing_municipio,A,2021,aim3_target_metrics_v2.parquet,374e15163c404aa19bf8453d170490862689d4b0db1c5d34b0e6dea8f075e1b8,<5
target_centrality,T:431490,109200.5,performing_municipio,A,2021,aim3_target_metrics_v2.parquet,374e15163c404aa19bf8453d170490862689d4b0db1c5d34b0e6dea8f075e1b8,236
target_centrality,T:431560,0.0,performing_municipio,A,2021,aim3_target_metrics_v2.parquet,374e15163c404aa19bf8453d170490862689d4b0db1c5d34b0e6dea8f075e1b8,<5
target_centrality,T:500270,2769.0,performing_municipio,A,2021,aim3_target_metrics_v2.parquet,374e15163c404aa19bf8453d170490862689d4b0db1c5d34b0e6dea8f075e1b8,23
target_centrality,T:500370,0.0,performing_municipio,A,2021,aim3_target_metrics_v2.parquet,374e15163c404aa19bf8453d170490862689d4b0db1c5d34b0e6dea8f075e1b8,<5
target_centrality,T:500660,61598.0,performing_municipio,A,2021,aim3_target_metrics_v2.parquet,374e15163c404aa19bf8453d170490862689d4b0db1c5d34b0e6dea8f075e1b8,177
target_centrality,T:510340,10868.0,performing_municipio,A,2021,aim3_target_metrics_v2.parquet,374e15163c404aa19bf8453d170490862689d4b0db1c5d34b0e6dea8f075e1b8,24
target_centrality,T:510760,0.0,performing_municipio,A,2021,aim3_target_metrics_v2.parquet,374e15163c404aa19bf8453d170490862689d4b0db1c5d34b0e6dea8f075e1b8,<5
target_centrality,T:520140,0.0,performing_municipio,A,2021,aim3_target_metrics_v2.parquet,374e15163c404aa19bf8453d170490862689d4b0db1c5d34b0e6dea8f075e1b8,<5
target_centrality,T:520870,0.0,performing_municipio,A,2021,aim3_target_metrics_v2.parquet,374e15163c404aa19bf8453d170490862689d4b0db1c5d34b0e6dea8f075e1b8,<5
target_centrality,T:530010,6.0,performing_municipio,A,2021,aim3_target_metrics_v2.parquet,374e15163c404aa19bf8453d170490862689d4b0db1c5d34b0e6dea8f075e1b8,33
target_centrality,T:110020,27612.0,performing_municipio,A,2022,aim3_target_metrics_v2.parquet,374e15163c404aa19bf8453d170490862689d4b0db1c5d34b0e6dea8f075e1b8,41
target_centrality,T:130260,29729.0,performing_municipio,A,2022,aim3_target_metrics_v2.parquet,374e15163c404aa19bf8453d170490862689d4b0db1c5d34b0e6dea8f075e1b8,120
target_centrality,T:150060,42.0,performing_municipio,A,2022,aim3_target_metrics_v2.parquet,374e15163c404aa19bf8453d170490862689d4b0db1c5d34b0e6dea8f075e1b8,14
target_centrality,T:150140,272136.0,performing_municipio,A,2022,aim3_target_metrics_v2.parquet,374e15163c404aa19bf8453d170490862689d4b0db1c5d34b0e6dea8f075e1b8,62
target_centrality,T:150360,0.0,performing_municipio,A,2022,aim3_target_metrics_v2.parquet,374e15163c404aa19bf8453d170490862689d4b0db1c5d34b0e6dea8f075e1b8,<5
target_centrality,T:150680,63.0,performing_municipio,A,2022,aim3_target_metrics_v2.parquet,374e15163c404aa19bf8453d170490862689d4b0db1c5d34b0e6dea8f075e1b8,45
target_centrality,T:170210,15.0,performing_municipio,A,2022,aim3_target_metrics_v2.parquet,374e15163c404aa19bf8453d170490862689d4b0db1c5d34b0e6dea8f075e1b8,7
target_centrality,T:172100,0.0,performing_municipio,A,2022,aim3_target_metrics_v2.parquet,374e15163c404aa19bf8453d170490862689d4b0db1c5d34b0e6dea8f075e1b8,<5
target_centrality,T:210530,0.0,performing_municipio,A,2022,aim3_target_metrics_v2.parquet,374e15163c404aa19bf8453d170490862689d4b0db1c5d34b0e6dea8f075e1b8,<5
target_centrality,T:211130,99030.0,performing_municipio,A,2022,aim3_target_metrics_v2.parquet,374e15163c404aa19bf8453d170490862689d4b0db1c5d34b0e6dea8f075e1b8,169
target_centrality,T:221100,80237.0,performing_municipio,A,2022,aim3_target_metrics_v2.parquet,374e15163c404aa19bf8453d170490862689d4b0db1c5d34b0e6dea8f075e1b8,95
target_centrality,T:230440,514556.0,performing_municipio,A,2022,aim3_target_metrics_v2.parquet,374e15163c404aa19bf8453d170490862689d4b0db1c5d34b0e6dea8f075e1b8,983
target_centrality,T:240310,286008.5,performing_municipio,A,2022,aim3_target_metrics_v2.parquet,374e15163c404aa19bf8453d170490862689d4b0db1c5d34b0e6dea8f075e1b8,452
target_centrality,T:240810,8514.5,performing_municipio,A,2022,aim3_target_metrics_v2.parquet,374e15163c404aa19bf8453d170490862689d4b0db1c5d34b0e6dea8f075e1b8,46
target_centrality,T:250750,50844.0,performing_municipio,A,2022,aim3_target_metrics_v2.parquet,374e15163c404aa19bf8453d170490862689d4b0db1c5d34b0e6dea8f075e1b8,94
target_centrality,T:260410,329979.5,performing_municipio,A,2022,aim3_target_metrics_v2.parquet,374e15163c404aa19bf8453d170490862689d4b0db1c5d34b0e6dea8f075e1b8,350
target_centrality,T:261160,269335.0,performing_municipio,A,2022,aim3_target_metrics_v2.parquet,374e15163c404aa19bf8453d170490862689d4b0db1c5d34b0e6dea8f075e1b8,389
target_centrality,T:280030,63465.0,performing_municipio,A,2022,aim3_target_metrics_v2.parquet,374e15163c404aa19bf8453d170490862689d4b0db1c5d34b0e6dea8f075e1b8,105
target_centrality,T:291080,21268.5,performing_municipio,A,2022,aim3_target_metrics_v2.parquet,374e15163c404aa19bf8453d170490862689d4b0db1c5d34b0e6dea8f075e1b8,70
target_centrality,T:291800,17062.0,performing_municipio,A,2022,aim3_target_metrics_v2.parquet,374e15163c404aa19bf8453d170490862689d4b0db1c5d34b0e6dea8f075e1b8,38
target_centrality,T:292740,467414.0,performing_municipio,A,2022,aim3_target_metrics_v2.parquet,374e15163c404aa19bf8453d170490862689d4b0db1c5d34b0e6dea8f075e1b8,793
target_centrality,T:293135,6.0,performing_municipio,A,2022,aim3_target_metrics_v2.parquet,374e15163c404aa19bf8453d170490862689d4b0db1c5d34b0e6dea8f075e1b8,14
target_centrality,T:310160,15.0,performing_municipio,A,2022,aim3_target_metrics_v2.parquet,374e15163c404aa19bf8453d170490862689d4b0db1c5d34b0e6dea8f075e1b8,13
target_centrality,T:310620,360956.5,performing_municipio,A,2022,aim3_target_metrics_v2.parquet,374e15163c404aa19bf8453d170490862689d4b0db1c5d34b0e6dea8f075e1b8,787
target_centrality,T:312770,21255.0,performing_municipio,A,2022,aim3_target_metrics_v2.parquet,374e15163c404aa19bf8453d170490862689d4b0db1c5d34b0e6dea8f075e1b8,67
target_centrality,T:313240,10903.0,performing_municipio,A,2022,aim3_target_metrics_v2.parquet,374e15163c404aa19bf8453d170490862689d4b0db1c5d34b0e6dea8f075e1b8,12
target_centrality,T:313380,1.0,performing_municipio,A,2022,aim3_target_metrics_v2.parquet,374e15163c404aa19bf8453d170490862689d4b0db1c5d34b0e6dea8f075e1b8,<5
target_centrality,T:313670,44520.0,performing_municipio,A,2022,aim3_target_metrics_v2.parquet,374e15163c404aa19bf8453d170490862689d4b0db1c5d34b0e6dea8f075e1b8,112
target_centrality,T:314330,25494.0,performing_municipio,A,2022,aim3_target_metrics_v2.parquet,374e15163c404aa19bf8453d170490862689d4b0db1c5d34b0e6dea8f075e1b8,35
target_centrality,T:314390,21249.0,performing_municipio,A,2022,aim3_target_metrics_v2.parquet,374e15163c404aa19bf8453d170490862689d4b0db1c5d34b0e6dea8f075e1b8,14
target_centrality,T:314700,0.0,performing_municipio,A,2022,aim3_target_metrics_v2.parquet,374e15163c404aa19bf8453d170490862689d4b0db1c5d34b0e6dea8f075e1b8,<5
target_centrality,T:314790,38187.0,performing_municipio,A,2022,aim3_target_metrics_v2.parquet,374e15163c404aa19bf8453d170490862689d4b0db1c5d34b0e6dea8f075e1b8,45
target_centrality,T:315180,0.0,performing_municipio,A,2022,aim3_target_metrics_v2.parquet,374e15163c404aa19bf8453d170490862689d4b0db1c5d34b0e6dea8f075e1b8,<5
target_centrality,T:315250,36077.0,performing_municipio,A,2022,aim3_target_metrics_v2.parquet,374e15163c404aa19bf8453d170490862689d4b0db1c5d34b0e6dea8f075e1b8,69
target_centrality,T:316990,4259.0,performing_municipio,A,2022,aim3_target_metrics_v2.parquet,374e15163c404aa19bf8453d170490862689d4b0db1c5d34b0e6dea8f075e1b8,<5
target_centrality,T:317010,0.0,performing_municipio,A,2022,aim3_target_metrics_v2.parquet,374e15163c404aa19bf8453d170490862689d4b0db1c5d34b0e6dea8f075e1b8,<5
target_centrality,T:317020,363000.0,performing_municipio,A,2022,aim3_target_metrics_v2.parquet,374e15163c404aa19bf8453d170490862689d4b0db1c5d34b0e6dea8f075e1b8,267
target_centrality,T:320120,8518.5,performing_municipio,A,2022,aim3_target_metrics_v2.parquet,374e15163c404aa19bf8453d170490862689d4b0db1c5d34b0e6dea8f075e1b8,21
target_centrality,T:320130,0.0,performing_municipio,A,2022,aim3_target_metrics_v2.parquet,374e15163c404aa19bf8453d170490862689d4b0db1c5d34b0e6dea8f075e1b8,<5
target_centrality,T:320500,10656.5,performing_municipio,A,2022,aim3_target_metrics_v2.parquet,374e15163c404aa19bf8453d170490862689d4b0db1c5d34b0e6dea8f075e1b8,113
target_centrality,T:320530,86172.5,performing_municipio,A,2022,aim3_target_metrics_v2.parquet,374e15163c404aa19bf8453d170490862689d4b0db1c5d34b0e6dea8f075e1b8,187
target_centrality,T:330060,4.0,performing_municipio,A,2022,aim3_target_metrics_v2.parquet,374e15163c404aa19bf8453d170490862689d4b0db1c5d34b0e6dea8f075e1b8,6
target_centrality,T:330100,1.0,performing_municipio,A,2022,aim3_target_metrics_v2.parquet,374e15163c404aa19bf8453d170490862689d4b0db1c5d34b0e6dea8f075e1b8,35
target_centrality,T:330170,0.0,performing_municipio,A,2022,aim3_target_metrics_v2.parquet,374e15163c404aa19bf8453d170490862689d4b0db1c5d34b0e6dea8f075e1b8,<5
target_centrality,T:330220,7.0,performing_municipio,A,2022,aim3_target_metrics_v2.parquet,374e15163c404aa19bf8453d170490862689d4b0db1c5d34b0e6dea8f075e1b8,<5
target_centrality,T:330240,0.0,performing_municipio,A,2022,aim3_target_metrics_v2.parquet,374e15163c404aa19bf8453d170490862689d4b0db1c5d34b0e6dea8f075e1b8,6
target_centrality,T:330330,2130.5,performing_municipio,A,2022,aim3_target_metrics_v2.parquet,374e15163c404aa19bf8453d170490862689d4b0db1c5d34b0e6dea8f075e1b8,23
target_centrality,T:330390,2130.0,performing_municipio,A,2022,aim3_target_metrics_v2.parquet,374e15163c404aa19bf8453d170490862689d4b0db1c5d34b0e6dea8f075e1b8,64
target_centrality,T:330455,379431.5,performing_municipio,A,2022,aim3_target_metrics_v2.parquet,374e15163c404aa19bf8453d170490862689d4b0db1c5d34b0e6dea8f075e1b8,338
target_centrality,T:330490,0.0,performing_municipio,A,2022,aim3_target_metrics_v2.parquet,374e15163c404aa19bf8453d170490862689d4b0db1c5d34b0e6dea8f075e1b8,<5
target_centrality,T:350330,0.0,performing_municipio,A,2022,aim3_target_metrics_v2.parquet,374e15163c404aa19bf8453d170490862689d4b0db1c5d34b0e6dea8f075e1b8,7
target_centrality,T:350400,23725.0,performing_municipio,A,2022,aim3_target_metrics_v2.parquet,374e15163c404aa19bf8453d170490862689d4b0db1c5d34b0e6dea8f075e1b8,39
target_centrality,T:350550,306117.0,performing_municipio,A,2022,aim3_target_metrics_v2.parquet,374e15163c404aa19bf8453d170490862689d4b0db1c5d34b0e6dea8f075e1b8,145
target_centrality,T:350570,4261.0,performing_municipio,A,2022,aim3_target_metrics_v2.parquet,374e15163c404aa19bf8453d170490862689d4b0db1c5d34b0e6dea8f075e1b8,51
target_centrality,T:350600,1.0,performing_municipio,A,2022,aim3_target_metrics_v2.parquet,374e15163c404aa19bf8453d170490862689d4b0db1c5d34b0e6dea8f075e1b8,9
target_centrality,T:350750,37883.0,performing_municipio,A,2022,aim3_target_metrics_v2.parquet,374e15163c404aa19bf8453d170490862689d4b0db1c5d34b0e6dea8f075e1b8,75
target_centrality,T:350760,21706.0,performing_municipio,A,2022,aim3_target_metrics_v2.parquet,374e15163c404aa19bf8453d170490862689d4b0db1c5d34b0e6dea8f075e1b8,57
target_centrality,T:350950,95375.0,performing_municipio,A,2022,aim3_target_metrics_v2.parquet,374e15163c404aa19bf8453d170490862689d4b0db1c5d34b0e6dea8f075e1b8,204
target_centrality,T:351050,26329.0,performing_municipio,A,2022,aim3_target_metrics_v2.parquet,374e15163c404aa19bf8453d170490862689d4b0db1c5d34b0e6dea8f075e1b8,24
target_centrality,T:351060,2125.0,performing_municipio,A,2022,aim3_target_metrics_v2.parquet,374e15163c404aa19bf8453d170490862689d4b0db1c5d34b0e6dea8f075e1b8,18
target_centrality,T:351110,8367.5,performing_municipio,A,2022,aim3_target_metrics_v2.parquet,374e15163c404aa19bf8453d170490862689d4b0db1c5d34b0e6dea8f075e1b8,24
target_centrality,T:351340,6387.0,performing_municipio,A,2022,aim3_target_metrics_v2.parquet,374e15163c404aa19bf8453d170490862689d4b0db1c5d34b0e6dea8f075e1b8,16
target_centrality,T:351620,8329.0,performing_municipio,A,2022,aim3_target_metrics_v2.parquet,374e15163c404aa19bf8453d170490862689d4b0db1c5d34b0e6dea8f075e1b8,48
target_centrality,T:351640,26985.0,performing_municipio,A,2022,aim3_target_metrics_v2.parquet,374e15163c404aa19bf8453d170490862689d4b0db1c5d34b0e6dea8f075e1b8,66
target_centrality,T:351880,236387.0,performing_municipio,A,2022,aim3_target_metrics_v2.parquet,374e15163c404aa19bf8453d170490862689d4b0db1c5d34b0e6dea8f075e1b8,99
target_centrality,T:352220,8514.0,performing_municipio,A,2022,aim3_target_metrics_v2.parquet,374e15163c404aa19bf8453d170490862689d4b0db1c5d34b0e6dea8f075e1b8,50
target_centrality,T:352440,2131.0,performing_municipio,A,2022,aim3_target_metrics_v2.parquet,374e15163c404aa19bf8453d170490862689d4b0db1c5d34b0e6dea8f075e1b8,20
target_centrality,T:352480,2323.0,performing_municipio,A,2022,aim3_target_metrics_v2.parquet,374e15163c404aa19bf8453d170490862689d4b0db1c5d34b0e6dea8f075e1b8,13
target_centrality,T:352530,33987.0,performing_municipio,A,2022,aim3_target_metrics_v2.parquet,374e15163c404aa19bf8453d170490862689d4b0db1c5d34b0e6dea8f075e1b8,82
target_centrality,T:352590,28268.0,performing_municipio,A,2022,aim3_target_metrics_v2.parquet,374e15163c404aa19bf8453d170490862689d4b0db1c5d34b0e6dea8f075e1b8,212
target_centrality,T:352690,7769.0,performing_municipio,A,2022,aim3_target_metrics_v2.parquet,374e15163c404aa19bf8453d170490862689d4b0db1c5d34b0e6dea8f075e1b8,62
target_centrality,T:352730,0.0,performing_municipio,A,2022,aim3_target_metrics_v2.parquet,374e15163c404aa19bf8453d170490862689d4b0db1c5d34b0e6dea8f075e1b8,6
target_centrality,T:352900,16640.0,performing_municipio,A,2022,aim3_target_metrics_v2.parquet,374e15163c404aa19bf8453d170490862689d4b0db1c5d34b0e6dea8f075e1b8,35
target_centrality,T:353060,0.0,performing_municipio,A,2022,aim3_target_metrics_v2.parquet,374e15163c404aa19bf8453d170490862689d4b0db1c5d34b0e6dea8f075e1b8,<5
target_centrality,T:353870,21162.0,performing_municipio,A,2022,aim3_target_metrics_v2.parquet,374e15163c404aa19bf8453d170490862689d4b0db1c5d34b0e6dea8f075e1b8,100
target_centrality,T:354140,46837.0,performing_municipio,A,2022,aim3_target_metrics_v2.parquet,374e15163c404aa19bf8453d170490862689d4b0db1c5d34b0e6dea8f075e1b8,111
target_centrality,T:354340,141553.0,performing_municipio,A,2022,aim3_target_metrics_v2.parquet,374e15163c404aa19bf8453d170490862689d4b0db1c5d34b0e6dea8f075e1b8,117
target_centrality,T:354850,4.0,performing_municipio,A,2022,aim3_target_metrics_v2.parquet,374e15163c404aa19bf8453d170490862689d4b0db1c5d34b0e6dea8f075e1b8,84
target_centrality,T:354870,0.0,performing_municipio,A,2022,aim3_target_metrics_v2.parquet,374e15163c404aa19bf8453d170490862689d4b0db1c5d34b0e6dea8f075e1b8,107
target_centrality,T:354980,273908.5,performing_municipio,A,2022,aim3_target_metrics_v2.parquet,374e15163c404aa19bf8453d170490862689d4b0db1c5d34b0e6dea8f075e1b8,514
target_centrality,T:354990,10731.0,performing_municipio,A,2022,aim3_target_metrics_v2.parquet,374e15163c404aa19bf8453d170490862689d4b0db1c5d34b0e6dea8f075e1b8,44
target_centrality,T:355030,1354512.0,performing_municipio,A,2022,aim3_target_metrics_v2.parquet,374e15163c404aa19bf8453d170490862689d4b0db1c5d34b0e6dea8f075e1b8,1055
target_centrality,T:355220,109005.0,performing_municipio,A,2022,aim3_target_metrics_v2.parquet,374e15163c404aa19bf8453d170490862689d4b0db1c5d34b0e6dea8f075e1b8,182
target_centrality,T:355280,6.0,performing_municipio,A,2022,aim3_target_metrics_v2.parquet,374e15163c404aa19bf8453d170490862689d4b0db1c5d34b0e6dea8f075e1b8,44
target_centrality,T:355410,17018.0,performing_municipio,A,2022,aim3_target_metrics_v2.parquet,374e15163c404aa19bf8453d170490862689d4b0db1c5d34b0e6dea8f075e1b8,51
target_centrality,T:355710,12766.0,performing_municipio,A,2022,aim3_target_metrics_v2.parquet,374e15163c404aa19bf8453d170490862689d4b0db1c5d34b0e6dea8f075e1b8,24
target_centrality,T:410140,2131.0,performing_municipio,A,2022,aim3_target_metrics_v2.parquet,374e15163c404aa19bf8453d170490862689d4b0db1c5d34b0e6dea8f075e1b8,6
target_centrality,T:410150,10530.5,performing_municipio,A,2022,aim3_target_metrics_v2.parquet,374e15163c404aa19bf8453d170490862689d4b0db1c5d34b0e6dea8f075e1b8,32
target_centrality,T:410400,84507.5,performing_municipio,A,2022,aim3_target_metrics_v2.parquet,374e15163c404aa19bf8453d170490862689d4b0db1c5d34b0e6dea8f075e1b8,44
target_centrality,T:410430,21255.0,performing_municipio,A,2022,aim3_target_metrics_v2.parquet,374e15163c404aa19bf8453d170490862689d4b0db1c5d34b0e6dea8f075e1b8,34
target_centrality,T:410480,54841.0,performing_municipio,A,2022,aim3_target_metrics_v2.parquet,374e15163c404aa19bf8453d170490862689d4b0db1c5d34b0e6dea8f075e1b8,83
target_centrality,T:410690,61440.0,performing_municipio,A,2022,aim3_target_metrics_v2.parquet,374e15163c404aa19bf8453d170490862689d4b0db1c5d34b0e6dea8f075e1b8,188
target_centrality,T:410830,0.0,performing_municipio,A,2022,aim3_target_metrics_v2.parquet,374e15163c404aa19bf8453d170490862689d4b0db1c5d34b0e6dea8f075e1b8,5
target_centrality,T:411370,171933.5,performing_municipio,A,2022,aim3_target_metrics_v2.parquet,374e15163c404aa19bf8453d170490862689d4b0db1c5d34b0e6dea8f075e1b8,187
target_centrality,T:411520,73359.0,performing_municipio,A,2022,aim3_target_metrics_v2.parquet,374e15163c404aa19bf8453d170490862689d4b0db1c5d34b0e6dea8f075e1b8,136
target_centrality,T:411990,36077.5,performing_municipio,A,2022,aim3_target_metrics_v2.parquet,374e15163c404aa19bf8453d170490862689d4b0db1c5d34b0e6dea8f075e1b8,124
target_centrality,T:412625,0.0,performing_municipio,A,2022,aim3_target_metrics_v2.parquet,374e15163c404aa19bf8453d170490862689d4b0db1c5d34b0e6dea8f075e1b8,<5
target_centrality,T:412770,4259.0,performing_municipio,A,2022,aim3_target_metrics_v2.parquet,374e15163c404aa19bf8453d170490862689d4b0db1c5d34b0e6dea8f075e1b8,7
target_centrality,T:420240,63721.0,performing_municipio,A,2022,aim3_target_metrics_v2.parquet,374e15163c404aa19bf8453d170490862689d4b0db1c5d34b0e6dea8f075e1b8,19
target_centrality,T:420290,0.0,performing_municipio,A,2022,aim3_target_metrics_v2.parquet,374e15163c404aa19bf8453d170490862689d4b0db1c5d34b0e6dea8f075e1b8,<5
target_centrality,T:420300,109345.5,performing_municipio,A,2022,aim3_target_metrics_v2.parquet,374e15163c404aa19bf8453d170490862689d4b0db1c5d34b0e6dea8f075e1b8,60
target_centrality,T:420460,14890.0,performing_municipio,A,2022,aim3_target_metrics_v2.parquet,374e15163c404aa19bf8453d170490862689d4b0db1c5d34b0e6dea8f075e1b8,27
target_centrality,T:420540,272011.0,performing_municipio,A,2022,aim3_target_metrics_v2.parquet,374e15163c404aa19bf8453d170490862689d4b0db1c5d34b0e6dea8f075e1b8,144
target_centrality,T:420900,38103.0,performing_municipio,A,2022,aim3_target_metrics_v2.parquet,374e15163c404aa19bf8453d170490862689d4b0db1c5d34b0e6dea8f075e1b8,65
target_centrality,T:420910,17067.0,performing_municipio,A,2022,aim3_target_metrics_v2.parquet,374e15163c404aa19bf8453d170490862689d4b0db1c5d34b0e6dea8f075e1b8,144
target_centrality,T:421010,2131.0,performing_municipio,A,2022,aim3_target_metrics_v2.parquet,374e15163c404aa19bf8453d170490862689d4b0db1c5d34b0e6dea8f075e1b8,<5
target_centrality,T:421660,4259.5,performing_municipio,A,2022,aim3_target_metrics_v2.parquet,374e15163c404aa19bf8453d170490862689d4b0db1c5d34b0e6dea8f075e1b8,10
target_centrality,T:430210,0.0,performing_municipio,A,2022,aim3_target_metrics_v2.parquet,374e15163c404aa19bf8453d170490862689d4b0db1c5d34b0e6dea8f075e1b8,<5
target_centrality,T:430510,6387.0,performing_municipio,A,2022,aim3_target_metrics_v2.parquet,374e15163c404aa19bf8453d170490862689d4b0db1c5d34b0e6dea8f075e1b8,62
target_centrality,T:430860,256509.0,performing_municipio,A,2022,aim3_target_metrics_v2.parquet,374e15163c404aa19bf8453d170490862689d4b0db1c5d34b0e6dea8f075e1b8,60
target_centrality,T:431410,53656.0,performing_municipio,A,2022,aim3_target_metrics_v2.parquet,374e15163c404aa19bf8453d170490862689d4b0db1c5d34b0e6dea8f075e1b8,53
target_centrality,T:431440,2130.0,performing_municipio,A,2022,aim3_target_metrics_v2.parquet,374e15163c404aa19bf8453d170490862689d4b0db1c5d34b0e6dea8f075e1b8,10
target_centrality,T:431490,564813.5,performing_municipio,A,2022,aim3_target_metrics_v2.parquet,374e15163c404aa19bf8453d170490862689d4b0db1c5d34b0e6dea8f075e1b8,575
target_centrality,T:431560,1.5,performing_municipio,A,2022,aim3_target_metrics_v2.parquet,374e15163c404aa19bf8453d170490862689d4b0db1c5d34b0e6dea8f075e1b8,<5
target_centrality,T:431680,0.0,performing_municipio,A,2022,aim3_target_metrics_v2.parquet,374e15163c404aa19bf8453d170490862689d4b0db1c5d34b0e6dea8f075e1b8,17
target_centrality,T:431690,107383.0,performing_municipio,A,2022,aim3_target_metrics_v2.parquet,374e15163c404aa19bf8453d170490862689d4b0db1c5d34b0e6dea8f075e1b8,193
target_centrality,T:431750,0.0,performing_municipio,A,2022,aim3_target_metrics_v2.parquet,374e15163c404aa19bf8453d170490862689d4b0db1c5d34b0e6dea8f075e1b8,<5
target_centrality,T:500270,17101.0,performing_municipio,A,2022,aim3_target_metrics_v2.parquet,374e15163c404aa19bf8453d170490862689d4b0db1c5d34b0e6dea8f075e1b8,75
target_centrality,T:500370,2130.0,performing_municipio,A,2022,aim3_target_metrics_v2.parquet,374e15163c404aa19bf8453d170490862689d4b0db1c5d34b0e6dea8f075e1b8,<5
target_centrality,T:500660,98676.0,performing_municipio,A,2022,aim3_target_metrics_v2.parquet,374e15163c404aa19bf8453d170490862689d4b0db1c5d34b0e6dea8f075e1b8,149
target_centrality,T:500830,0.0,performing_municipio,A,2022,aim3_target_metrics_v2.parquet,374e15163c404aa19bf8453d170490862689d4b0db1c5d34b0e6dea8f075e1b8,19
target_centrality,T:510340,92069.0,performing_municipio,A,2022,aim3_target_metrics_v2.parquet,374e15163c404aa19bf8453d170490862689d4b0db1c5d34b0e6dea8f075e1b8,75
target_centrality,T:510525,0.0,performing_municipio,A,2022,aim3_target_metrics_v2.parquet,374e15163c404aa19bf8453d170490862689d4b0db1c5d34b0e6dea8f075e1b8,8
target_centrality,T:510760,6387.0,performing_municipio,A,2022,aim3_target_metrics_v2.parquet,374e15163c404aa19bf8453d170490862689d4b0db1c5d34b0e6dea8f075e1b8,19
target_centrality,T:520140,0.0,performing_municipio,A,2022,aim3_target_metrics_v2.parquet,374e15163c404aa19bf8453d170490862689d4b0db1c5d34b0e6dea8f075e1b8,7
target_centrality,T:520870,100343.0,performing_municipio,A,2022,aim3_target_metrics_v2.parquet,374e15163c404aa19bf8453d170490862689d4b0db1c5d34b0e6dea8f075e1b8,182
target_centrality,T:521310,0.0,performing_municipio,A,2022,aim3_target_metrics_v2.parquet,374e15163c404aa19bf8453d170490862689d4b0db1c5d34b0e6dea8f075e1b8,<5
target_centrality,T:521930,61092.5,performing_municipio,A,2022,aim3_target_metrics_v2.parquet,374e15163c404aa19bf8453d170490862689d4b0db1c5d34b0e6dea8f075e1b8,80
target_centrality,T:522160,0.0,performing_municipio,A,2022,aim3_target_metrics_v2.parquet,374e15163c404aa19bf8453d170490862689d4b0db1c5d34b0e6dea8f075e1b8,<5
target_centrality,T:530010,8489.0,performing_municipio,A,2022,aim3_target_metrics_v2.parquet,374e15163c404aa19bf8453d170490862689d4b0db1c5d34b0e6dea8f075e1b8,60
target_centrality,T:110020,42469.0,performing_municipio,A,2023,aim3_target_metrics_v2.parquet,374e15163c404aa19bf8453d170490862689d4b0db1c5d34b0e6dea8f075e1b8,37
target_centrality,T:110030,2662.0,performing_municipio,A,2023,aim3_target_metrics_v2.parquet,374e15163c404aa19bf8453d170490862689d4b0db1c5d34b0e6dea8f075e1b8,12
target_centrality,T:130260,53051.0,performing_municipio,A,2023,aim3_target_metrics_v2.parquet,374e15163c404aa19bf8453d170490862689d4b0db1c5d34b0e6dea8f075e1b8,360
target_centrality,T:150060,5323.0,performing_municipio,A,2023,aim3_target_metrics_v2.parquet,374e15163c404aa19bf8453d170490862689d4b0db1c5d34b0e6dea8f075e1b8,13
target_centrality,T:150080,0.0,performing_municipio,A,2023,aim3_target_metrics_v2.parquet,374e15163c404aa19bf8453d170490862689d4b0db1c5d34b0e6dea8f075e1b8,<5
target_centrality,T:150140,400917.0,performing_municipio,A,2023,aim3_target_metrics_v2.parquet,374e15163c404aa19bf8453d170490862689d4b0db1c5d34b0e6dea8f075e1b8,75
target_centrality,T:150360,0.0,performing_municipio,A,2023,aim3_target_metrics_v2.parquet,374e15163c404aa19bf8453d170490862689d4b0db1c5d34b0e6dea8f075e1b8,<5
target_centrality,T:150543,0.0,performing_municipio,A,2023,aim3_target_metrics_v2.parquet,374e15163c404aa19bf8453d170490862689d4b0db1c5d34b0e6dea8f075e1b8,<5
target_centrality,T:150680,31878.0,performing_municipio,A,2023,aim3_target_metrics_v2.parquet,374e15163c404aa19bf8453d170490862689d4b0db1c5d34b0e6dea8f075e1b8,64
target_centrality,T:160030,6.0,performing_municipio,A,2023,aim3_target_metrics_v2.parquet,374e15163c404aa19bf8453d170490862689d4b0db1c5d34b0e6dea8f075e1b8,49
target_centrality,T:170210,1.0,performing_municipio,A,2023,aim3_target_metrics_v2.parquet,374e15163c404aa19bf8453d170490862689d4b0db1c5d34b0e6dea8f075e1b8,<5
target_centrality,T:172100,45118.0,performing_municipio,A,2023,aim3_target_metrics_v2.parquet,374e15163c404aa19bf8453d170490862689d4b0db1c5d34b0e6dea8f075e1b8,37
target_centrality,T:210530,17909.5,performing_municipio,A,2023,aim3_target_metrics_v2.parquet,374e15163c404aa19bf8453d170490862689d4b0db1c5d34b0e6dea8f075e1b8,16
target_centrality,T:211130,218362.5,performing_municipio,A,2023,aim3_target_metrics_v2.parquet,374e15163c404aa19bf8453d170490862689d4b0db1c5d34b0e6dea8f075e1b8,253
target_centrality,T:221100,109372.0,performing_municipio,A,2023,aim3_target_metrics_v2.parquet,374e15163c404aa19bf8453d170490862689d4b0db1c5d34b0e6dea8f075e1b8,126
target_centrality,T:230440,832722.5,performing_municipio,A,2023,aim3_target_metrics_v2.parquet,374e15163c404aa19bf8453d170490862689d4b0db1c5d34b0e6dea8f075e1b8,1292
target_centrality,T:230730,0.0,performing_municipio,A,2023,aim3_target_metrics_v2.parquet,374e15163c404aa19bf8453d170490862689d4b0db1c5d34b0e6dea8f075e1b8,5
target_centrality,T:231140,2662.0,performing_municipio,A,2023,aim3_target_metrics_v2.parquet,374e15163c404aa19bf8453d170490862689d4b0db1c5d34b0e6dea8f075e1b8,<5
target_centrality,T:231290,10645.0,performing_municipio,A,2023,aim3_target_metrics_v2.parquet,374e15163c404aa19bf8453d170490862689d4b0db1c5d34b0e6dea8f075e1b8,36
target_centrality,T:231340,1.5,performing_municipio,A,2023,aim3_target_metrics_v2.parquet,374e15163c404aa19bf8453d170490862689d4b0db1c5d34b0e6dea8f075e1b8,6
target_centrality,T:240310,581430.5,performing_municipio,A,2023,aim3_target_metrics_v2.parquet,374e15163c404aa19bf8453d170490862689d4b0db1c5d34b0e6dea8f075e1b8,600
target_centrality,T:240810,5324.5,performing_municipio,A,2023,aim3_target_metrics_v2.parquet,374e15163c404aa19bf8453d170490862689d4b0db1c5d34b0e6dea8f075e1b8,42
target_centrality,T:250400,21269.5,performing_municipio,A,2023,aim3_target_metrics_v2.parquet,374e15163c404aa19bf8453d170490862689d4b0db1c5d34b0e6dea8f075e1b8,14
target_centrality,T:250750,108248.5,performing_municipio,A,2023,aim3_target_metrics_v2.parquet,374e15163c404aa19bf8453d170490862689d4b0db1c5d34b0e6dea8f075e1b8,110
target_centrality,T:260410,199474.0,performing_municipio,A,2023,aim3_target_metrics_v2.parquet,374e15163c404aa19bf8453d170490862689d4b0db1c5d34b0e6dea8f075e1b8,454
target_centrality,T:261160,646949.0,performing_municipio,A,2023,aim3_target_metrics_v2.parquet,374e15163c404aa19bf8453d170490862689d4b0db1c5d34b0e6dea8f075e1b8,487
target_centrality,T:270430,50408.0,performing_municipio,A,2023,aim3_target_metrics_v2.parquet,374e15163c404aa19bf8453d170490862689d4b0db1c5d34b0e6dea8f075e1b8,40
target_centrality,T:280030,121422.5,performing_municipio,A,2023,aim3_target_metrics_v2.parquet,374e15163c404aa19bf8453d170490862689d4b0db1c5d34b0e6dea8f075e1b8,177
target_centrality,T:290320,0.0,performing_municipio,A,2023,aim3_target_metrics_v2.parquet,374e15163c404aa19bf8453d170490862689d4b0db1c5d34b0e6dea8f075e1b8,<5
target_centrality,T:291080,45024.5,performing_municipio,A,2023,aim3_target_metrics_v2.parquet,374e15163c404aa19bf8453d170490862689d4b0db1c5d34b0e6dea8f075e1b8,117
target_centrality,T:291360,22589.0,performing_municipio,A,2023,aim3_target_metrics_v2.parquet,374e15163c404aa19bf8453d170490862689d4b0db1c5d34b0e6dea8f075e1b8,21
target_centrality,T:291800,37181.5,performing_municipio,A,2023,aim3_target_metrics_v2.parquet,374e15163c404aa19bf8453d170490862689d4b0db1c5d34b0e6dea8f075e1b8,69
target_centrality,T:291840,7121.5,performing_municipio,A,2023,aim3_target_metrics_v2.parquet,374e15163c404aa19bf8453d170490862689d4b0db1c5d34b0e6dea8f075e1b8,10
target_centrality,T:292740,1074106.5,performing_municipio,A,2023,aim3_target_metrics_v2.parquet,374e15163c404aa19bf8453d170490862689d4b0db1c5d34b0e6dea8f075e1b8,882
target_centrality,T:293135,5375.0,performing_municipio,A,2023,aim3_target_metrics_v2.parquet,374e15163c404aa19bf8453d170490862689d4b0db1c5d34b0e6dea8f075e1b8,25
target_centrality,T:293330,2662.0,performing_municipio,A,2023,aim3_target_metrics_v2.parquet,374e15163c404aa19bf8453d170490862689d4b0db1c5d34b0e6dea8f075e1b8,<5
target_centrality,T:310160,47763.0,performing_municipio,A,2023,aim3_target_metrics_v2.parquet,374e15163c404aa19bf8453d170490862689d4b0db1c5d34b0e6dea8f075e1b8,52
target_centrality,T:310620,541579.5,performing_municipio,A,2023,aim3_target_metrics_v2.parquet,374e15163c404aa19bf8453d170490862689d4b0db1c5d34b0e6dea8f075e1b8,887
target_centrality,T:312770,34528.0,performing_municipio,A,2023,aim3_target_metrics_v2.parquet,374e15163c404aa19bf8453d170490862689d4b0db1c5d34b0e6dea8f075e1b8,48
target_centrality,T:313130,0.0,performing_municipio,A,2023,aim3_target_metrics_v2.parquet,374e15163c404aa19bf8453d170490862689d4b0db1c5d34b0e6dea8f075e1b8,<5
target_centrality,T:313240,2662.0,performing_municipio,A,2023,aim3_target_metrics_v2.parquet,374e15163c404aa19bf8453d170490862689d4b0db1c5d34b0e6dea8f075e1b8,<5
target_centrality,T:313380,2662.5,performing_municipio,A,2023,aim3_target_metrics_v2.parquet,374e15163c404aa19bf8453d170490862689d4b0db1c5d34b0e6dea8f075e1b8,6
target_centrality,T:313670,45015.0,performing_municipio,A,2023,aim3_target_metrics_v2.parquet,374e15163c404aa19bf8453d170490862689d4b0db1c5d34b0e6dea8f075e1b8,101
target_centrality,T:314330,58334.0,performing_municipio,A,2023,aim3_target_metrics_v2.parquet,374e15163c404aa19bf8453d170490862689d4b0db1c5d34b0e6dea8f075e1b8,76
target_centrality,T:314390,66229.0,performing_municipio,A,2023,aim3_target_metrics_v2.parquet,374e15163c404aa19bf8453d170490862689d4b0db1c5d34b0e6dea8f075e1b8,60
target_centrality,T:314560,0.0,performing_municipio,A,2023,aim3_target_metrics_v2.parquet,374e15163c404aa19bf8453d170490862689d4b0db1c5d34b0e6dea8f075e1b8,<5
target_centrality,T:314700,2662.0,performing_municipio,A,2023,aim3_target_metrics_v2.parquet,374e15163c404aa19bf8453d170490862689d4b0db1c5d34b0e6dea8f075e1b8,5
target_centrality,T:314790,78.0,performing_municipio,A,2023,aim3_target_metrics_v2.parquet,374e15163c404aa19bf8453d170490862689d4b0db1c5d34b0e6dea8f075e1b8,59
target_centrality,T:315150,0.0,performing_municipio,A,2023,aim3_target_metrics_v2.parquet,374e15163c404aa19bf8453d170490862689d4b0db1c5d34b0e6dea8f075e1b8,<5
target_centrality,T:315180,0.0,performing_municipio,A,2023,aim3_target_metrics_v2.parquet,374e15163c404aa19bf8453d170490862689d4b0db1c5d34b0e6dea8f075e1b8,28
target_centrality,T:315250,59226.0,performing_municipio,A,2023,aim3_target_metrics_v2.parquet,374e15163c404aa19bf8453d170490862689d4b0db1c5d34b0e6dea8f075e1b8,99
target_centrality,T:316720,12333.0,performing_municipio,A,2023,aim3_target_metrics_v2.parquet,374e15163c404aa19bf8453d170490862689d4b0db1c5d34b0e6dea8f075e1b8,16
target_centrality,T:316990,8026.0,performing_municipio,A,2023,aim3_target_metrics_v2.parquet,374e15163c404aa19bf8453d170490862689d4b0db1c5d34b0e6dea8f075e1b8,10
target_centrality,T:317020,28633.5,performing_municipio,A,2023,aim3_target_metrics_v2.parquet,374e15163c404aa19bf8453d170490862689d4b0db1c5d34b0e6dea8f075e1b8,282
target_centrality,T:317070,0.0,performing_municipio,A,2023,aim3_target_metrics_v2.parquet,374e15163c404aa19bf8453d170490862689d4b0db1c5d34b0e6dea8f075e1b8,<5
target_centrality,T:320120,39830.5,performing_municipio,A,2023,aim3_target_metrics_v2.parquet,374e15163c404aa19bf8453d170490862689d4b0db1c5d34b0e6dea8f075e1b8,122
target_centrality,T:320130,8145.0,performing_municipio,A,2023,aim3_target_metrics_v2.parquet,374e15163c404aa19bf8453d170490862689d4b0db1c5d34b0e6dea8f075e1b8,12
target_centrality,T:320500,25049.5,performing_municipio,A,2023,aim3_target_metrics_v2.parquet,374e15163c404aa19bf8453d170490862689d4b0db1c5d34b0e6dea8f075e1b8,118
target_centrality,T:320520,484.0,performing_municipio,A,2023,aim3_target_metrics_v2.parquet,374e15163c404aa19bf8453d170490862689d4b0db1c5d34b0e6dea8f075e1b8,<5
target_centrality,T:320530,93434.0,performing_municipio,A,2023,aim3_target_metrics_v2.parquet,374e15163c404aa19bf8453d170490862689d4b0db1c5d34b0e6dea8f075e1b8,174
target_centrality,T:330010,0.0,performing_municipio,A,2023,aim3_target_metrics_v2.parquet,374e15163c404aa19bf8453d170490862689d4b0db1c5d34b0e6dea8f075e1b8,<5
target_centrality,T:330060,2662.0,performing_municipio,A,2023,aim3_target_metrics_v2.parquet,374e15163c404aa19bf8453d170490862689d4b0db1c5d34b0e6dea8f075e1b8,9
target_centrality,T:330100,2662.0,performing_municipio,A,2023,aim3_target_metrics_v2.parquet,374e15163c404aa19bf8453d170490862689d4b0db1c5d34b0e6dea8f075e1b8,55
target_centrality,T:330170,0.0,performing_municipio,A,2023,aim3_target_metrics_v2.parquet,374e15163c404aa19bf8453d170490862689d4b0db1c5d34b0e6dea8f075e1b8,<5
target_centrality,T:330220,2662.0,performing_municipio,A,2023,aim3_target_metrics_v2.parquet,374e15163c404aa19bf8453d170490862689d4b0db1c5d34b0e6dea8f075e1b8,5
target_centrality,T:330240,5323.0,performing_municipio,A,2023,aim3_target_metrics_v2.parquet,374e15163c404aa19bf8453d170490862689d4b0db1c5d34b0e6dea8f075e1b8,50
target_centrality,T:330330,0.0,performing_municipio,A,2023,aim3_target_metrics_v2.parquet,374e15163c404aa19bf8453d170490862689d4b0db1c5d34b0e6dea8f075e1b8,33
target_centrality,T:330350,2663.0,performing_municipio,A,2023,aim3_target_metrics_v2.parquet,374e15163c404aa19bf8453d170490862689d4b0db1c5d34b0e6dea8f075e1b8,98
target_centrality,T:330390,2663.0,performing_municipio,A,2023,aim3_target_metrics_v2.parquet,374e15163c404aa19bf8453d170490862689d4b0db1c5d34b0e6dea8f075e1b8,83
target_centrality,T:330455,678101.0,performing_municipio,A,2023,aim3_target_metrics_v2.parquet,374e15163c404aa19bf8453d170490862689d4b0db1c5d34b0e6dea8f075e1b8,856
target_centrality,T:330490,450101.0,performing_municipio,A,2023,aim3_target_metrics_v2.parquet,374e15163c404aa19bf8453d170490862689d4b0db1c5d34b0e6dea8f075e1b8,117
target_centrality,T:330550,0.0,performing_municipio,A,2023,aim3_target_metrics_v2.parquet,374e15163c404aa19bf8453d170490862689d4b0db1c5d34b0e6dea8f075e1b8,<5
target_centrality,T:330630,123851.0,performing_municipio,A,2023,aim3_target_metrics_v2.parquet,374e15163c404aa19bf8453d170490862689d4b0db1c5d34b0e6dea8f075e1b8,406
target_centrality,T:350280,7983.0,performing_municipio,A,2023,aim3_target_metrics_v2.parquet,374e15163c404aa19bf8453d170490862689d4b0db1c5d34b0e6dea8f075e1b8,11
target_centrality,T:350330,0.0,performing_municipio,A,2023,aim3_target_metrics_v2.parquet,374e15163c404aa19bf8453d170490862689d4b0db1c5d34b0e6dea8f075e1b8,9
target_centrality,T:350400,73531.0,performing_municipio,A,2023,aim3_target_metrics_v2.parquet,374e15163c404aa19bf8453d170490862689d4b0db1c5d34b0e6dea8f075e1b8,46
target_centrality,T:350550,1000527.8333333337,performing_municipio,A,2023,aim3_target_metrics_v2.parquet,374e15163c404aa19bf8453d170490862689d4b0db1c5d34b0e6dea8f075e1b8,217
target_centrality,T:350570,4.0,performing_municipio,A,2023,aim3_target_metrics_v2.parquet,374e15163c404aa19bf8453d170490862689d4b0db1c5d34b0e6dea8f075e1b8,70
target_centrality,T:350600,80825.5,performing_municipio,A,2023,aim3_target_metrics_v2.parquet,374e15163c404aa19bf8453d170490862689d4b0db1c5d34b0e6dea8f075e1b8,126
target_centrality,T:350750,41549.5,performing_municipio,A,2023,aim3_target_metrics_v2.parquet,374e15163c404aa19bf8453d170490862689d4b0db1c5d34b0e6dea8f075e1b8,65
target_centrality,T:350760,391607.9999999999,performing_municipio,A,2023,aim3_target_metrics_v2.parquet,374e15163c404aa19bf8453d170490862689d4b0db1c5d34b0e6dea8f075e1b8,69
target_centrality,T:350950,377204.0000000002,performing_municipio,A,2023,aim3_target_metrics_v2.parquet,374e15163c404aa19bf8453d170490862689d4b0db1c5d34b0e6dea8f075e1b8,222
target_centrality,T:351050,5256.0,performing_municipio,A,2023,aim3_target_metrics_v2.parquet,374e15163c404aa19bf8453d170490862689d4b0db1c5d34b0e6dea8f075e1b8,22
target_centrality,T:351060,0.0,performing_municipio,A,2023,aim3_target_metrics_v2.parquet,374e15163c404aa19bf8453d170490862689d4b0db1c5d34b0e6dea8f075e1b8,13
target_centrality,T:351110,15961.5,performing_municipio,A,2023,aim3_target_metrics_v2.parquet,374e15163c404aa19bf8453d170490862689d4b0db1c5d34b0e6dea8f075e1b8,30
target_centrality,T:351340,10678.0,performing_municipio,A,2023,aim3_target_metrics_v2.parquet,374e15163c404aa19bf8453d170490862689d4b0db1c5d34b0e6dea8f075e1b8,35
target_centrality,T:351620,18458.0,performing_municipio,A,2023,aim3_target_metrics_v2.parquet,374e15163c404aa19bf8453d170490862689d4b0db1c5d34b0e6dea8f075e1b8,62
target_centrality,T:351640,7415.0,performing_municipio,A,2023,aim3_target_metrics_v2.parquet,374e15163c404aa19bf8453d170490862689d4b0db1c5d34b0e6dea8f075e1b8,68
target_centrality,T:351840,0.0,performing_municipio,A,2023,aim3_target_metrics_v2.parquet,374e15163c404aa19bf8453d170490862689d4b0db1c5d34b0e6dea8f075e1b8,<5
target_centrality,T:351880,2625.0,performing_municipio,A,2023,aim3_target_metrics_v2.parquet,374e15163c404aa19bf8453d170490862689d4b0db1c5d34b0e6dea8f075e1b8,140
target_centrality,T:352220,5326.0,performing_municipio,A,2023,aim3_target_metrics_v2.parquet,374e15163c404aa19bf8453d170490862689d4b0db1c5d34b0e6dea8f075e1b8,38
target_centrality,T:352440,2662.0,performing_municipio,A,2023,aim3_target_metrics_v2.parquet,374e15163c404aa19bf8453d170490862689d4b0db1c5d34b0e6dea8f075e1b8,28
target_centrality,T:352480,5326.0,performing_municipio,A,2023,aim3_target_metrics_v2.parquet,374e15163c404aa19bf8453d170490862689d4b0db1c5d34b0e6dea8f075e1b8,11
target_centrality,T:352530,38970.5,performing_municipio,A,2023,aim3_target_metrics_v2.parquet,374e15163c404aa19bf8453d170490862689d4b0db1c5d34b0e6dea8f075e1b8,60
target_centrality,T:352590,290589.0,performing_municipio,A,2023,aim3_target_metrics_v2.parquet,374e15163c404aa19bf8453d170490862689d4b0db1c5d34b0e6dea8f075e1b8,255
target_centrality,T:352690,15944.0,performing_municipio,A,2023,aim3_target_metrics_v2.parquet,374e15163c404aa19bf8453d170490862689d4b0db1c5d34b0e6dea8f075e1b8,91
target_centrality,T:352720,2662.0,performing_municipio,A,2023,aim3_target_metrics_v2.parquet,374e15163c404aa19bf8453d170490862689d4b0db1c5d34b0e6dea8f075e1b8,9
target_centrality,T:352730,0.0,performing_municipio,A,2023,aim3_target_metrics_v2.parquet,374e15163c404aa19bf8453d170490862689d4b0db1c5d34b0e6dea8f075e1b8,<5
target_centrality,T:352900,29256.5,performing_municipio,A,2023,aim3_target_metrics_v2.parquet,374e15163c404aa19bf8453d170490862689d4b0db1c5d34b0e6dea8f075e1b8,56
target_centrality,T:353440,0.0,performing_municipio,A,2023,aim3_target_metrics_v2.parquet,374e15163c404aa19bf8453d170490862689d4b0db1c5d34b0e6dea8f075e1b8,23
target_centrality,T:353870,34676.99999999999,performing_municipio,A,2023,aim3_target_metrics_v2.parquet,374e15163c404aa19bf8453d170490862689d4b0db1c5d34b0e6dea8f075e1b8,91
target_centrality,T:354140,75568.0,performing_municipio,A,2023,aim3_target_metrics_v2.parquet,374e15163c404aa19bf8453d170490862689d4b0db1c5d34b0e6dea8f075e1b8,136
target_centrality,T:354260,38417.0,performing_municipio,A,2023,aim3_target_metrics_v2.parquet,374e15163c404aa19bf8453d170490862689d4b0db1c5d34b0e6dea8f075e1b8,52
target_centrality,T:354340,148308.66666666677,performing_municipio,A,2023,aim3_target_metrics_v2.parquet,374e15163c404aa19bf8453d170490862689d4b0db1c5d34b0e6dea8f075e1b8,162
target_centrality,T:354850,1.0,performing_municipio,A,2023,aim3_target_metrics_v2.parquet,374e15163c404aa19bf8453d170490862689d4b0db1c5d34b0e6dea8f075e1b8,55
target_centrality,T:354870,1.0,performing_municipio,A,2023,aim3_target_metrics_v2.parquet,374e15163c404aa19bf8453d170490862689d4b0db1c5d34b0e6dea8f075e1b8,130
target_centrality,T:354880,0.0,performing_municipio,A,2023,aim3_target_metrics_v2.parquet,374e15163c404aa19bf8453d170490862689d4b0db1c5d34b0e6dea8f075e1b8,10
target_centrality,T:354980,314446.0,performing_municipio,A,2023,aim3_target_metrics_v2.parquet,374e15163c404aa19bf8453d170490862689d4b0db1c5d34b0e6dea8f075e1b8,480
target_centrality,T:354990,65466.0,performing_municipio,A,2023,aim3_target_metrics_v2.parquet,374e15163c404aa19bf8453d170490862689d4b0db1c5d34b0e6dea8f075e1b8,130
target_centrality,T:355030,1210297.3333333326,performing_municipio,A,2023,aim3_target_metrics_v2.parquet,374e15163c404aa19bf8453d170490862689d4b0db1c5d34b0e6dea8f075e1b8,1305
target_centrality,T:355220,105928.66666666666,performing_municipio,A,2023,aim3_target_metrics_v2.parquet,374e15163c404aa19bf8453d170490862689d4b0db1c5d34b0e6dea8f075e1b8,240
target_centrality,T:355280,2657.0,performing_municipio,A,2023,aim3_target_metrics_v2.parquet,374e15163c404aa19bf8453d170490862689d4b0db1c5d34b0e6dea8f075e1b8,59
target_centrality,T:355410,39863.5,performing_municipio,A,2023,aim3_target_metrics_v2.parquet,374e15163c404aa19bf8453d170490862689d4b0db1c5d34b0e6dea8f075e1b8,61
target_centrality,T:355710,26576.0,performing_municipio,A,2023,aim3_target_metrics_v2.parquet,374e15163c404aa19bf8453d170490862689d4b0db1c5d34b0e6dea8f075e1b8,42
target_centrality,T:410140,5329.0,performing_municipio,A,2023,aim3_target_metrics_v2.parquet,374e15163c404aa19bf8453d170490862689d4b0db1c5d34b0e6dea8f075e1b8,32
target_centrality,T:410150,27339.5,performing_municipio,A,2023,aim3_target_metrics_v2.parquet,374e15163c404aa19bf8453d170490862689d4b0db1c5d34b0e6dea8f075e1b8,47
target_centrality,T:410200,0.0,performing_municipio,A,2023,aim3_target_metrics_v2.parquet,374e15163c404aa19bf8453d170490862689d4b0db1c5d34b0e6dea8f075e1b8,<5
target_centrality,T:410400,31842.5,performing_municipio,A,2023,aim3_target_metrics_v2.parquet,374e15163c404aa19bf8453d170490862689d4b0db1c5d34b0e6dea8f075e1b8,32
target_centrality,T:410430,39893.5,performing_municipio,A,2023,aim3_target_metrics_v2.parquet,374e15163c404aa19bf8453d170490862689d4b0db1c5d34b0e6dea8f075e1b8,42
target_centrality,T:410480,79705.0,performing_municipio,A,2023,aim3_target_metrics_v2.parquet,374e15163c404aa19bf8453d170490862689d4b0db1c5d34b0e6dea8f075e1b8,109
target_centrality,T:410590,8178.0,performing_municipio,A,2023,aim3_target_metrics_v2.parquet,374e15163c404aa19bf8453d170490862689d4b0db1c5d34b0e6dea8f075e1b8,11
target_centrality,T:410690,308275.5,performing_municipio,A,2023,aim3_target_metrics_v2.parquet,374e15163c404aa19bf8453d170490862689d4b0db1c5d34b0e6dea8f075e1b8,291
target_centrality,T:410830,10642.0,performing_municipio,A,2023,aim3_target_metrics_v2.parquet,374e15163c404aa19bf8453d170490862689d4b0db1c5d34b0e6dea8f075e1b8,31
target_centrality,T:411370,152175.0,performing_municipio,A,2023,aim3_target_metrics_v2.parquet,374e15163c404aa19bf8453d170490862689d4b0db1c5d34b0e6dea8f075e1b8,198
target_centrality,T:411520,75748.5,performing_municipio,A,2023,aim3_target_metrics_v2.parquet,374e15163c404aa19bf8453d170490862689d4b0db1c5d34b0e6dea8f075e1b8,123
target_centrality,T:411990,26999.0,performing_municipio,A,2023,aim3_target_metrics_v2.parquet,374e15163c404aa19bf8453d170490862689d4b0db1c5d34b0e6dea8f075e1b8,80
target_centrality,T:412770,23100.0,performing_municipio,A,2023,aim3_target_metrics_v2.parquet,374e15163c404aa19bf8453d170490862689d4b0db1c5d34b0e6dea8f075e1b8,20
target_centrality,T:420240,13317.5,performing_municipio,A,2023,aim3_target_metrics_v2.parquet,374e15163c404aa19bf8453d170490862689d4b0db1c5d34b0e6dea8f075e1b8,21
target_centrality,T:420290,92999.0,performing_municipio,A,2023,aim3_target_metrics_v2.parquet,374e15163c404aa19bf8453d170490862689d4b0db1c5d34b0e6dea8f075e1b8,21
target_centrality,T:420300,258279.0,performing_municipio,A,2023,aim3_target_metrics_v2.parquet,374e15163c404aa19bf8453d170490862689d4b0db1c5d34b0e6dea8f075e1b8,98
target_centrality,T:420460,10659.5,performing_municipio,A,2023,aim3_target_metrics_v2.parquet,374e15163c404aa19bf8453d170490862689d4b0db1c5d34b0e6dea8f075e1b8,32
target_centrality,T:420540,94843.5,performing_municipio,A,2023,aim3_target_metrics_v2.parquet,374e15163c404aa19bf8453d170490862689d4b0db1c5d34b0e6dea8f075e1b8,215
target_centrality,T:420900,39790.5,performing_municipio,A,2023,aim3_target_metrics_v2.parquet,374e15163c404aa19bf8453d170490862689d4b0db1c5d34b0e6dea8f075e1b8,49
target_centrality,T:420910,36138.0,performing_municipio,A,2023,aim3_target_metrics_v2.parquet,374e15163c404aa19bf8453d170490862689d4b0db1c5d34b0e6dea8f075e1b8,78
target_centrality,T:420930,5323.0,performing_municipio,A,2023,aim3_target_metrics_v2.parquet,374e15163c404aa19bf8453d170490862689d4b0db1c5d34b0e6dea8f075e1b8,<5
target_centrality,T:421010,248070.5,performing_municipio,A,2023,aim3_target_metrics_v2.parquet,374e15163c404aa19bf8453d170490862689d4b0db1c5d34b0e6dea8f075e1b8,32
target_centrality,T:421480,0.0,performing_municipio,A,2023,aim3_target_metrics_v2.parquet,374e15163c404aa19bf8453d170490862689d4b0db1c5d34b0e6dea8f075e1b8,<5
target_centrality,T:421660,7983.5,performing_municipio,A,2023,aim3_target_metrics_v2.parquet,374e15163c404aa19bf8453d170490862689d4b0db1c5d34b0e6dea8f075e1b8,14
target_centrality,T:421870,2662.0,performing_municipio,A,2023,aim3_target_metrics_v2.parquet,374e15163c404aa19bf8453d170490862689d4b0db1c5d34b0e6dea8f075e1b8,<5
target_centrality,T:430510,89667.0,performing_municipio,A,2023,aim3_target_metrics_v2.parquet,374e15163c404aa19bf8453d170490862689d4b0db1c5d34b0e6dea8f075e1b8,123
target_centrality,T:430860,48381.0,performing_municipio,A,2023,aim3_target_metrics_v2.parquet,374e15163c404aa19bf8453d170490862689d4b0db1c5d34b0e6dea8f075e1b8,87
target_centrality,T:431410,42473.0,performing_municipio,A,2023,aim3_target_metrics_v2.parquet,374e15163c404aa19bf8453d170490862689d4b0db1c5d34b0e6dea8f075e1b8,62
target_centrality,T:431440,2662.0,performing_municipio,A,2023,aim3_target_metrics_v2.parquet,374e15163c404aa19bf8453d170490862689d4b0db1c5d34b0e6dea8f075e1b8,21
target_centrality,T:431490,465240.0,performing_municipio,A,2023,aim3_target_metrics_v2.parquet,374e15163c404aa19bf8453d170490862689d4b0db1c5d34b0e6dea8f075e1b8,578
target_centrality,T:431560,0.0,performing_municipio,A,2023,aim3_target_metrics_v2.parquet,374e15163c404aa19bf8453d170490862689d4b0db1c5d34b0e6dea8f075e1b8,14
target_centrality,T:431680,0.0,performing_municipio,A,2023,aim3_target_metrics_v2.parquet,374e15163c404aa19bf8453d170490862689d4b0db1c5d34b0e6dea8f075e1b8,18
target_centrality,T:431690,147674.0,performing_municipio,A,2023,aim3_target_metrics_v2.parquet,374e15163c404aa19bf8453d170490862689d4b0db1c5d34b0e6dea8f075e1b8,307
target_centrality,T:500270,36355.0,performing_municipio,A,2023,aim3_target_metrics_v2.parquet,374e15163c404aa19bf8453d170490862689d4b0db1c5d34b0e6dea8f075e1b8,202
target_centrality,T:500370,0.0,performing_municipio,A,2023,aim3_target_metrics_v2.parquet,374e15163c404aa19bf8453d170490862689d4b0db1c5d34b0e6dea8f075e1b8,15
target_centrality,T:500660,144327.5,performing_municipio,A,2023,aim3_target_metrics_v2.parquet,374e15163c404aa19bf8453d170490862689d4b0db1c5d34b0e6dea8f075e1b8,150
target_centrality,T:500830,61577.5,performing_municipio,A,2023,aim3_target_metrics_v2.parquet,374e15163c404aa19bf8453d170490862689d4b0db1c5d34b0e6dea8f075e1b8,94
target_centrality,T:510340,67165.0,performing_municipio,A,2023,aim3_target_metrics_v2.parquet,374e15163c404aa19bf8453d170490862689d4b0db1c5d34b0e6dea8f075e1b8,85
target_centrality,T:510525,0.0,performing_municipio,A,2023,aim3_target_metrics_v2.parquet,374e15163c404aa19bf8453d170490862689d4b0db1c5d34b0e6dea8f075e1b8,11
target_centrality,T:510760,7505.5,performing_municipio,A,2023,aim3_target_metrics_v2.parquet,374e15163c404aa19bf8453d170490862689d4b0db1c5d34b0e6dea8f075e1b8,50
target_centrality,T:510790,55640.0,performing_municipio,A,2023,aim3_target_metrics_v2.parquet,374e15163c404aa19bf8453d170490862689d4b0db1c5d34b0e6dea8f075e1b8,30
target_centrality,T:510792,97480.0,performing_municipio,A,2023,aim3_target_metrics_v2.parquet,374e15163c404aa19bf8453d170490862689d4b0db1c5d34b0e6dea8f075e1b8,37
target_centrality,T:520140,0.0,performing_municipio,A,2023,aim3_target_metrics_v2.parquet,374e15163c404aa19bf8453d170490862689d4b0db1c5d34b0e6dea8f075e1b8,5
target_centrality,T:520870,304807.5,performing_municipio,A,2023,aim3_target_metrics_v2.parquet,374e15163c404aa19bf8453d170490862689d4b0db1c5d34b0e6dea8f075e1b8,388
target_centrality,T:521310,0.0,performing_municipio,A,2023,aim3_target_metrics_v2.parquet,374e15163c404aa19bf8453d170490862689d4b0db1c5d34b0e6dea8f075e1b8,8
target_centrality,T:521880,0.0,performing_municipio,A,2023,aim3_target_metrics_v2.parquet,374e15163c404aa19bf8453d170490862689d4b0db1c5d34b0e6dea8f075e1b8,6
target_centrality,T:521930,86148.0,performing_municipio,A,2023,aim3_target_metrics_v2.parquet,374e15163c404aa19bf8453d170490862689d4b0db1c5d34b0e6dea8f075e1b8,150
target_centrality,T:522160,0.0,performing_municipio,A,2023,aim3_target_metrics_v2.parquet,374e15163c404aa19bf8453d170490862689d4b0db1c5d34b0e6dea8f075e1b8,<5
target_centrality,T:530010,12915.5,performing_municipio,A,2023,aim3_target_metrics_v2.parquet,374e15163c404aa19bf8453d170490862689d4b0db1c5d34b0e6dea8f075e1b8,94
target_centrality,T:110004,0.0,performing_municipio,A,2024,aim3_target_metrics_v2.parquet,374e15163c404aa19bf8453d170490862689d4b0db1c5d34b0e6dea8f075e1b8,<5
target_centrality,T:110012,0.0,performing_municipio,A,2024,aim3_target_metrics_v2.parquet,374e15163c404aa19bf8453d170490862689d4b0db1c5d34b0e6dea8f075e1b8,<5
target_centrality,T:110020,229878.0,performing_municipio,A,2024,aim3_target_metrics_v2.parquet,374e15163c404aa19bf8453d170490862689d4b0db1c5d34b0e6dea8f075e1b8,186
target_centrality,T:110030,23748.0,performing_municipio,A,2024,aim3_target_metrics_v2.parquet,374e15163c404aa19bf8453d170490862689d4b0db1c5d34b0e6dea8f075e1b8,50
target_centrality,T:120020,242662.0,performing_municipio,A,2024,aim3_target_metrics_v2.parquet,374e15163c404aa19bf8453d170490862689d4b0db1c5d34b0e6dea8f075e1b8,55
target_centrality,T:130260,170569.0,performing_municipio,A,2024,aim3_target_metrics_v2.parquet,374e15163c404aa19bf8453d170490862689d4b0db1c5d34b0e6dea8f075e1b8,510
target_centrality,T:150060,15845.0,performing_municipio,A,2024,aim3_target_metrics_v2.parquet,374e15163c404aa19bf8453d170490862689d4b0db1c5d34b0e6dea8f075e1b8,32
target_centrality,T:150140,238215.5,performing_municipio,A,2024,aim3_target_metrics_v2.parquet,374e15163c404aa19bf8453d170490862689d4b0db1c5d34b0e6dea8f075e1b8,263
target_centrality,T:150240,0.0,performing_municipio,A,2024,aim3_target_metrics_v2.parquet,374e15163c404aa19bf8453d170490862689d4b0db1c5d34b0e6dea8f075e1b8,<5
target_centrality,T:150420,27784.0,performing_municipio,A,2024,aim3_target_metrics_v2.parquet,374e15163c404aa19bf8453d170490862689d4b0db1c5d34b0e6dea8f075e1b8,33
target_centrality,T:150543,28539.0,performing_municipio,A,2024,aim3_target_metrics_v2.parquet,374e15163c404aa19bf8453d170490862689d4b0db1c5d34b0e6dea8f075e1b8,38
target_centrality,T:150680,67340.5,performing_municipio,A,2024,aim3_target_metrics_v2.parquet,374e15163c404aa19bf8453d170490862689d4b0db1c5d34b0e6dea8f075e1b8,62
target_centrality,T:160030,15845.0,performing_municipio,A,2024,aim3_target_metrics_v2.parquet,374e15163c404aa19bf8453d170490862689d4b0db1c5d34b0e6dea8f075e1b8,60
target_centrality,T:170210,19011.0,performing_municipio,A,2024,aim3_target_metrics_v2.parquet,374e15163c404aa19bf8453d170490862689d4b0db1c5d34b0e6dea8f075e1b8,17
target_centrality,T:172100,94667.0,performing_municipio,A,2024,aim3_target_metrics_v2.parquet,374e15163c404aa19bf8453d170490862689d4b0db1c5d34b0e6dea8f075e1b8,69
target_centrality,T:210300,0.0,performing_municipio,A,2024,aim3_target_metrics_v2.parquet,374e15163c404aa19bf8453d170490862689d4b0db1c5d34b0e6dea8f075e1b8,<5
target_centrality,T:210530,12682.5,performing_municipio,A,2024,aim3_target_metrics_v2.parquet,374e15163c404aa19bf8453d170490862689d4b0db1c5d34b0e6dea8f075e1b8,24
target_centrality,T:211130,354809.5,performing_municipio,A,2024,aim3_target_metrics_v2.parquet,374e15163c404aa19bf8453d170490862689d4b0db1c5d34b0e6dea8f075e1b8,269
target_centrality,T:221100,131627.0,performing_municipio,A,2024,aim3_target_metrics_v2.parquet,374e15163c404aa19bf8453d170490862689d4b0db1c5d34b0e6dea8f075e1b8,147
target_centrality,T:230440,1009724.0,performing_municipio,A,2024,aim3_target_metrics_v2.parquet,374e15163c404aa19bf8453d170490862689d4b0db1c5d34b0e6dea8f075e1b8,1189
target_centrality,T:230730,27612.5,performing_municipio,A,2024,aim3_target_metrics_v2.parquet,374e15163c404aa19bf8453d170490862689d4b0db1c5d34b0e6dea8f075e1b8,81
target_centrality,T:231140,3171.5,performing_municipio,A,2024,aim3_target_metrics_v2.parquet,374e15163c404aa19bf8453d170490862689d4b0db1c5d34b0e6dea8f075e1b8,23
target_centrality,T:231290,37987.0,performing_municipio,A,2024,aim3_target_metrics_v2.parquet,374e15163c404aa19bf8453d170490862689d4b0db1c5d34b0e6dea8f075e1b8,71
target_centrality,T:231340,0.0,performing_municipio,A,2024,aim3_target_metrics_v2.parquet,374e15163c404aa19bf8453d170490862689d4b0db1c5d34b0e6dea8f075e1b8,<5
target_centrality,T:240310,345402.5,performing_municipio,A,2024,aim3_target_metrics_v2.parquet,374e15163c404aa19bf8453d170490862689d4b0db1c5d34b0e6dea8f075e1b8,545
target_centrality,T:240800,9513.0,performing_municipio,A,2024,aim3_target_metrics_v2.parquet,374e15163c404aa19bf8453d170490862689d4b0db1c5d34b0e6dea8f075e1b8,18
target_centrality,T:240810,37986.5,performing_municipio,A,2024,aim3_target_metrics_v2.parquet,374e15163c404aa19bf8453d170490862689d4b0db1c5d34b0e6dea8f075e1b8,60
target_centrality,T:250400,269591.5,performing_municipio,A,2024,aim3_target_metrics_v2.parquet,374e15163c404aa19bf8453d170490862689d4b0db1c5d34b0e6dea8f075e1b8,190
target_centrality,T:250750,218782.5,performing_municipio,A,2024,aim3_target_metrics_v2.parquet,374e15163c404aa19bf8453d170490862689d4b0db1c5d34b0e6dea8f075e1b8,235
target_centrality,T:260410,366723.0,performing_municipio,A,2024,aim3_target_metrics_v2.parquet,374e15163c404aa19bf8453d170490862689d4b0db1c5d34b0e6dea8f075e1b8,462
target_centrality,T:261160,549859.5,performing_municipio,A,2024,aim3_target_metrics_v2.parquet,374e15163c404aa19bf8453d170490862689d4b0db1c5d34b0e6dea8f075e1b8,811
target_centrality,T:261390,51518.0,performing_municipio,A,2024,aim3_target_metrics_v2.parquet,374e15163c404aa19bf8453d170490862689d4b0db1c5d34b0e6dea8f075e1b8,43
target_centrality,T:270430,176247.5,performing_municipio,A,2024,aim3_target_metrics_v2.parquet,374e15163c404aa19bf8453d170490862689d4b0db1c5d34b0e6dea8f075e1b8,262
target_centrality,T:280030,179738.0,performing_municipio,A,2024,aim3_target_metrics_v2.parquet,374e15163c404aa19bf8453d170490862689d4b0db1c5d34b0e6dea8f075e1b8,246
target_centrality,T:291080,362772.5,performing_municipio,A,2024,aim3_target_metrics_v2.parquet,374e15163c404aa19bf8453d170490862689d4b0db1c5d34b0e6dea8f075e1b8,356
target_centrality,T:291360,215983.0,performing_municipio,A,2024,aim3_target_metrics_v2.parquet,374e15163c404aa19bf8453d170490862689d4b0db1c5d34b0e6dea8f075e1b8,125
target_centrality,T:291800,23283.0,performing_municipio,A,2024,aim3_target_metrics_v2.parquet,374e15163c404aa19bf8453d170490862689d4b0db1c5d34b0e6dea8f075e1b8,52
target_centrality,T:291840,16534.0,performing_municipio,A,2024,aim3_target_metrics_v2.parquet,374e15163c404aa19bf8453d170490862689d4b0db1c5d34b0e6dea8f075e1b8,46
target_centrality,T:292740,755936.5,performing_municipio,A,2024,aim3_target_metrics_v2.parquet,374e15163c404aa19bf8453d170490862689d4b0db1c5d34b0e6dea8f075e1b8,933
target_centrality,T:293135,21073.5,performing_municipio,A,2024,aim3_target_metrics_v2.parquet,374e15163c404aa19bf8453d170490862689d4b0db1c5d34b0e6dea8f075e1b8,33
target_centrality,T:293330,12562.5,performing_municipio,A,2024,aim3_target_metrics_v2.parquet,374e15163c404aa19bf8453d170490862689d4b0db1c5d34b0e6dea8f075e1b8,16
target_centrality,T:310160,47641.333333333336,performing_municipio,A,2024,aim3_target_metrics_v2.parquet,374e15163c404aa19bf8453d170490862689d4b0db1c5d34b0e6dea8f075e1b8,52
target_centrality,T:310350,3171.0,performing_municipio,A,2024,aim3_target_metrics_v2.parquet,374e15163c404aa19bf8453d170490862689d4b0db1c5d34b0e6dea8f075e1b8,43
target_centrality,T:310560,0.0,performing_municipio,A,2024,aim3_target_metrics_v2.parquet,374e15163c404aa19bf8453d170490862689d4b0db1c5d34b0e6dea8f075e1b8,<5
target_centrality,T:310620,811817.6666666666,performing_municipio,A,2024,aim3_target_metrics_v2.parquet,374e15163c404aa19bf8453d170490862689d4b0db1c5d34b0e6dea8f075e1b8,930
target_centrality,T:310900,6341.0,performing_municipio,A,2024,aim3_target_metrics_v2.parquet,374e15163c404aa19bf8453d170490862689d4b0db1c5d34b0e6dea8f075e1b8,11
target_centrality,T:312770,69876.0,performing_municipio,A,2024,aim3_target_metrics_v2.parquet,374e15163c404aa19bf8453d170490862689d4b0db1c5d34b0e6dea8f075e1b8,61
target_centrality,T:313240,0.0,performing_municipio,A,2024,aim3_target_metrics_v2.parquet,374e15163c404aa19bf8453d170490862689d4b0db1c5d34b0e6dea8f075e1b8,<5
target_centrality,T:313380,0.5,performing_municipio,A,2024,aim3_target_metrics_v2.parquet,374e15163c404aa19bf8453d170490862689d4b0db1c5d34b0e6dea8f075e1b8,<5
target_centrality,T:313670,175339.5,performing_municipio,A,2024,aim3_target_metrics_v2.parquet,374e15163c404aa19bf8453d170490862689d4b0db1c5d34b0e6dea8f075e1b8,126
target_centrality,T:314330,97403.0,performing_municipio,A,2024,aim3_target_metrics_v2.parquet,374e15163c404aa19bf8453d170490862689d4b0db1c5d34b0e6dea8f075e1b8,118
target_centrality,T:314390,94692.5,performing_municipio,A,2024,aim3_target_metrics_v2.parquet,374e15163c404aa19bf8453d170490862689d4b0db1c5d34b0e6dea8f075e1b8,66
target_centrality,T:314700,0.0,performing_municipio,A,2024,aim3_target_metrics_v2.parquet,374e15163c404aa19bf8453d170490862689d4b0db1c5d34b0e6dea8f075e1b8,5
target_centrality,T:314790,99481.33333333333,performing_municipio,A,2024,aim3_target_metrics_v2.parquet,374e15163c404aa19bf8453d170490862689d4b0db1c5d34b0e6dea8f075e1b8,63
target_centrality,T:314800,0.0,performing_municipio,A,2024,aim3_target_metrics_v2.parquet,374e15163c404aa19bf8453d170490862689d4b0db1c5d34b0e6dea8f075e1b8,<5
target_centrality,T:315120,1.0,performing_municipio,A,2024,aim3_target_metrics_v2.parquet,374e15163c404aa19bf8453d170490862689d4b0db1c5d34b0e6dea8f075e1b8,<5
target_centrality,T:315180,0.0,performing_municipio,A,2024,aim3_target_metrics_v2.parquet,374e15163c404aa19bf8453d170490862689d4b0db1c5d34b0e6dea8f075e1b8,37
target_centrality,T:315250,73585.0,performing_municipio,A,2024,aim3_target_metrics_v2.parquet,374e15163c404aa19bf8453d170490862689d4b0db1c5d34b0e6dea8f075e1b8,103
target_centrality,T:316720,22176.0,performing_municipio,A,2024,aim3_target_metrics_v2.parquet,374e15163c404aa19bf8453d170490862689d4b0db1c5d34b0e6dea8f075e1b8,37
target_centrality,T:316990,9540.0,performing_municipio,A,2024,aim3_target_metrics_v2.parquet,374e15163c404aa19bf8453d170490862689d4b0db1c5d34b0e6dea8f075e1b8,8
target_centrality,T:317010,1.0,performing_municipio,A,2024,aim3_target_metrics_v2.parquet,374e15163c404aa19bf8453d170490862689d4b0db1c5d34b0e6dea8f075e1b8,<5
target_centrality,T:317020,43710.0,performing_municipio,A,2024,aim3_target_metrics_v2.parquet,374e15163c404aa19bf8453d170490862689d4b0db1c5d34b0e6dea8f075e1b8,311
target_centrality,T:317070,26721.0,performing_municipio,A,2024,aim3_target_metrics_v2.parquet,374e15163c404aa19bf8453d170490862689d4b0db1c5d34b0e6dea8f075e1b8,26
target_centrality,T:320120,73834.0,performing_municipio,A,2024,aim3_target_metrics_v2.parquet,374e15163c404aa19bf8453d170490862689d4b0db1c5d34b0e6dea8f075e1b8,144
target_centrality,T:320130,9130.0,performing_municipio,A,2024,aim3_target_metrics_v2.parquet,374e15163c404aa19bf8453d170490862689d4b0db1c5d34b0e6dea8f075e1b8,15
target_centrality,T:320480,6.5,performing_municipio,A,2024,aim3_target_metrics_v2.parquet,374e15163c404aa19bf8453d170490862689d4b0db1c5d34b0e6dea8f075e1b8,18
target_centrality,T:320500,15364.0,performing_municipio,A,2024,aim3_target_metrics_v2.parquet,374e15163c404aa19bf8453d170490862689d4b0db1c5d34b0e6dea8f075e1b8,147
target_centrality,T:320520,2002.0,performing_municipio,A,2024,aim3_target_metrics_v2.parquet,374e15163c404aa19bf8453d170490862689d4b0db1c5d34b0e6dea8f075e1b8,7
target_centrality,T:320530,170345.5,performing_municipio,A,2024,aim3_target_metrics_v2.parquet,374e15163c404aa19bf8453d170490862689d4b0db1c5d34b0e6dea8f075e1b8,173
target_centrality,T:330010,0.0,performing_municipio,A,2024,aim3_target_metrics_v2.parquet,374e15163c404aa19bf8453d170490862689d4b0db1c5d34b0e6dea8f075e1b8,<5
target_centrality,T:330060,6341.0,performing_municipio,A,2024,aim3_target_metrics_v2.parquet,374e15163c404aa19bf8453d170490862689d4b0db1c5d34b0e6dea8f075e1b8,9
target_centrality,T:330070,0.0,performing_municipio,A,2024,aim3_target_metrics_v2.parquet,374e15163c404aa19bf8453d170490862689d4b0db1c5d34b0e6dea8f075e1b8,23
target_centrality,T:330100,3171.0,performing_municipio,A,2024,aim3_target_metrics_v2.parquet,374e15163c404aa19bf8453d170490862689d4b0db1c5d34b0e6dea8f075e1b8,27
target_centrality,T:330220,0.0,performing_municipio,A,2024,aim3_target_metrics_v2.parquet,374e15163c404aa19bf8453d170490862689d4b0db1c5d34b0e6dea8f075e1b8,14
target_centrality,T:330240,6341.0,performing_municipio,A,2024,aim3_target_metrics_v2.parquet,374e15163c404aa19bf8453d170490862689d4b0db1c5d34b0e6dea8f075e1b8,57
target_centrality,T:330330,0.0,performing_municipio,A,2024,aim3_target_metrics_v2.parquet,374e15163c404aa19bf8453d170490862689d4b0db1c5d34b0e6dea8f075e1b8,31
target_centrality,T:330350,11056.0,performing_municipio,A,2024,aim3_target_metrics_v2.parquet,374e15163c404aa19bf8453d170490862689d4b0db1c5d34b0e6dea8f075e1b8,233
target_centrality,T:330390,7935.0,performing_municipio,A,2024,aim3_target_metrics_v2.parquet,374e15163c404aa19bf8453d170490862689d4b0db1c5d34b0e6dea8f075e1b8,89
target_centrality,T:330455,602650.0,performing_municipio,A,2024,aim3_target_metrics_v2.parquet,374e15163c404aa19bf8453d170490862689d4b0db1c5d34b0e6dea8f075e1b8,788
target_centrality,T:330490,443965.0,performing_municipio,A,2024,aim3_target_metrics_v2.parquet,374e15163c404aa19bf8453d170490862689d4b0db1c5d34b0e6dea8f075e1b8,330
target_centrality,T:330630,543691.5,performing_municipio,A,2024,aim3_target_metrics_v2.parquet,374e15163c404aa19bf8453d170490862689d4b0db1c5d34b0e6dea8f075e1b8,662
target_centrality,T:350280,15845.5,performing_municipio,A,2024,aim3_target_metrics_v2.parquet,374e15163c404aa19bf8453d170490862689d4b0db1c5d34b0e6dea8f075e1b8,20
target_centrality,T:350320,9511.0,performing_municipio,A,2024,aim3_target_metrics_v2.parquet,374e15163c404aa19bf8453d170490862689d4b0db1c5d34b0e6dea8f075e1b8,18
target_centrality,T:350330,0.0,performing_municipio,A,2024,aim3_target_metrics_v2.parquet,374e15163c404aa19bf8453d170490862689d4b0db1c5d34b0e6dea8f075e1b8,15
target_centrality,T:350400,38856.0,performing_municipio,A,2024,aim3_target_metrics_v2.parquet,374e15163c404aa19bf8453d170490862689d4b0db1c5d34b0e6dea8f075e1b8,43
target_centrality,T:350550,1680617.1666666667,performing_municipio,A,2024,aim3_target_metrics_v2.parquet,374e15163c404aa19bf8453d170490862689d4b0db1c5d34b0e6dea8f075e1b8,248
target_centrality,T:350570,3171.0,performing_municipio,A,2024,aim3_target_metrics_v2.parquet,374e15163c404aa19bf8453d170490862689d4b0db1c5d34b0e6dea8f075e1b8,58
target_centrality,T:350600,95603.0,performing_municipio,A,2024,aim3_target_metrics_v2.parquet,374e15163c404aa19bf8453d170490862689d4b0db1c5d34b0e6dea8f075e1b8,193
target_centrality,T:350750,55517.0,performing_municipio,A,2024,aim3_target_metrics_v2.parquet,374e15163c404aa19bf8453d170490862689d4b0db1c5d34b0e6dea8f075e1b8,69
target_centrality,T:350760,32747.0,performing_municipio,A,2024,aim3_target_metrics_v2.parquet,374e15163c404aa19bf8453d170490862689d4b0db1c5d34b0e6dea8f075e1b8,75
target_centrality,T:350950,170982.0,performing_municipio,A,2024,aim3_target_metrics_v2.parquet,374e15163c404aa19bf8453d170490862689d4b0db1c5d34b0e6dea8f075e1b8,231
target_centrality,T:351050,12.0,performing_municipio,A,2024,aim3_target_metrics_v2.parquet,374e15163c404aa19bf8453d170490862689d4b0db1c5d34b0e6dea8f075e1b8,5
target_centrality,T:351060,0.0,performing_municipio,A,2024,aim3_target_metrics_v2.parquet,374e15163c404aa19bf8453d170490862689d4b0db1c5d34b0e6dea8f075e1b8,14
target_centrality,T:351110,37986.0,performing_municipio,A,2024,aim3_target_metrics_v2.parquet,374e15163c404aa19bf8453d170490862689d4b0db1c5d34b0e6dea8f075e1b8,54
target_centrality,T:351340,19011.0,performing_municipio,A,2024,aim3_target_metrics_v2.parquet,374e15163c404aa19bf8453d170490862689d4b0db1c5d34b0e6dea8f075e1b8,42
target_centrality,T:351620,31455.0,performing_municipio,A,2024,aim3_target_metrics_v2.parquet,374e15163c404aa19bf8453d170490862689d4b0db1c5d34b0e6dea8f075e1b8,90
target_centrality,T:351640,6344.0,performing_municipio,A,2024,aim3_target_metrics_v2.parquet,374e15163c404aa19bf8453d170490862689d4b0db1c5d34b0e6dea8f075e1b8,63
target_centrality,T:351840,0.0,performing_municipio,A,2024,aim3_target_metrics_v2.parquet,374e15163c404aa19bf8453d170490862689d4b0db1c5d34b0e6dea8f075e1b8,<5
target_centrality,T:351880,23413.0,performing_municipio,A,2024,aim3_target_metrics_v2.parquet,374e15163c404aa19bf8453d170490862689d4b0db1c5d34b0e6dea8f075e1b8,113
target_centrality,T:352220,3172.0,performing_municipio,A,2024,aim3_target_metrics_v2.parquet,374e15163c404aa19bf8453d170490862689d4b0db1c5d34b0e6dea8f075e1b8,73
target_centrality,T:352310,540.0,performing_municipio,A,2024,aim3_target_metrics_v2.parquet,374e15163c404aa19bf8453d170490862689d4b0db1c5d34b0e6dea8f075e1b8,68
target_centrality,T:352440,3172.0,performing_municipio,A,2024,aim3_target_metrics_v2.parquet,374e15163c404aa19bf8453d170490862689d4b0db1c5d34b0e6dea8f075e1b8,32
target_centrality,T:352480,7494.5,performing_municipio,A,2024,aim3_target_metrics_v2.parquet,374e15163c404aa19bf8453d170490862689d4b0db1c5d34b0e6dea8f075e1b8,32
target_centrality,T:352530,39466.0,performing_municipio,A,2024,aim3_target_metrics_v2.parquet,374e15163c404aa19bf8453d170490862689d4b0db1c5d34b0e6dea8f075e1b8,52
target_centrality,T:352590,28403.0,performing_municipio,A,2024,aim3_target_metrics_v2.parquet,374e15163c404aa19bf8453d170490862689d4b0db1c5d34b0e6dea8f075e1b8,253
target_centrality,T:352690,9510.0,performing_municipio,A,2024,aim3_target_metrics_v2.parquet,374e15163c404aa19bf8453d170490862689d4b0db1c5d34b0e6dea8f075e1b8,107
target_centrality,T:352720,3171.0,performing_municipio,A,2024,aim3_target_metrics_v2.parquet,374e15163c404aa19bf8453d170490862689d4b0db1c5d34b0e6dea8f075e1b8,20
target_centrality,T:352730,0.0,performing_municipio,A,2024,aim3_target_metrics_v2.parquet,374e15163c404aa19bf8453d170490862689d4b0db1c5d34b0e6dea8f075e1b8,11
target_centrality,T:352900,41696.0,performing_municipio,A,2024,aim3_target_metrics_v2.parquet,374e15163c404aa19bf8453d170490862689d4b0db1c5d34b0e6dea8f075e1b8,53
target_centrality,T:353440,0.0,performing_municipio,A,2024,aim3_target_metrics_v2.parquet,374e15163c404aa19bf8453d170490862689d4b0db1c5d34b0e6dea8f075e1b8,20
target_centrality,T:353470,0.0,performing_municipio,A,2024,aim3_target_metrics_v2.parquet,374e15163c404aa19bf8453d170490862689d4b0db1c5d34b0e6dea8f075e1b8,<5
target_centrality,T:353870,49979.0,performing_municipio,A,2024,aim3_target_metrics_v2.parquet,374e15163c404aa19bf8453d170490862689d4b0db1c5d34b0e6dea8f075e1b8,126
target_centrality,T:354140,105606.0,performing_municipio,A,2024,aim3_target_metrics_v2.parquet,374e15163c404aa19bf8453d170490862689d4b0db1c5d34b0e6dea8f075e1b8,183
target_centrality,T:354260,40271.0,performing_municipio,A,2024,aim3_target_metrics_v2.parquet,374e15163c404aa19bf8453d170490862689d4b0db1c5d34b0e6dea8f075e1b8,59
target_centrality,T:354340,142469.66666666666,performing_municipio,A,2024,aim3_target_metrics_v2.parquet,374e15163c404aa19bf8453d170490862689d4b0db1c5d34b0e6dea8f075e1b8,242
target_centrality,T:354850,15400.0,performing_municipio,A,2024,aim3_target_metrics_v2.parquet,374e15163c404aa19bf8453d170490862689d4b0db1c5d34b0e6dea8f075e1b8,177
target_centrality,T:354870,1.0,performing_municipio,A,2024,aim3_target_metrics_v2.parquet,374e15163c404aa19bf8453d170490862689d4b0db1c5d34b0e6dea8f075e1b8,132
target_centrality,T:354880,0.0,performing_municipio,A,2024,aim3_target_metrics_v2.parquet,374e15163c404aa19bf8453d170490862689d4b0db1c5d34b0e6dea8f075e1b8,31
target_centrality,T:354890,12678.0,performing_municipio,A,2024,aim3_target_metrics_v2.parquet,374e15163c404aa19bf8453d170490862689d4b0db1c5d34b0e6dea8f075e1b8,49
target_centrality,T:354980,472489.0,performing_municipio,A,2024,aim3_target_metrics_v2.parquet,374e15163c404aa19bf8453d170490862689d4b0db1c5d34b0e6dea8f075e1b8,496
target_centrality,T:354990,93163.0,performing_municipio,A,2024,aim3_target_metrics_v2.parquet,374e15163c404aa19bf8453d170490862689d4b0db1c5d34b0e6dea8f075e1b8,104
target_centrality,T:355030,1228081.9999999998,performing_municipio,A,2024,aim3_target_metrics_v2.parquet,374e15163c404aa19bf8453d170490862689d4b0db1c5d34b0e6dea8f075e1b8,1687
target_centrality,T:355220,109942.0,performing_municipio,A,2024,aim3_target_metrics_v2.parquet,374e15163c404aa19bf8453d170490862689d4b0db1c5d34b0e6dea8f075e1b8,309
target_centrality,T:355280,2.0,performing_municipio,A,2024,aim3_target_metrics_v2.parquet,374e15163c404aa19bf8453d170490862689d4b0db1c5d34b0e6dea8f075e1b8,81
target_centrality,T:355410,33184.0,performing_municipio,A,2024,aim3_target_metrics_v2.parquet,374e15163c404aa19bf8453d170490862689d4b0db1c5d34b0e6dea8f075e1b8,101
target_centrality,T:355710,19015.5,performing_municipio,A,2024,aim3_target_metrics_v2.parquet,374e15163c404aa19bf8453d170490862689d4b0db1c5d34b0e6dea8f075e1b8,37
target_centrality,T:410140,15787.5,performing_municipio,A,2024,aim3_target_metrics_v2.parquet,374e15163c404aa19bf8453d170490862689d4b0db1c5d34b0e6dea8f075e1b8,65
target_centrality,T:410150,79094.0,performing_municipio,A,2024,aim3_target_metrics_v2.parquet,374e15163c404aa19bf8453d170490862689d4b0db1c5d34b0e6dea8f075e1b8,98
target_centrality,T:410400,46924.33333333333,performing_municipio,A,2024,aim3_target_metrics_v2.parquet,374e15163c404aa19bf8453d170490862689d4b0db1c5d34b0e6dea8f075e1b8,39
target_centrality,T:410430,60106.0,performing_municipio,A,2024,aim3_target_metrics_v2.parquet,374e15163c404aa19bf8453d170490862689d4b0db1c5d34b0e6dea8f075e1b8,76
target_centrality,T:410480,159814.6666666667,performing_municipio,A,2024,aim3_target_metrics_v2.parquet,374e15163c404aa19bf8453d170490862689d4b0db1c5d34b0e6dea8f075e1b8,210
target_centrality,T:410590,18079.0,performing_municipio,A,2024,aim3_target_metrics_v2.parquet,374e15163c404aa19bf8453d170490862689d4b0db1c5d34b0e6dea8f075e1b8,11
target_centrality,T:410690,228684.5,performing_municipio,A,2024,aim3_target_metrics_v2.parquet,374e15163c404aa19bf8453d170490862689d4b0db1c5d34b0e6dea8f075e1b8,396
target_centrality,T:410830,19011.0,performing_municipio,A,2024,aim3_target_metrics_v2.parquet,374e15163c404aa19bf8453d170490862689d4b0db1c5d34b0e6dea8f075e1b8,88
target_centrality,T:411370,167380.5,performing_municipio,A,2024,aim3_target_metrics_v2.parquet,374e15163c404aa19bf8453d170490862689d4b0db1c5d34b0e6dea8f075e1b8,161
target_centrality,T:411520,302114.0,performing_municipio,A,2024,aim3_target_metrics_v2.parquet,374e15163c404aa19bf8453d170490862689d4b0db1c5d34b0e6dea8f075e1b8,133
target_centrality,T:411990,63999.5,performing_municipio,A,2024,aim3_target_metrics_v2.parquet,374e15163c404aa19bf8453d170490862689d4b0db1c5d34b0e6dea8f075e1b8,127
target_centrality,T:412550,0.0,performing_municipio,A,2024,aim3_target_metrics_v2.parquet,374e15163c404aa19bf8453d170490862689d4b0db1c5d34b0e6dea8f075e1b8,12
target_centrality,T:412770,12982.0,performing_municipio,A,2024,aim3_target_metrics_v2.parquet,374e15163c404aa19bf8453d170490862689d4b0db1c5d34b0e6dea8f075e1b8,18
target_centrality,T:412810,3171.0,performing_municipio,A,2024,aim3_target_metrics_v2.parquet,374e15163c404aa19bf8453d170490862689d4b0db1c5d34b0e6dea8f075e1b8,<5
target_centrality,T:420240,3198.0,performing_municipio,A,2024,aim3_target_metrics_v2.parquet,374e15163c404aa19bf8453d170490862689d4b0db1c5d34b0e6dea8f075e1b8,34
target_centrality,T:420290,488756.0,performing_municipio,A,2024,aim3_target_metrics_v2.parquet,374e15163c404aa19bf8453d170490862689d4b0db1c5d34b0e6dea8f075e1b8,192
target_centrality,T:420300,209807.0,performing_municipio,A,2024,aim3_target_metrics_v2.parquet,374e15163c404aa19bf8453d170490862689d4b0db1c5d34b0e6dea8f075e1b8,147
target_centrality,T:420460,23046.0,performing_municipio,A,2024,aim3_target_metrics_v2.parquet,374e15163c404aa19bf8453d170490862689d4b0db1c5d34b0e6dea8f075e1b8,32
target_centrality,T:420540,491551.0,performing_municipio,A,2024,aim3_target_metrics_v2.parquet,374e15163c404aa19bf8453d170490862689d4b0db1c5d34b0e6dea8f075e1b8,211
target_centrality,T:420900,43237.5,performing_municipio,A,2024,aim3_target_metrics_v2.parquet,374e15163c404aa19bf8453d170490862689d4b0db1c5d34b0e6dea8f075e1b8,74
target_centrality,T:420910,15337.0,performing_municipio,A,2024,aim3_target_metrics_v2.parquet,374e15163c404aa19bf8453d170490862689d4b0db1c5d34b0e6dea8f075e1b8,77
target_centrality,T:420930,31666.0,performing_municipio,A,2024,aim3_target_metrics_v2.parquet,374e15163c404aa19bf8453d170490862689d4b0db1c5d34b0e6dea8f075e1b8,50
target_centrality,T:421010,102448.0,performing_municipio,A,2024,aim3_target_metrics_v2.parquet,374e15163c404aa19bf8453d170490862689d4b0db1c5d34b0e6dea8f075e1b8,108
target_centrality,T:421480,1.0,performing_municipio,A,2024,aim3_target_metrics_v2.parquet,374e15163c404aa19bf8453d170490862689d4b0db1c5d34b0e6dea8f075e1b8,<5
target_centrality,T:421660,9510.0,performing_municipio,A,2024,aim3_target_metrics_v2.parquet,374e15163c404aa19bf8453d170490862689d4b0db1c5d34b0e6dea8f075e1b8,16
target_centrality,T:421720,43708.0,performing_municipio,A,2024,aim3_target_metrics_v2.parquet,374e15163c404aa19bf8453d170490862689d4b0db1c5d34b0e6dea8f075e1b8,40
target_centrality,T:421770,14844.5,performing_municipio,A,2024,aim3_target_metrics_v2.parquet,374e15163c404aa19bf8453d170490862689d4b0db1c5d34b0e6dea8f075e1b8,23
target_centrality,T:421870,9511.0,performing_municipio,A,2024,aim3_target_metrics_v2.parquet,374e15163c404aa19bf8453d170490862689d4b0db1c5d34b0e6dea8f075e1b8,16
target_centrality,T:430460,3172.0,performing_municipio,A,2024,aim3_target_metrics_v2.parquet,374e15163c404aa19bf8453d170490862689d4b0db1c5d34b0e6dea8f075e1b8,43
target_centrality,T:430510,19011.0,performing_municipio,A,2024,aim3_target_metrics_v2.parquet,374e15163c404aa19bf8453d170490862689d4b0db1c5d34b0e6dea8f075e1b8,107
target_centrality,T:430860,31666.0,performing_municipio,A,2024,aim3_target_metrics_v2.parquet,374e15163c404aa19bf8453d170490862689d4b0db1c5d34b0e6dea8f075e1b8,22
target_centrality,T:431410,62767.0,performing_municipio,A,2024,aim3_target_metrics_v2.parquet,374e15163c404aa19bf8453d170490862689d4b0db1c5d34b0e6dea8f075e1b8,80
target_centrality,T:431440,9510.0,performing_municipio,A,2024,aim3_target_metrics_v2.parquet,374e15163c404aa19bf8453d170490862689d4b0db1c5d34b0e6dea8f075e1b8,47
target_centrality,T:431490,314098.5,performing_municipio,A,2024,aim3_target_metrics_v2.parquet,374e15163c404aa19bf8453d170490862689d4b0db1c5d34b0e6dea8f075e1b8,783
target_centrality,T:431530,0.0,performing_municipio,A,2024,aim3_target_metrics_v2.parquet,374e15163c404aa19bf8453d170490862689d4b0db1c5d34b0e6dea8f075e1b8,<5
target_centrality,T:431560,3172.0,performing_municipio,A,2024,aim3_target_metrics_v2.parquet,374e15163c404aa19bf8453d170490862689d4b0db1c5d34b0e6dea8f075e1b8,17
target_centrality,T:431680,0.0,performing_municipio,A,2024,aim3_target_metrics_v2.parquet,374e15163c404aa19bf8453d170490862689d4b0db1c5d34b0e6dea8f075e1b8,26
target_centrality,T:431690,381236.0,performing_municipio,A,2024,aim3_target_metrics_v2.parquet,374e15163c404aa19bf8453d170490862689d4b0db1c5d34b0e6dea8f075e1b8,373
target_centrality,T:431750,1.0,performing_municipio,A,2024,aim3_target_metrics_v2.parquet,374e15163c404aa19bf8453d170490862689d4b0db1c5d34b0e6dea8f075e1b8,<5
target_centrality,T:500270,99865.66666666626,performing_municipio,A,2024,aim3_target_metrics_v2.parquet,374e15163c404aa19bf8453d170490862689d4b0db1c5d34b0e6dea8f075e1b8,226
target_centrality,T:500370,2975.0,performing_municipio,A,2024,aim3_target_metrics_v2.parquet,374e15163c404aa19bf8453d170490862689d4b0db1c5d34b0e6dea8f075e1b8,28
target_centrality,T:500660,166859.16666666747,performing_municipio,A,2024,aim3_target_metrics_v2.parquet,374e15163c404aa19bf8453d170490862689d4b0db1c5d34b0e6dea8f075e1b8,172
target_centrality,T:500830,43975.16666666687,performing_municipio,A,2024,aim3_target_metrics_v2.parquet,374e15163c404aa19bf8453d170490862689d4b0db1c5d34b0e6dea8f075e1b8,101
target_centrality,T:510340,376040.5,performing_municipio,A,2024,aim3_target_metrics_v2.parquet,374e15163c404aa19bf8453d170490862689d4b0db1c5d34b0e6dea8f075e1b8,132
target_centrality,T:510525,0.0,performing_municipio,A,2024,aim3_target_metrics_v2.parquet,374e15163c404aa19bf8453d170490862689d4b0db1c5d34b0e6dea8f075e1b8,22
target_centrality,T:510704,0.0,performing_municipio,A,2024,aim3_target_metrics_v2.parquet,374e15163c404aa19bf8453d170490862689d4b0db1c5d34b0e6dea8f075e1b8,5
target_centrality,T:510760,359.0,performing_municipio,A,2024,aim3_target_metrics_v2.parquet,374e15163c404aa19bf8453d170490862689d4b0db1c5d34b0e6dea8f075e1b8,20
target_centrality,T:510790,45824.0,performing_municipio,A,2024,aim3_target_metrics_v2.parquet,374e15163c404aa19bf8453d170490862689d4b0db1c5d34b0e6dea8f075e1b8,79
target_centrality,T:510792,27741.5,performing_municipio,A,2024,aim3_target_metrics_v2.parquet,374e15163c404aa19bf8453d170490862689d4b0db1c5d34b0e6dea8f075e1b8,52
target_centrality,T:520140,0.0,performing_municipio,A,2024,aim3_target_metrics_v2.parquet,374e15163c404aa19bf8453d170490862689d4b0db1c5d34b0e6dea8f075e1b8,14
target_centrality,T:520870,228935.6666666666,performing_municipio,A,2024,aim3_target_metrics_v2.parquet,374e15163c404aa19bf8453d170490862689d4b0db1c5d34b0e6dea8f075e1b8,232
target_centrality,T:521150,298754.0,performing_municipio,A,2024,aim3_target_metrics_v2.parquet,374e15163c404aa19bf8453d170490862689d4b0db1c5d34b0e6dea8f075e1b8,108
target_centrality,T:521250,0.0,performing_municipio,A,2024,aim3_target_metrics_v2.parquet,374e15163c404aa19bf8453d170490862689d4b0db1c5d34b0e6dea8f075e1b8,<5
target_centrality,T:521310,0.0,performing_municipio,A,2024,aim3_target_metrics_v2.parquet,374e15163c404aa19bf8453d170490862689d4b0db1c5d34b0e6dea8f075e1b8,<5
target_centrality,T:521880,1.0,performing_municipio,A,2024,aim3_target_metrics_v2.parquet,374e15163c404aa19bf8453d170490862689d4b0db1c5d34b0e6dea8f075e1b8,39
target_centrality,T:521930,143875.1666666668,performing_municipio,A,2024,aim3_target_metrics_v2.parquet,374e15163c404aa19bf8453d170490862689d4b0db1c5d34b0e6dea8f075e1b8,179
target_centrality,T:522160,3171.0,performing_municipio,A,2024,aim3_target_metrics_v2.parquet,374e15163c404aa19bf8453d170490862689d4b0db1c5d34b0e6dea8f075e1b8,<5
target_centrality,T:530010,80860.16666666661,performing_municipio,A,2024,aim3_target_metrics_v2.parquet,374e15163c404aa19bf8453d170490862689d4b0db1c5d34b0e6dea8f075e1b8,171
target_centrality,T:110020,168312.0,performing_municipio,A,2025,aim3_target_metrics_v2.parquet,374e15163c404aa19bf8453d170490862689d4b0db1c5d34b0e6dea8f075e1b8,148
target_centrality,T:110030,107254.0,performing_municipio,A,2025,aim3_target_metrics_v2.parquet,374e15163c404aa19bf8453d170490862689d4b0db1c5d34b0e6dea8f075e1b8,73
target_centrality,T:120020,78.0,performing_municipio,A,2025,aim3_target_metrics_v2.parquet,374e15163c404aa19bf8453d170490862689d4b0db1c5d34b0e6dea8f075e1b8,83
target_centrality,T:120040,0.0,performing_municipio,A,2025,aim3_target_metrics_v2.parquet,374e15163c404aa19bf8453d170490862689d4b0db1c5d34b0e6dea8f075e1b8,<5
target_centrality,T:130120,0.0,performing_municipio,A,2025,aim3_target_metrics_v2.parquet,374e15163c404aa19bf8453d170490862689d4b0db1c5d34b0e6dea8f075e1b8,<5
target_centrality,T:130260,751994.0,performing_municipio,A,2025,aim3_target_metrics_v2.parquet,374e15163c404aa19bf8453d170490862689d4b0db1c5d34b0e6dea8f075e1b8,895
target_centrality,T:140010,0.0,performing_municipio,A,2025,aim3_target_metrics_v2.parquet,374e15163c404aa19bf8453d170490862689d4b0db1c5d34b0e6dea8f075e1b8,<5
target_centrality,T:150060,10585.0,performing_municipio,A,2025,aim3_target_metrics_v2.parquet,374e15163c404aa19bf8453d170490862689d4b0db1c5d34b0e6dea8f075e1b8,20
target_centrality,T:150080,0.0,performing_municipio,A,2025,aim3_target_metrics_v2.parquet,374e15163c404aa19bf8453d170490862689d4b0db1c5d34b0e6dea8f075e1b8,<5
target_centrality,T:150120,0.0,performing_municipio,A,2025,aim3_target_metrics_v2.parquet,374e15163c404aa19bf8453d170490862689d4b0db1c5d34b0e6dea8f075e1b8,<5
target_centrality,T:150140,265160.0,performing_municipio,A,2025,aim3_target_metrics_v2.parquet,374e15163c404aa19bf8453d170490862689d4b0db1c5d34b0e6dea8f075e1b8,392
target_centrality,T:150240,56314.5,performing_municipio,A,2025,aim3_target_metrics_v2.parquet,374e15163c404aa19bf8453d170490862689d4b0db1c5d34b0e6dea8f075e1b8,41
target_centrality,T:150360,15957.5,performing_municipio,A,2025,aim3_target_metrics_v2.parquet,374e15163c404aa19bf8453d170490862689d4b0db1c5d34b0e6dea8f075e1b8,15
target_centrality,T:150420,122187.5,performing_municipio,A,2025,aim3_target_metrics_v2.parquet,374e15163c404aa19bf8453d170490862689d4b0db1c5d34b0e6dea8f075e1b8,125
target_centrality,T:150543,31007.0,performing_municipio,A,2025,aim3_target_metrics_v2.parquet,374e15163c404aa19bf8453d170490862689d4b0db1c5d34b0e6dea8f075e1b8,42
target_centrality,T:150680,49431.5,performing_municipio,A,2025,aim3_target_metrics_v2.parquet,374e15163c404aa19bf8453d170490862689d4b0db1c5d34b0e6dea8f075e1b8,88
target_centrality,T:150810,0.0,performing_municipio,A,2025,aim3_target_metrics_v2.parquet,374e15163c404aa19bf8453d170490862689d4b0db1c5d34b0e6dea8f075e1b8,<5
target_centrality,T:160030,10578.0,performing_municipio,A,2025,aim3_target_metrics_v2.parquet,374e15163c404aa19bf8453d170490862689d4b0db1c5d34b0e6dea8f075e1b8,36
target_centrality,T:170210,210.0,performing_municipio,A,2025,aim3_target_metrics_v2.parquet,374e15163c404aa19bf8453d170490862689d4b0db1c5d34b0e6dea8f075e1b8,68
target_centrality,T:172100,62312.0,performing_municipio,A,2025,aim3_target_metrics_v2.parquet,374e15163c404aa19bf8453d170490862689d4b0db1c5d34b0e6dea8f075e1b8,52
target_centrality,T:210530,31788.0,performing_municipio,A,2025,aim3_target_metrics_v2.parquet,374e15163c404aa19bf8453d170490862689d4b0db1c5d34b0e6dea8f075e1b8,29
target_centrality,T:211130,303789.0,performing_municipio,A,2025,aim3_target_metrics_v2.parquet,374e15163c404aa19bf8453d170490862689d4b0db1c5d34b0e6dea8f075e1b8,276
target_centrality,T:221100,182344.0,performing_municipio,A,2025,aim3_target_metrics_v2.parquet,374e15163c404aa19bf8453d170490862689d4b0db1c5d34b0e6dea8f075e1b8,166
target_centrality,T:230440,1147430.5,performing_municipio,A,2025,aim3_target_metrics_v2.parquet,374e15163c404aa19bf8453d170490862689d4b0db1c5d34b0e6dea8f075e1b8,1270
target_centrality,T:230730,17643.0,performing_municipio,A,2025,aim3_target_metrics_v2.parquet,374e15163c404aa19bf8453d170490862689d4b0db1c5d34b0e6dea8f075e1b8,54
target_centrality,T:231140,84409.0,performing_municipio,A,2025,aim3_target_metrics_v2.parquet,374e15163c404aa19bf8453d170490862689d4b0db1c5d34b0e6dea8f075e1b8,141
target_centrality,T:231290,28210.0,performing_municipio,A,2025,aim3_target_metrics_v2.parquet,374e15163c404aa19bf8453d170490862689d4b0db1c5d34b0e6dea8f075e1b8,89
target_centrality,T:231340,3528.0,performing_municipio,A,2025,aim3_target_metrics_v2.parquet,374e15163c404aa19bf8453d170490862689d4b0db1c5d34b0e6dea8f075e1b8,17
target_centrality,T:240310,454505.0,performing_municipio,A,2025,aim3_target_metrics_v2.parquet,374e15163c404aa19bf8453d170490862689d4b0db1c5d34b0e6dea8f075e1b8,503
target_centrality,T:240800,35226.5,performing_municipio,A,2025,aim3_target_metrics_v2.parquet,374e15163c404aa19bf8453d170490862689d4b0db1c5d34b0e6dea8f075e1b8,29
target_centrality,T:240810,31240.5,performing_municipio,A,2025,aim3_target_metrics_v2.parquet,374e15163c404aa19bf8453d170490862689d4b0db1c5d34b0e6dea8f075e1b8,101
target_centrality,T:250400,389143.5,performing_municipio,A,2025,aim3_target_metrics_v2.parquet,374e15163c404aa19bf8453d170490862689d4b0db1c5d34b0e6dea8f075e1b8,212
target_centrality,T:250750,94903.0,performing_municipio,A,2025,aim3_target_metrics_v2.parquet,374e15163c404aa19bf8453d170490862689d4b0db1c5d34b0e6dea8f075e1b8,246
target_centrality,T:251620,17590.5,performing_municipio,A,2025,aim3_target_metrics_v2.parquet,374e15163c404aa19bf8453d170490862689d4b0db1c5d34b0e6dea8f075e1b8,26
target_centrality,T:260120,14057.5,performing_municipio,A,2025,aim3_target_metrics_v2.parquet,374e15163c404aa19bf8453d170490862689d4b0db1c5d34b0e6dea8f075e1b8,29
target_centrality,T:260410,330686.0,performing_municipio,A,2025,aim3_target_metrics_v2.parquet,374e15163c404aa19bf8453d170490862689d4b0db1c5d34b0e6dea8f075e1b8,475
target_centrality,T:261070,14628.0,performing_municipio,A,2025,aim3_target_metrics_v2.parquet,374e15163c404aa19bf8453d170490862689d4b0db1c5d34b0e6dea8f075e1b8,<5
target_centrality,T:261160,783925.0,performing_municipio,A,2025,aim3_target_metrics_v2.parquet,374e15163c404aa19bf8453d170490862689d4b0db1c5d34b0e6dea8f075e1b8,745
target_centrality,T:261390,36834.5,performing_municipio,A,2025,aim3_target_metrics_v2.parquet,374e15163c404aa19bf8453d170490862689d4b0db1c5d34b0e6dea8f075e1b8,69
target_centrality,T:270430,227271.0,performing_municipio,A,2025,aim3_target_metrics_v2.parquet,374e15163c404aa19bf8453d170490862689d4b0db1c5d34b0e6dea8f075e1b8,257
target_centrality,T:280030,230911.0,performing_municipio,A,2025,aim3_target_metrics_v2.parquet,374e15163c404aa19bf8453d170490862689d4b0db1c5d34b0e6dea8f075e1b8,224
target_centrality,T:290320,0.0,performing_municipio,A,2025,aim3_target_metrics_v2.parquet,374e15163c404aa19bf8453d170490862689d4b0db1c5d34b0e6dea8f075e1b8,<5
target_centrality,T:291080,388678.1666666667,performing_municipio,A,2025,aim3_target_metrics_v2.parquet,374e15163c404aa19bf8453d170490862689d4b0db1c5d34b0e6dea8f075e1b8,273
target_centrality,T:291360,43678.5,performing_municipio,A,2025,aim3_target_metrics_v2.parquet,374e15163c404aa19bf8453d170490862689d4b0db1c5d34b0e6dea8f075e1b8,86
target_centrality,T:291800,21459.0,performing_municipio,A,2025,aim3_target_metrics_v2.parquet,374e15163c404aa19bf8453d170490862689d4b0db1c5d34b0e6dea8f075e1b8,35
target_centrality,T:291840,28596.5,performing_municipio,A,2025,aim3_target_metrics_v2.parquet,374e15163c404aa19bf8453d170490862689d4b0db1c5d34b0e6dea8f075e1b8,50
target_centrality,T:291920,3529.1666666666665,performing_municipio,A,2025,aim3_target_metrics_v2.parquet,374e15163c404aa19bf8453d170490862689d4b0db1c5d34b0e6dea8f075e1b8,14
target_centrality,T:292740,679865.1666666666,performing_municipio,A,2025,aim3_target_metrics_v2.parquet,374e15163c404aa19bf8453d170490862689d4b0db1c5d34b0e6dea8f075e1b8,1074
target_centrality,T:293135,90089.0,performing_municipio,A,2025,aim3_target_metrics_v2.parquet,374e15163c404aa19bf8453d170490862689d4b0db1c5d34b0e6dea8f075e1b8,110
target_centrality,T:293330,148992.5,performing_municipio,A,2025,aim3_target_metrics_v2.parquet,374e15163c404aa19bf8453d170490862689d4b0db1c5d34b0e6dea8f075e1b8,60
target_centrality,T:310160,82389.5,performing_municipio,A,2025,aim3_target_metrics_v2.parquet,374e15163c404aa19bf8453d170490862689d4b0db1c5d34b0e6dea8f075e1b8,53
target_centrality,T:310350,24668.0,performing_municipio,A,2025,aim3_target_metrics_v2.parquet,374e15163c404aa19bf8453d170490862689d4b0db1c5d34b0e6dea8f075e1b8,65
target_centrality,T:310620,879929.0,performing_municipio,A,2025,aim3_target_metrics_v2.parquet,374e15163c404aa19bf8453d170490862689d4b0db1c5d34b0e6dea8f075e1b8,1062
target_centrality,T:310900,0.0,performing_municipio,A,2025,aim3_target_metrics_v2.parquet,374e15163c404aa19bf8453d170490862689d4b0db1c5d34b0e6dea8f075e1b8,<5
target_centrality,T:312770,42258.0,performing_municipio,A,2025,aim3_target_metrics_v2.parquet,374e15163c404aa19bf8453d170490862689d4b0db1c5d34b0e6dea8f075e1b8,48
target_centrality,T:313240,0.0,performing_municipio,A,2025,aim3_target_metrics_v2.parquet,374e15163c404aa19bf8453d170490862689d4b0db1c5d34b0e6dea8f075e1b8,<5
target_centrality,T:313380,0.0,performing_municipio,A,2025,aim3_target_metrics_v2.parquet,374e15163c404aa19bf8453d170490862689d4b0db1c5d34b0e6dea8f075e1b8,<5
target_centrality,T:313510,0.0,performing_municipio,A,2025,aim3_target_metrics_v2.parquet,374e15163c404aa19bf8453d170490862689d4b0db1c5d34b0e6dea8f075e1b8,6
target_centrality,T:313670,125462.0,performing_municipio,A,2025,aim3_target_metrics_v2.parquet,374e15163c404aa19bf8453d170490862689d4b0db1c5d34b0e6dea8f075e1b8,176
target_centrality,T:314330,165384.0,performing_municipio,A,2025,aim3_target_metrics_v2.parquet,374e15163c404aa19bf8453d170490862689d4b0db1c5d34b0e6dea8f075e1b8,135
target_centrality,T:314390,107106.5,performing_municipio,A,2025,aim3_target_metrics_v2.parquet,374e15163c404aa19bf8453d170490862689d4b0db1c5d34b0e6dea8f075e1b8,71
target_centrality,T:314700,0.0,performing_municipio,A,2025,aim3_target_metrics_v2.parquet,374e15163c404aa19bf8453d170490862689d4b0db1c5d34b0e6dea8f075e1b8,<5
target_centrality,T:314790,24668.0,performing_municipio,A,2025,aim3_target_metrics_v2.parquet,374e15163c404aa19bf8453d170490862689d4b0db1c5d34b0e6dea8f075e1b8,18
target_centrality,T:314800,3527.0,performing_municipio,A,2025,aim3_target_metrics_v2.parquet,374e15163c404aa19bf8453d170490862689d4b0db1c5d34b0e6dea8f075e1b8,<5
target_centrality,T:315120,0.0,performing_municipio,A,2025,aim3_target_metrics_v2.parquet,374e15163c404aa19bf8453d170490862689d4b0db1c5d34b0e6dea8f075e1b8,<5
target_centrality,T:315180,0.0,performing_municipio,A,2025,aim3_target_metrics_v2.parquet,374e15163c404aa19bf8453d170490862689d4b0db1c5d34b0e6dea8f075e1b8,12
target_centrality,T:315250,86131.5,performing_municipio,A,2025,aim3_target_metrics_v2.parquet,374e15163c404aa19bf8453d170490862689d4b0db1c5d34b0e6dea8f075e1b8,115
target_centrality,T:316720,31758.0,performing_municipio,A,2025,aim3_target_metrics_v2.parquet,374e15163c404aa19bf8453d170490862689d4b0db1c5d34b0e6dea8f075e1b8,50
target_centrality,T:316860,7053.0,performing_municipio,A,2025,aim3_target_metrics_v2.parquet,374e15163c404aa19bf8453d170490862689d4b0db1c5d34b0e6dea8f075e1b8,<5
target_centrality,T:316990,330.0,performing_municipio,A,2025,aim3_target_metrics_v2.parquet,374e15163c404aa19bf8453d170490862689d4b0db1c5d34b0e6dea8f075e1b8,7
target_centrality,T:317010,10579.0,performing_municipio,A,2025,aim3_target_metrics_v2.parquet,374e15163c404aa19bf8453d170490862689d4b0db1c5d34b0e6dea8f075e1b8,18
target_centrality,T:317020,478445.0,performing_municipio,A,2025,aim3_target_metrics_v2.parquet,374e15163c404aa19bf8453d170490862689d4b0db1c5d34b0e6dea8f075e1b8,295
target_centrality,T:317070,52981.0,performing_municipio,A,2025,aim3_target_metrics_v2.parquet,374e15163c404aa19bf8453d170490862689d4b0db1c5d34b0e6dea8f075e1b8,61
target_centrality,T:320120,35259.5,performing_municipio,A,2025,aim3_target_metrics_v2.parquet,374e15163c404aa19bf8453d170490862689d4b0db1c5d34b0e6dea8f075e1b8,97
target_centrality,T:320130,3625.0,performing_municipio,A,2025,aim3_target_metrics_v2.parquet,374e15163c404aa19bf8453d170490862689d4b0db1c5d34b0e6dea8f075e1b8,15
target_centrality,T:320480,0.0,performing_municipio,A,2025,aim3_target_metrics_v2.parquet,374e15163c404aa19bf8453d170490862689d4b0db1c5d34b0e6dea8f075e1b8,<5
target_centrality,T:320500,26110.0,performing_municipio,A,2025,aim3_target_metrics_v2.parquet,374e15163c404aa19bf8453d170490862689d4b0db1c5d34b0e6dea8f075e1b8,168
target_centrality,T:320520,3516.0,performing_municipio,A,2025,aim3_target_metrics_v2.parquet,374e15163c404aa19bf8453d170490862689d4b0db1c5d34b0e6dea8f075e1b8,105
target_centrality,T:320530,256500.5,performing_municipio,A,2025,aim3_target_metrics_v2.parquet,374e15163c404aa19bf8453d170490862689d4b0db1c5d34b0e6dea8f075e1b8,199
target_centrality,T:330060,3.0,performing_municipio,A,2025,aim3_target_metrics_v2.parquet,374e15163c404aa19bf8453d170490862689d4b0db1c5d34b0e6dea8f075e1b8,<5
target_centrality,T:330100,7053.0,performing_municipio,A,2025,aim3_target_metrics_v2.parquet,374e15163c404aa19bf8453d170490862689d4b0db1c5d34b0e6dea8f075e1b8,42
target_centrality,T:330170,2316.0,performing_municipio,A,2025,aim3_target_metrics_v2.parquet,374e15163c404aa19bf8453d170490862689d4b0db1c5d34b0e6dea8f075e1b8,159
target_centrality,T:330220,3.0,performing_municipio,A,2025,aim3_target_metrics_v2.parquet,374e15163c404aa19bf8453d170490862689d4b0db1c5d34b0e6dea8f075e1b8,<5
target_centrality,T:330240,3529.0,performing_municipio,A,2025,aim3_target_metrics_v2.parquet,374e15163c404aa19bf8453d170490862689d4b0db1c5d34b0e6dea8f075e1b8,52
target_centrality,T:330330,0.0,performing_municipio,A,2025,aim3_target_metrics_v2.parquet,374e15163c404aa19bf8453d170490862689d4b0db1c5d34b0e6dea8f075e1b8,46
target_centrality,T:330340,0.0,performing_municipio,A,2025,aim3_target_metrics_v2.parquet,374e15163c404aa19bf8453d170490862689d4b0db1c5d34b0e6dea8f075e1b8,<5
target_centrality,T:330350,16254.0,performing_municipio,A,2025,aim3_target_metrics_v2.parquet,374e15163c404aa19bf8453d170490862689d4b0db1c5d34b0e6dea8f075e1b8,180
target_centrality,T:330390,0.0,performing_municipio,A,2025,aim3_target_metrics_v2.parquet,374e15163c404aa19bf8453d170490862689d4b0db1c5d34b0e6dea8f075e1b8,95
target_centrality,T:330452,0.0,performing_municipio,A,2025,aim3_target_metrics_v2.parquet,374e15163c404aa19bf8453d170490862689d4b0db1c5d34b0e6dea8f075e1b8,<5
target_centrality,T:330455,226688.5,performing_municipio,A,2025,aim3_target_metrics_v2.parquet,374e15163c404aa19bf8453d170490862689d4b0db1c5d34b0e6dea8f075e1b8,769
target_centrality,T:330490,53591.0,performing_municipio,A,2025,aim3_target_metrics_v2.parquet,374e15163c404aa19bf8453d170490862689d4b0db1c5d34b0e6dea8f075e1b8,405
target_centrality,T:330630,218545.5,performing_municipio,A,2025,aim3_target_metrics_v2.parquet,374e15163c404aa19bf8453d170490862689d4b0db1c5d34b0e6dea8f075e1b8,776
target_centrality,T:350280,24565.5,performing_municipio,A,2025,aim3_target_metrics_v2.parquet,374e15163c404aa19bf8453d170490862689d4b0db1c5d34b0e6dea8f075e1b8,45
target_centrality,T:350320,21061.0,performing_municipio,A,2025,aim3_target_metrics_v2.parquet,374e15163c404aa19bf8453d170490862689d4b0db1c5d34b0e6dea8f075e1b8,56
target_centrality,T:350330,3513.0,performing_municipio,A,2025,aim3_target_metrics_v2.parquet,374e15163c404aa19bf8453d170490862689d4b0db1c5d34b0e6dea8f075e1b8,17
target_centrality,T:350400,22665.5,performing_municipio,A,2025,aim3_target_metrics_v2.parquet,374e15163c404aa19bf8453d170490862689d4b0db1c5d34b0e6dea8f075e1b8,49
target_centrality,T:350550,2123652.0,performing_municipio,A,2025,aim3_target_metrics_v2.parquet,374e15163c404aa19bf8453d170490862689d4b0db1c5d34b0e6dea8f075e1b8,327
target_centrality,T:350570,3527.0,performing_municipio,A,2025,aim3_target_metrics_v2.parquet,374e15163c404aa19bf8453d170490862689d4b0db1c5d34b0e6dea8f075e1b8,69
target_centrality,T:350600,64378.5,performing_municipio,A,2025,aim3_target_metrics_v2.parquet,374e15163c404aa19bf8453d170490862689d4b0db1c5d34b0e6dea8f075e1b8,211
target_centrality,T:350750,105450.0,performing_municipio,A,2025,aim3_target_metrics_v2.parquet,374e15163c404aa19bf8453d170490862689d4b0db1c5d34b0e6dea8f075e1b8,96
target_centrality,T:350760,276118.0,performing_municipio,A,2025,aim3_target_metrics_v2.parquet,374e15163c404aa19bf8453d170490862689d4b0db1c5d34b0e6dea8f075e1b8,99
target_centrality,T:350950,402415.0,performing_municipio,A,2025,aim3_target_metrics_v2.parquet,374e15163c404aa19bf8453d170490862689d4b0db1c5d34b0e6dea8f075e1b8,243
target_centrality,T:351050,1.0,performing_municipio,A,2025,aim3_target_metrics_v2.parquet,374e15163c404aa19bf8453d170490862689d4b0db1c5d34b0e6dea8f075e1b8,12
target_centrality,T:351060,0.0,performing_municipio,A,2025,aim3_target_metrics_v2.parquet,374e15163c404aa19bf8453d170490862689d4b0db1c5d34b0e6dea8f075e1b8,<5
target_centrality,T:351110,42263.0,performing_municipio,A,2025,aim3_target_metrics_v2.parquet,374e15163c404aa19bf8453d170490862689d4b0db1c5d34b0e6dea8f075e1b8,85
target_centrality,T:351340,3529.5,performing_municipio,A,2025,aim3_target_metrics_v2.parquet,374e15163c404aa19bf8453d170490862689d4b0db1c5d34b0e6dea8f075e1b8,30
target_centrality,T:351380,0.0,performing_municipio,A,2025,aim3_target_metrics_v2.parquet,374e15163c404aa19bf8453d170490862689d4b0db1c5d34b0e6dea8f075e1b8,<5
target_centrality,T:351620,36606.0,performing_municipio,A,2025,aim3_target_metrics_v2.parquet,374e15163c404aa19bf8453d170490862689d4b0db1c5d34b0e6dea8f075e1b8,99
target_centrality,T:351640,7056.0,performing_municipio,A,2025,aim3_target_metrics_v2.parquet,374e15163c404aa19bf8453d170490862689d4b0db1c5d34b0e6dea8f075e1b8,62
target_centrality,T:351840,0.0,performing_municipio,A,2025,aim3_target_metrics_v2.parquet,374e15163c404aa19bf8453d170490862689d4b0db1c5d34b0e6dea8f075e1b8,13
target_centrality,T:351880,3527.0,performing_municipio,A,2025,aim3_target_metrics_v2.parquet,374e15163c404aa19bf8453d170490862689d4b0db1c5d34b0e6dea8f075e1b8,83
target_centrality,T:352220,10581.0,performing_municipio,A,2025,aim3_target_metrics_v2.parquet,374e15163c404aa19bf8453d170490862689d4b0db1c5d34b0e6dea8f075e1b8,84
target_centrality,T:352310,3533.0,performing_municipio,A,2025,aim3_target_metrics_v2.parquet,374e15163c404aa19bf8453d170490862689d4b0db1c5d34b0e6dea8f075e1b8,132
target_centrality,T:352340,0.0,performing_municipio,A,2025,aim3_target_metrics_v2.parquet,374e15163c404aa19bf8453d170490862689d4b0db1c5d34b0e6dea8f075e1b8,<5
target_centrality,T:352390,0.0,performing_municipio,A,2025,aim3_target_metrics_v2.parquet,374e15163c404aa19bf8453d170490862689d4b0db1c5d34b0e6dea8f075e1b8,39
target_centrality,T:352440,1.0,performing_municipio,A,2025,aim3_target_metrics_v2.parquet,374e15163c404aa19bf8453d170490862689d4b0db1c5d34b0e6dea8f075e1b8,32
target_centrality,T:352480,5584.0,performing_municipio,A,2025,aim3_target_metrics_v2.parquet,374e15163c404aa19bf8453d170490862689d4b0db1c5d34b0e6dea8f075e1b8,15
target_centrality,T:352530,45187.5,performing_municipio,A,2025,aim3_target_metrics_v2.parquet,374e15163c404aa19bf8453d170490862689d4b0db1c5d34b0e6dea8f075e1b8,80
target_centrality,T:352590,24670.0,performing_municipio,A,2025,aim3_target_metrics_v2.parquet,374e15163c404aa19bf8453d170490862689d4b0db1c5d34b0e6dea8f075e1b8,307
target_centrality,T:352690,7059.0,performing_municipio,A,2025,aim3_target_metrics_v2.parquet,374e15163c404aa19bf8453d170490862689d4b0db1c5d34b0e6dea8f075e1b8,120
target_centrality,T:352720,0.0,performing_municipio,A,2025,aim3_target_metrics_v2.parquet,374e15163c404aa19bf8453d170490862689d4b0db1c5d34b0e6dea8f075e1b8,<5
target_centrality,T:352900,95703.5,performing_municipio,A,2025,aim3_target_metrics_v2.parquet,374e15163c404aa19bf8453d170490862689d4b0db1c5d34b0e6dea8f075e1b8,71
target_centrality,T:353060,7053.0,performing_municipio,A,2025,aim3_target_metrics_v2.parquet,374e15163c404aa19bf8453d170490862689d4b0db1c5d34b0e6dea8f075e1b8,60
target_centrality,T:353440,0.0,performing_municipio,A,2025,aim3_target_metrics_v2.parquet,374e15163c404aa19bf8453d170490862689d4b0db1c5d34b0e6dea8f075e1b8,34
target_centrality,T:353870,41022.0,performing_municipio,A,2025,aim3_target_metrics_v2.parquet,374e15163c404aa19bf8453d170490862689d4b0db1c5d34b0e6dea8f075e1b8,109
target_centrality,T:354140,321285.0,performing_municipio,A,2025,aim3_target_metrics_v2.parquet,374e15163c404aa19bf8453d170490862689d4b0db1c5d34b0e6dea8f075e1b8,176
target_centrality,T:354260,31548.0,performing_municipio,A,2025,aim3_target_metrics_v2.parquet,374e15163c404aa19bf8453d170490862689d4b0db1c5d34b0e6dea8f075e1b8,65
target_centrality,T:354340,125414.0,performing_municipio,A,2025,aim3_target_metrics_v2.parquet,374e15163c404aa19bf8453d170490862689d4b0db1c5d34b0e6dea8f075e1b8,180
target_centrality,T:354850,10604.0,performing_municipio,A,2025,aim3_target_metrics_v2.parquet,374e15163c404aa19bf8453d170490862689d4b0db1c5d34b0e6dea8f075e1b8,169
target_centrality,T:354870,1.0,performing_municipio,A,2025,aim3_target_metrics_v2.parquet,374e15163c404aa19bf8453d170490862689d4b0db1c5d34b0e6dea8f075e1b8,191
target_centrality,T:354880,0.0,performing_municipio,A,2025,aim3_target_metrics_v2.parquet,374e15163c404aa19bf8453d170490862689d4b0db1c5d34b0e6dea8f075e1b8,33
target_centrality,T:354890,29103.0,performing_municipio,A,2025,aim3_target_metrics_v2.parquet,374e15163c404aa19bf8453d170490862689d4b0db1c5d34b0e6dea8f075e1b8,87
target_centrality,T:354940,0.0,performing_municipio,A,2025,aim3_target_metrics_v2.parquet,374e15163c404aa19bf8453d170490862689d4b0db1c5d34b0e6dea8f075e1b8,<5
target_centrality,T:354980,322795.0,performing_municipio,A,2025,aim3_target_metrics_v2.parquet,374e15163c404aa19bf8453d170490862689d4b0db1c5d34b0e6dea8f075e1b8,450
target_centrality,T:354990,107025.0,performing_municipio,A,2025,aim3_target_metrics_v2.parquet,374e15163c404aa19bf8453d170490862689d4b0db1c5d34b0e6dea8f075e1b8,196
target_centrality,T:355030,2955320.0,performing_municipio,A,2025,aim3_target_metrics_v2.parquet,374e15163c404aa19bf8453d170490862689d4b0db1c5d34b0e6dea8f075e1b8,2130
target_centrality,T:355220,136330.0,performing_municipio,A,2025,aim3_target_metrics_v2.parquet,374e15163c404aa19bf8453d170490862689d4b0db1c5d34b0e6dea8f075e1b8,334
target_centrality,T:355280,5.0,performing_municipio,A,2025,aim3_target_metrics_v2.parquet,374e15163c404aa19bf8453d170490862689d4b0db1c5d34b0e6dea8f075e1b8,78
target_centrality,T:355410,28209.5,performing_municipio,A,2025,aim3_target_metrics_v2.parquet,374e15163c404aa19bf8453d170490862689d4b0db1c5d34b0e6dea8f075e1b8,100
target_centrality,T:355710,103165.0,performing_municipio,A,2025,aim3_target_metrics_v2.parquet,374e15163c404aa19bf8453d170490862689d4b0db1c5d34b0e6dea8f075e1b8,39
target_centrality,T:410140,29287.5,performing_municipio,A,2025,aim3_target_metrics_v2.parquet,374e15163c404aa19bf8453d170490862689d4b0db1c5d34b0e6dea8f075e1b8,49
target_centrality,T:410150,25933.5,performing_municipio,A,2025,aim3_target_metrics_v2.parquet,374e15163c404aa19bf8453d170490862689d4b0db1c5d34b0e6dea8f075e1b8,58
target_centrality,T:410400,65812.5,performing_municipio,A,2025,aim3_target_metrics_v2.parquet,374e15163c404aa19bf8453d170490862689d4b0db1c5d34b0e6dea8f075e1b8,56
target_centrality,T:410420,14109.5,performing_municipio,A,2025,aim3_target_metrics_v2.parquet,374e15163c404aa19bf8453d170490862689d4b0db1c5d34b0e6dea8f075e1b8,17
target_centrality,T:410430,76634.0,performing_municipio,A,2025,aim3_target_metrics_v2.parquet,374e15163c404aa19bf8453d170490862689d4b0db1c5d34b0e6dea8f075e1b8,93
target_centrality,T:410480,242581.0,performing_municipio,A,2025,aim3_target_metrics_v2.parquet,374e15163c404aa19bf8453d170490862689d4b0db1c5d34b0e6dea8f075e1b8,301
target_centrality,T:410590,3529.5,performing_municipio,A,2025,aim3_target_metrics_v2.parquet,374e15163c404aa19bf8453d170490862689d4b0db1c5d34b0e6dea8f075e1b8,9
target_centrality,T:410690,320092.0,performing_municipio,A,2025,aim3_target_metrics_v2.parquet,374e15163c404aa19bf8453d170490862689d4b0db1c5d34b0e6dea8f075e1b8,375
target_centrality,T:410830,19388.0,performing_municipio,A,2025,aim3_target_metrics_v2.parquet,374e15163c404aa19bf8453d170490862689d4b0db1c5d34b0e6dea8f075e1b8,146
target_centrality,T:411370,181037.0,performing_municipio,A,2025,aim3_target_metrics_v2.parquet,374e15163c404aa19bf8453d170490862689d4b0db1c5d34b0e6dea8f075e1b8,208
target_centrality,T:411520,333991.5,performing_municipio,A,2025,aim3_target_metrics_v2.parquet,374e15163c404aa19bf8453d170490862689d4b0db1c5d34b0e6dea8f075e1b8,160
target_centrality,T:411990,35317.0,performing_municipio,A,2025,aim3_target_metrics_v2.parquet,374e15163c404aa19bf8453d170490862689d4b0db1c5d34b0e6dea8f075e1b8,113
target_centrality,T:412550,0.0,performing_municipio,A,2025,aim3_target_metrics_v2.parquet,374e15163c404aa19bf8453d170490862689d4b0db1c5d34b0e6dea8f075e1b8,23
target_centrality,T:412770,19301.0,performing_municipio,A,2025,aim3_target_metrics_v2.parquet,374e15163c404aa19bf8453d170490862689d4b0db1c5d34b0e6dea8f075e1b8,45
target_centrality,T:412810,1.0,performing_municipio,A,2025,aim3_target_metrics_v2.parquet,374e15163c404aa19bf8453d170490862689d4b0db1c5d34b0e6dea8f075e1b8,<5
target_centrality,T:420240,10850.0,performing_municipio,A,2025,aim3_target_metrics_v2.parquet,374e15163c404aa19bf8453d170490862689d4b0db1c5d34b0e6dea8f075e1b8,100
target_centrality,T:420290,345953.0,performing_municipio,A,2025,aim3_target_metrics_v2.parquet,374e15163c404aa19bf8453d170490862689d4b0db1c5d34b0e6dea8f075e1b8,285
target_centrality,T:420300,298198.0,performing_municipio,A,2025,aim3_target_metrics_v2.parquet,374e15163c404aa19bf8453d170490862689d4b0db1c5d34b0e6dea8f075e1b8,98
target_centrality,T:420420,0.0,performing_municipio,A,2025,aim3_target_metrics_v2.parquet,374e15163c404aa19bf8453d170490862689d4b0db1c5d34b0e6dea8f075e1b8,<5
target_centrality,T:420460,17626.0,performing_municipio,A,2025,aim3_target_metrics_v2.parquet,374e15163c404aa19bf8453d170490862689d4b0db1c5d34b0e6dea8f075e1b8,23
target_centrality,T:420540,1441853.5,performing_municipio,A,2025,aim3_target_metrics_v2.parquet,374e15163c404aa19bf8453d170490862689d4b0db1c5d34b0e6dea8f075e1b8,212
target_centrality,T:420890,14094.0,performing_municipio,A,2025,aim3_target_metrics_v2.parquet,374e15163c404aa19bf8453d170490862689d4b0db1c5d34b0e6dea8f075e1b8,34
target_centrality,T:420900,70957.5,performing_municipio,A,2025,aim3_target_metrics_v2.parquet,374e15163c404aa19bf8453d170490862689d4b0db1c5d34b0e6dea8f075e1b8,106
target_centrality,T:420910,14498.0,performing_municipio,A,2025,aim3_target_metrics_v2.parquet,374e15163c404aa19bf8453d170490862689d4b0db1c5d34b0e6dea8f075e1b8,93
target_centrality,T:420930,31708.0,performing_municipio,A,2025,aim3_target_metrics_v2.parquet,374e15163c404aa19bf8453d170490862689d4b0db1c5d34b0e6dea8f075e1b8,41
target_centrality,T:421010,70941.0,performing_municipio,A,2025,aim3_target_metrics_v2.parquet,374e15163c404aa19bf8453d170490862689d4b0db1c5d34b0e6dea8f075e1b8,107
target_centrality,T:421660,4329.5,performing_municipio,A,2025,aim3_target_metrics_v2.parquet,374e15163c404aa19bf8453d170490862689d4b0db1c5d34b0e6dea8f075e1b8,27
target_centrality,T:421720,165993.0,performing_municipio,A,2025,aim3_target_metrics_v2.parquet,374e15163c404aa19bf8453d170490862689d4b0db1c5d34b0e6dea8f075e1b8,179
target_centrality,T:421770,24806.5,performing_municipio,A,2025,aim3_target_metrics_v2.parquet,374e15163c404aa19bf8453d170490862689d4b0db1c5d34b0e6dea8f075e1b8,30
target_centrality,T:421870,19440.0,performing_municipio,A,2025,aim3_target_metrics_v2.parquet,374e15163c404aa19bf8453d170490862689d4b0db1c5d34b0e6dea8f075e1b8,17
target_centrality,T:430460,3528.0,performing_municipio,A,2025,aim3_target_metrics_v2.parquet,374e15163c404aa19bf8453d170490862689d4b0db1c5d34b0e6dea8f075e1b8,77
target_centrality,T:430510,73891.0,performing_municipio,A,2025,aim3_target_metrics_v2.parquet,374e15163c404aa19bf8453d170490862689d4b0db1c5d34b0e6dea8f075e1b8,158
target_centrality,T:430700,38743.0,performing_municipio,A,2025,aim3_target_metrics_v2.parquet,374e15163c404aa19bf8453d170490862689d4b0db1c5d34b0e6dea8f075e1b8,34
target_centrality,T:430800,38009.0,performing_municipio,A,2025,aim3_target_metrics_v2.parquet,374e15163c404aa19bf8453d170490862689d4b0db1c5d34b0e6dea8f075e1b8,72
target_centrality,T:430860,36332.5,performing_municipio,A,2025,aim3_target_metrics_v2.parquet,374e15163c404aa19bf8453d170490862689d4b0db1c5d34b0e6dea8f075e1b8,48
target_centrality,T:431020,108709.0,performing_municipio,A,2025,aim3_target_metrics_v2.parquet,374e15163c404aa19bf8453d170490862689d4b0db1c5d34b0e6dea8f075e1b8,127
target_centrality,T:431350,0.5,performing_municipio,A,2025,aim3_target_metrics_v2.parquet,374e15163c404aa19bf8453d170490862689d4b0db1c5d34b0e6dea8f075e1b8,8
target_centrality,T:431405,508542.0,performing_municipio,A,2025,aim3_target_metrics_v2.parquet,374e15163c404aa19bf8453d170490862689d4b0db1c5d34b0e6dea8f075e1b8,522
target_centrality,T:431410,51123.5,performing_municipio,A,2025,aim3_target_metrics_v2.parquet,374e15163c404aa19bf8453d170490862689d4b0db1c5d34b0e6dea8f075e1b8,94
target_centrality,T:431440,7055.5,performing_municipio,A,2025,aim3_target_metrics_v2.parquet,374e15163c404aa19bf8453d170490862689d4b0db1c5d34b0e6dea8f075e1b8,51
target_centrality,T:431490,925613.0,performing_municipio,A,2025,aim3_target_metrics_v2.parquet,374e15163c404aa19bf8453d170490862689d4b0db1c5d34b0e6dea8f075e1b8,911
target_centrality,T:431530,0.0,performing_municipio,A,2025,aim3_target_metrics_v2.parquet,374e15163c404aa19bf8453d170490862689d4b0db1c5d34b0e6dea8f075e1b8,<5
target_centrality,T:431560,10573.0,performing_municipio,A,2025,aim3_target_metrics_v2.parquet,374e15163c404aa19bf8453d170490862689d4b0db1c5d34b0e6dea8f075e1b8,33
target_centrality,T:431680,0.0,performing_municipio,A,2025,aim3_target_metrics_v2.parquet,374e15163c404aa19bf8453d170490862689d4b0db1c5d34b0e6dea8f075e1b8,30
target_centrality,T:431690,261055.0,performing_municipio,A,2025,aim3_target_metrics_v2.parquet,374e15163c404aa19bf8453d170490862689d4b0db1c5d34b0e6dea8f075e1b8,384
target_centrality,T:431750,0.0,performing_municipio,A,2025,aim3_target_metrics_v2.parquet,374e15163c404aa19bf8453d170490862689d4b0db1c5d34b0e6dea8f075e1b8,<5
target_centrality,T:431870,0.0,performing_municipio,A,2025,aim3_target_metrics_v2.parquet,374e15163c404aa19bf8453d170490862689d4b0db1c5d34b0e6dea8f075e1b8,<5
target_centrality,T:500270,71931.83333333333,performing_municipio,A,2025,aim3_target_metrics_v2.parquet,374e15163c404aa19bf8453d170490862689d4b0db1c5d34b0e6dea8f075e1b8,260
target_centrality,T:500370,4770.0,performing_municipio,A,2025,aim3_target_metrics_v2.parquet,374e15163c404aa19bf8453d170490862689d4b0db1c5d34b0e6dea8f075e1b8,24
target_centrality,T:500660,310814.3333333333,performing_municipio,A,2025,aim3_target_metrics_v2.parquet,374e15163c404aa19bf8453d170490862689d4b0db1c5d34b0e6dea8f075e1b8,212
target_centrality,T:500830,242553.8333333333,performing_municipio,A,2025,aim3_target_metrics_v2.parquet,374e15163c404aa19bf8453d170490862689d4b0db1c5d34b0e6dea8f075e1b8,175
target_centrality,T:510180,0.0,performing_municipio,A,2025,aim3_target_metrics_v2.parquet,374e15163c404aa19bf8453d170490862689d4b0db1c5d34b0e6dea8f075e1b8,<5
target_centrality,T:510340,222710.5,performing_municipio,A,2025,aim3_target_metrics_v2.parquet,374e15163c404aa19bf8453d170490862689d4b0db1c5d34b0e6dea8f075e1b8,189
target_centrality,T:510525,0.0,performing_municipio,A,2025,aim3_target_metrics_v2.parquet,374e15163c404aa19bf8453d170490862689d4b0db1c5d34b0e6dea8f075e1b8,16
target_centrality,T:510704,0.0,performing_municipio,A,2025,aim3_target_metrics_v2.parquet,374e15163c404aa19bf8453d170490862689d4b0db1c5d34b0e6dea8f075e1b8,<5
target_centrality,T:510760,3527.0,performing_municipio,A,2025,aim3_target_metrics_v2.parquet,374e15163c404aa19bf8453d170490862689d4b0db1c5d34b0e6dea8f075e1b8,30
target_centrality,T:510790,99385.0,performing_municipio,A,2025,aim3_target_metrics_v2.parquet,374e15163c404aa19bf8453d170490862689d4b0db1c5d34b0e6dea8f075e1b8,27
target_centrality,T:510792,83766.0,performing_municipio,A,2025,aim3_target_metrics_v2.parquet,374e15163c404aa19bf8453d170490862689d4b0db1c5d34b0e6dea8f075e1b8,74
target_centrality,T:510840,8116.5,performing_municipio,A,2025,aim3_target_metrics_v2.parquet,374e15163c404aa19bf8453d170490862689d4b0db1c5d34b0e6dea8f075e1b8,44
target_centrality,T:520110,3527.0,performing_municipio,A,2025,aim3_target_metrics_v2.parquet,374e15163c404aa19bf8453d170490862689d4b0db1c5d34b0e6dea8f075e1b8,7
target_centrality,T:520140,0.0,performing_municipio,A,2025,aim3_target_metrics_v2.parquet,374e15163c404aa19bf8453d170490862689d4b0db1c5d34b0e6dea8f075e1b8,46
target_centrality,T:520870,154364.83333333334,performing_municipio,A,2025,aim3_target_metrics_v2.parquet,374e15163c404aa19bf8453d170490862689d4b0db1c5d34b0e6dea8f075e1b8,260
target_centrality,T:521150,333553.3333333333,performing_municipio,A,2025,aim3_target_metrics_v2.parquet,374e15163c404aa19bf8453d170490862689d4b0db1c5d34b0e6dea8f075e1b8,195
target_centrality,T:521310,0.0,performing_municipio,A,2025,aim3_target_metrics_v2.parquet,374e15163c404aa19bf8453d170490862689d4b0db1c5d34b0e6dea8f075e1b8,<5
target_centrality,T:521880,3527.0,performing_municipio,A,2025,aim3_target_metrics_v2.parquet,374e15163c404aa19bf8453d170490862689d4b0db1c5d34b0e6dea8f075e1b8,110
target_centrality,T:521930,101234.5,performing_municipio,A,2025,aim3_target_metrics_v2.parquet,374e15163c404aa19bf8453d170490862689d4b0db1c5d34b0e6dea8f075e1b8,181
target_centrality,T:522160,69263.33333333334,performing_municipio,A,2025,aim3_target_metrics_v2.parquet,374e15163c404aa19bf8453d170490862689d4b0db1c5d34b0e6dea8f075e1b8,88
target_centrality,T:530010,114008.0,performing_municipio,A,2025,aim3_target_metrics_v2.parquet,374e15163c404aa19bf8453d170490862689d4b0db1c5d34b0e6dea8f075e1b8,771
target_centrality,T:110004,0.0,performing_municipio,A,pooled,aim3_target_metrics_v2.parquet,374e15163c404aa19bf8453d170490862689d4b0db1c5d34b0e6dea8f075e1b8,<5
target_centrality,T:110012,0.0,performing_municipio,A,pooled,aim3_target_metrics_v2.parquet,374e15163c404aa19bf8453d170490862689d4b0db1c5d34b0e6dea8f075e1b8,<5
target_centrality,T:110020,286749.5,performing_municipio,A,pooled,aim3_target_metrics_v2.parquet,374e15163c404aa19bf8453d170490862689d4b0db1c5d34b0e6dea8f075e1b8,437
target_centrality,T:110030,117943.0,performing_municipio,A,pooled,aim3_target_metrics_v2.parquet,374e15163c404aa19bf8453d170490862689d4b0db1c5d34b0e6dea8f075e1b8,135
target_centrality,T:120020,208639.0,performing_municipio,A,pooled,aim3_target_metrics_v2.parquet,374e15163c404aa19bf8453d170490862689d4b0db1c5d34b0e6dea8f075e1b8,138
target_centrality,T:120040,0.0,performing_municipio,A,pooled,aim3_target_metrics_v2.parquet,374e15163c404aa19bf8453d170490862689d4b0db1c5d34b0e6dea8f075e1b8,<5
target_centrality,T:130120,0.0,performing_municipio,A,pooled,aim3_target_metrics_v2.parquet,374e15163c404aa19bf8453d170490862689d4b0db1c5d34b0e6dea8f075e1b8,<5
target_centrality,T:130260,192481.0,performing_municipio,A,pooled,aim3_target_metrics_v2.parquet,374e15163c404aa19bf8453d170490862689d4b0db1c5d34b0e6dea8f075e1b8,1887
target_centrality,T:140010,0.0,performing_municipio,A,pooled,aim3_target_metrics_v2.parquet,374e15163c404aa19bf8453d170490862689d4b0db1c5d34b0e6dea8f075e1b8,<5
target_centrality,T:150060,22520.0,performing_municipio,A,pooled,aim3_target_metrics_v2.parquet,374e15163c404aa19bf8453d170490862689d4b0db1c5d34b0e6dea8f075e1b8,83
target_centrality,T:150080,0.0,performing_municipio,A,pooled,aim3_target_metrics_v2.parquet,374e15163c404aa19bf8453d170490862689d4b0db1c5d34b0e6dea8f075e1b8,<5
target_centrality,T:150120,0.0,performing_municipio,A,pooled,aim3_target_metrics_v2.parquet,374e15163c404aa19bf8453d170490862689d4b0db1c5d34b0e6dea8f075e1b8,<5
target_centrality,T:150140,1312106.0,performing_municipio,A,pooled,aim3_target_metrics_v2.parquet,374e15163c404aa19bf8453d170490862689d4b0db1c5d34b0e6dea8f075e1b8,863
target_centrality,T:150240,28953.0,performing_municipio,A,pooled,aim3_target_metrics_v2.parquet,374e15163c404aa19bf8453d170490862689d4b0db1c5d34b0e6dea8f075e1b8,44
target_centrality,T:150360,9365.0,performing_municipio,A,pooled,aim3_target_metrics_v2.parquet,374e15163c404aa19bf8453d170490862689d4b0db1c5d34b0e6dea8f075e1b8,17
target_centrality,T:150420,58157.0,performing_municipio,A,pooled,aim3_target_metrics_v2.parquet,374e15163c404aa19bf8453d170490862689d4b0db1c5d34b0e6dea8f075e1b8,158
target_centrality,T:150543,37388.0,performing_municipio,A,pooled,aim3_target_metrics_v2.parquet,374e15163c404aa19bf8453d170490862689d4b0db1c5d34b0e6dea8f075e1b8,81
target_centrality,T:150680,103389.0,performing_municipio,A,pooled,aim3_target_metrics_v2.parquet,374e15163c404aa19bf8453d170490862689d4b0db1c5d34b0e6dea8f075e1b8,285
target_centrality,T:150810,0.0,performing_municipio,A,pooled,aim3_target_metrics_v2.parquet,374e15163c404aa19bf8453d170490862689d4b0db1c5d34b0e6dea8f075e1b8,<5
target_centrality,T:160030,39908.0,performing_municipio,A,pooled,aim3_target_metrics_v2.parquet,374e15163c404aa19bf8453d170490862689d4b0db1c5d34b0e6dea8f075e1b8,145
target_centrality,T:170210,107456.0,performing_municipio,A,pooled,aim3_target_metrics_v2.parquet,374e15163c404aa19bf8453d170490862689d4b0db1c5d34b0e6dea8f075e1b8,98
target_centrality,T:172100,283536.0,performing_municipio,A,pooled,aim3_target_metrics_v2.parquet,374e15163c404aa19bf8453d170490862689d4b0db1c5d34b0e6dea8f075e1b8,159
target_centrality,T:210300,0.0,performing_municipio,A,pooled,aim3_target_metrics_v2.parquet,374e15163c404aa19bf8453d170490862689d4b0db1c5d34b0e6dea8f075e1b8,<5
target_centrality,T:210530,42119.5,performing_municipio,A,pooled,aim3_target_metrics_v2.parquet,374e15163c404aa19bf8453d170490862689d4b0db1c5d34b0e6dea8f075e1b8,70
target_centrality,T:211130,733079.5,performing_municipio,A,pooled,aim3_target_metrics_v2.parquet,374e15163c404aa19bf8453d170490862689d4b0db1c5d34b0e6dea8f075e1b8,1098
target_centrality,T:221100,1048532.0,performing_municipio,A,pooled,aim3_target_metrics_v2.parquet,374e15163c404aa19bf8453d170490862689d4b0db1c5d34b0e6dea8f075e1b8,582
target_centrality,T:230440,2518068.5,performing_municipio,A,pooled,aim3_target_metrics_v2.parquet,374e15163c404aa19bf8453d170490862689d4b0db1c5d34b0e6dea8f075e1b8,5359
target_centrality,T:230730,31417.5,performing_municipio,A,pooled,aim3_target_metrics_v2.parquet,374e15163c404aa19bf8453d170490862689d4b0db1c5d34b0e6dea8f075e1b8,140
target_centrality,T:231140,14046.5,performing_municipio,A,pooled,aim3_target_metrics_v2.parquet,374e15163c404aa19bf8453d170490862689d4b0db1c5d34b0e6dea8f075e1b8,166
target_centrality,T:231290,23406.5,performing_municipio,A,pooled,aim3_target_metrics_v2.parquet,374e15163c404aa19bf8453d170490862689d4b0db1c5d34b0e6dea8f075e1b8,196
target_centrality,T:231340,4683.0,performing_municipio,A,pooled,aim3_target_metrics_v2.parquet,374e15163c404aa19bf8453d170490862689d4b0db1c5d34b0e6dea8f075e1b8,25
target_centrality,T:240310,693875.5,performing_municipio,A,pooled,aim3_target_metrics_v2.parquet,374e15163c404aa19bf8453d170490862689d4b0db1c5d34b0e6dea8f075e1b8,2237
target_centrality,T:240800,9368.0,performing_municipio,A,pooled,aim3_target_metrics_v2.parquet,374e15163c404aa19bf8453d170490862689d4b0db1c5d34b0e6dea8f075e1b8,47
target_centrality,T:240810,42121.5,performing_municipio,A,pooled,aim3_target_metrics_v2.parquet,374e15163c404aa19bf8453d170490862689d4b0db1c5d34b0e6dea8f075e1b8,304
target_centrality,T:250400,564392.3333333333,performing_municipio,A,pooled,aim3_target_metrics_v2.parquet,374e15163c404aa19bf8453d170490862689d4b0db1c5d34b0e6dea8f075e1b8,416
target_centrality,T:250750,231486.83333333334,performing_municipio,A,pooled,aim3_target_metrics_v2.parquet,374e15163c404aa19bf8453d170490862689d4b0db1c5d34b0e6dea8f075e1b8,702
target_centrality,T:251620,9369.333333333332,performing_municipio,A,pooled,aim3_target_metrics_v2.parquet,374e15163c404aa19bf8453d170490862689d4b0db1c5d34b0e6dea8f075e1b8,26
target_centrality,T:260120,0.0,performing_municipio,A,pooled,aim3_target_metrics_v2.parquet,374e15163c404aa19bf8453d170490862689d4b0db1c5d34b0e6dea8f075e1b8,29
target_centrality,T:260410,1024441.5,performing_municipio,A,pooled,aim3_target_metrics_v2.parquet,374e15163c404aa19bf8453d170490862689d4b0db1c5d34b0e6dea8f075e1b8,1925
target_centrality,T:261070,0.0,performing_municipio,A,pooled,aim3_target_metrics_v2.parquet,374e15163c404aa19bf8453d170490862689d4b0db1c5d34b0e6dea8f075e1b8,<5
target_centrality,T:261160,1387984.5,performing_municipio,A,pooled,aim3_target_metrics_v2.parquet,374e15163c404aa19bf8453d170490862689d4b0db1c5d34b0e6dea8f075e1b8,2567
target_centrality,T:261390,20077.5,performing_municipio,A,pooled,aim3_target_metrics_v2.parquet,374e15163c404aa19bf8453d170490862689d4b0db1c5d34b0e6dea8f075e1b8,112
target_centrality,T:270430,364327.0,performing_municipio,A,pooled,aim3_target_metrics_v2.parquet,374e15163c404aa19bf8453d170490862689d4b0db1c5d34b0e6dea8f075e1b8,559
target_centrality,T:280030,334622.0,performing_municipio,A,pooled,aim3_target_metrics_v2.parquet,374e15163c404aa19bf8453d170490862689d4b0db1c5d34b0e6dea8f075e1b8,775
target_centrality,T:290320,4683.0,performing_municipio,A,pooled,aim3_target_metrics_v2.parquet,374e15163c404aa19bf8453d170490862689d4b0db1c5d34b0e6dea8f075e1b8,<5
target_centrality,T:291080,184413.5,performing_municipio,A,pooled,aim3_target_metrics_v2.parquet,374e15163c404aa19bf8453d170490862689d4b0db1c5d34b0e6dea8f075e1b8,818
target_centrality,T:291360,95667.0,performing_municipio,A,pooled,aim3_target_metrics_v2.parquet,374e15163c404aa19bf8453d170490862689d4b0db1c5d34b0e6dea8f075e1b8,233
target_centrality,T:291800,64005.0,performing_municipio,A,pooled,aim3_target_metrics_v2.parquet,374e15163c404aa19bf8453d170490862689d4b0db1c5d34b0e6dea8f075e1b8,210
target_centrality,T:291840,23142.5,performing_municipio,A,pooled,aim3_target_metrics_v2.parquet,374e15163c404aa19bf8453d170490862689d4b0db1c5d34b0e6dea8f075e1b8,106
target_centrality,T:291920,0.0,performing_municipio,A,pooled,aim3_target_metrics_v2.parquet,374e15163c404aa19bf8453d170490862689d4b0db1c5d34b0e6dea8f075e1b8,14
target_centrality,T:292740,2495203.0,performing_municipio,A,pooled,aim3_target_metrics_v2.parquet,374e15163c404aa19bf8453d170490862689d4b0db1c5d34b0e6dea8f075e1b8,4033
target_centrality,T:293135,385354.5,performing_municipio,A,pooled,aim3_target_metrics_v2.parquet,374e15163c404aa19bf8453d170490862689d4b0db1c5d34b0e6dea8f075e1b8,191
target_centrality,T:293330,28106.5,performing_municipio,A,pooled,aim3_target_metrics_v2.parquet,374e15163c404aa19bf8453d170490862689d4b0db1c5d34b0e6dea8f075e1b8,78
target_centrality,T:310160,96154.5,performing_municipio,A,pooled,aim3_target_metrics_v2.parquet,374e15163c404aa19bf8453d170490862689d4b0db1c5d34b0e6dea8f075e1b8,170
target_centrality,T:310350,9366.0,performing_municipio,A,pooled,aim3_target_metrics_v2.parquet,374e15163c404aa19bf8453d170490862689d4b0db1c5d34b0e6dea8f075e1b8,108
target_centrality,T:310560,0.0,performing_municipio,A,pooled,aim3_target_metrics_v2.parquet,374e15163c404aa19bf8453d170490862689d4b0db1c5d34b0e6dea8f075e1b8,<5
target_centrality,T:310620,2145249.0,performing_municipio,A,pooled,aim3_target_metrics_v2.parquet,374e15163c404aa19bf8453d170490862689d4b0db1c5d34b0e6dea8f075e1b8,4212
target_centrality,T:310900,0.0,performing_municipio,A,pooled,aim3_target_metrics_v2.parquet,374e15163c404aa19bf8453d170490862689d4b0db1c5d34b0e6dea8f075e1b8,13
target_centrality,T:312770,144867.5,performing_municipio,A,pooled,aim3_target_metrics_v2.parquet,374e15163c404aa19bf8453d170490862689d4b0db1c5d34b0e6dea8f075e1b8,247
target_centrality,T:313130,0.0,performing_municipio,A,pooled,aim3_target_metrics_v2.parquet,374e15163c404aa19bf8453d170490862689d4b0db1c5d34b0e6dea8f075e1b8,<5
target_centrality,T:313240,14513.0,performing_municipio,A,pooled,aim3_target_metrics_v2.parquet,374e15163c404aa19bf8453d170490862689d4b0db1c5d34b0e6dea8f075e1b8,20
target_centrality,T:313380,4683.0,performing_municipio,A,pooled,aim3_target_metrics_v2.parquet,374e15163c404aa19bf8453d170490862689d4b0db1c5d34b0e6dea8f075e1b8,15
target_centrality,T:313510,0.0,performing_municipio,A,pooled,aim3_target_metrics_v2.parquet,374e15163c404aa19bf8453d170490862689d4b0db1c5d34b0e6dea8f075e1b8,6
target_centrality,T:313670,232813.0,performing_municipio,A,pooled,aim3_target_metrics_v2.parquet,374e15163c404aa19bf8453d170490862689d4b0db1c5d34b0e6dea8f075e1b8,598
target_centrality,T:314330,276458.0,performing_municipio,A,pooled,aim3_target_metrics_v2.parquet,374e15163c404aa19bf8453d170490862689d4b0db1c5d34b0e6dea8f075e1b8,386
target_centrality,T:314390,251471.0,performing_municipio,A,pooled,aim3_target_metrics_v2.parquet,374e15163c404aa19bf8453d170490862689d4b0db1c5d34b0e6dea8f075e1b8,213
target_centrality,T:314560,0.0,performing_municipio,A,pooled,aim3_target_metrics_v2.parquet,374e15163c404aa19bf8453d170490862689d4b0db1c5d34b0e6dea8f075e1b8,<5
target_centrality,T:314610,0.0,performing_municipio,A,pooled,aim3_target_metrics_v2.parquet,374e15163c404aa19bf8453d170490862689d4b0db1c5d34b0e6dea8f075e1b8,<5
target_centrality,T:314700,1.0,performing_municipio,A,pooled,aim3_target_metrics_v2.parquet,374e15163c404aa19bf8453d170490862689d4b0db1c5d34b0e6dea8f075e1b8,13
target_centrality,T:314790,135524.5,performing_municipio,A,pooled,aim3_target_metrics_v2.parquet,374e15163c404aa19bf8453d170490862689d4b0db1c5d34b0e6dea8f075e1b8,240
target_centrality,T:314800,4683.0,performing_municipio,A,pooled,aim3_target_metrics_v2.parquet,374e15163c404aa19bf8453d170490862689d4b0db1c5d34b0e6dea8f075e1b8,<5
target_centrality,T:315120,0.0,performing_municipio,A,pooled,aim3_target_metrics_v2.parquet,374e15163c404aa19bf8453d170490862689d4b0db1c5d34b0e6dea8f075e1b8,6
target_centrality,T:315150,0.0,performing_municipio,A,pooled,aim3_target_metrics_v2.parquet,374e15163c404aa19bf8453d170490862689d4b0db1c5d34b0e6dea8f075e1b8,<5
target_centrality,T:315180,0.0,performing_municipio,A,pooled,aim3_target_metrics_v2.parquet,374e15163c404aa19bf8453d170490862689d4b0db1c5d34b0e6dea8f075e1b8,78
target_centrality,T:315250,151023.0,performing_municipio,A,pooled,aim3_target_metrics_v2.parquet,374e15163c404aa19bf8453d170490862689d4b0db1c5d34b0e6dea8f075e1b8,404
target_centrality,T:315990,0.0,performing_municipio,A,pooled,aim3_target_metrics_v2.parquet,374e15163c404aa19bf8453d170490862689d4b0db1c5d34b0e6dea8f075e1b8,<5
target_centrality,T:316720,28090.0,performing_municipio,A,pooled,aim3_target_metrics_v2.parquet,374e15163c404aa19bf8453d170490862689d4b0db1c5d34b0e6dea8f075e1b8,103
target_centrality,T:316860,4683.0,performing_municipio,A,pooled,aim3_target_metrics_v2.parquet,374e15163c404aa19bf8453d170490862689d4b0db1c5d34b0e6dea8f075e1b8,<5
target_centrality,T:316990,14151.5,performing_municipio,A,pooled,aim3_target_metrics_v2.parquet,374e15163c404aa19bf8453d170490862689d4b0db1c5d34b0e6dea8f075e1b8,28
target_centrality,T:317010,4685.5,performing_municipio,A,pooled,aim3_target_metrics_v2.parquet,374e15163c404aa19bf8453d170490862689d4b0db1c5d34b0e6dea8f075e1b8,25
target_centrality,T:317020,114890.0,performing_municipio,A,pooled,aim3_target_metrics_v2.parquet,374e15163c404aa19bf8453d170490862689d4b0db1c5d34b0e6dea8f075e1b8,1306
target_centrality,T:317070,65590.0,performing_municipio,A,pooled,aim3_target_metrics_v2.parquet,374e15163c404aa19bf8453d170490862689d4b0db1c5d34b0e6dea8f075e1b8,88
target_centrality,T:320120,108757.0,performing_municipio,A,pooled,aim3_target_metrics_v2.parquet,374e15163c404aa19bf8453d170490862689d4b0db1c5d34b0e6dea8f075e1b8,384
target_centrality,T:320130,5678.0,performing_municipio,A,pooled,aim3_target_metrics_v2.parquet,374e15163c404aa19bf8453d170490862689d4b0db1c5d34b0e6dea8f075e1b8,46
target_centrality,T:320480,9365.0,performing_municipio,A,pooled,aim3_target_metrics_v2.parquet,374e15163c404aa19bf8453d170490862689d4b0db1c5d34b0e6dea8f075e1b8,19
target_centrality,T:320500,16354.0,performing_municipio,A,pooled,aim3_target_metrics_v2.parquet,374e15163c404aa19bf8453d170490862689d4b0db1c5d34b0e6dea8f075e1b8,567
target_centrality,T:320520,117934.0,performing_municipio,A,pooled,aim3_target_metrics_v2.parquet,374e15163c404aa19bf8453d170490862689d4b0db1c5d34b0e6dea8f075e1b8,115
target_centrality,T:320530,302374.0,performing_municipio,A,pooled,aim3_target_metrics_v2.parquet,374e15163c404aa19bf8453d170490862689d4b0db1c5d34b0e6dea8f075e1b8,842
target_centrality,T:330010,0.0,performing_municipio,A,pooled,aim3_target_metrics_v2.parquet,374e15163c404aa19bf8453d170490862689d4b0db1c5d34b0e6dea8f075e1b8,<5
target_centrality,T:330060,9365.0,performing_municipio,A,pooled,aim3_target_metrics_v2.parquet,374e15163c404aa19bf8453d170490862689d4b0db1c5d34b0e6dea8f075e1b8,27
target_centrality,T:330070,0.0,performing_municipio,A,pooled,aim3_target_metrics_v2.parquet,374e15163c404aa19bf8453d170490862689d4b0db1c5d34b0e6dea8f075e1b8,23
target_centrality,T:330100,9365.0,performing_municipio,A,pooled,aim3_target_metrics_v2.parquet,374e15163c404aa19bf8453d170490862689d4b0db1c5d34b0e6dea8f075e1b8,159
target_centrality,T:330170,0.0,performing_municipio,A,pooled,aim3_target_metrics_v2.parquet,374e15163c404aa19bf8453d170490862689d4b0db1c5d34b0e6dea8f075e1b8,165
target_centrality,T:330220,9365.0,performing_municipio,A,pooled,aim3_target_metrics_v2.parquet,374e15163c404aa19bf8453d170490862689d4b0db1c5d34b0e6dea8f075e1b8,30
target_centrality,T:330240,14046.0,performing_municipio,A,pooled,aim3_target_metrics_v2.parquet,374e15163c404aa19bf8453d170490862689d4b0db1c5d34b0e6dea8f075e1b8,165
target_centrality,T:330330,0.0,performing_municipio,A,pooled,aim3_target_metrics_v2.parquet,374e15163c404aa19bf8453d170490862689d4b0db1c5d34b0e6dea8f075e1b8,162
target_centrality,T:330340,0.0,performing_municipio,A,pooled,aim3_target_metrics_v2.parquet,374e15163c404aa19bf8453d170490862689d4b0db1c5d34b0e6dea8f075e1b8,<5
target_centrality,T:330350,9368.0,performing_municipio,A,pooled,aim3_target_metrics_v2.parquet,374e15163c404aa19bf8453d170490862689d4b0db1c5d34b0e6dea8f075e1b8,511
target_centrality,T:330390,4683.0,performing_municipio,A,pooled,aim3_target_metrics_v2.parquet,374e15163c404aa19bf8453d170490862689d4b0db1c5d34b0e6dea8f075e1b8,351
target_centrality,T:330452,0.0,performing_municipio,A,pooled,aim3_target_metrics_v2.parquet,374e15163c404aa19bf8453d170490862689d4b0db1c5d34b0e6dea8f075e1b8,<5
target_centrality,T:330455,807110.5,performing_municipio,A,pooled,aim3_target_metrics_v2.parquet,374e15163c404aa19bf8453d170490862689d4b0db1c5d34b0e6dea8f075e1b8,2789
target_centrality,T:330490,527631.0,performing_municipio,A,pooled,aim3_target_metrics_v2.parquet,374e15163c404aa19bf8453d170490862689d4b0db1c5d34b0e6dea8f075e1b8,854
target_centrality,T:330550,0.0,performing_municipio,A,pooled,aim3_target_metrics_v2.parquet,374e15163c404aa19bf8453d170490862689d4b0db1c5d34b0e6dea8f075e1b8,<5
target_centrality,T:330630,726313.5,performing_municipio,A,pooled,aim3_target_metrics_v2.parquet,374e15163c404aa19bf8453d170490862689d4b0db1c5d34b0e6dea8f075e1b8,1844
target_centrality,T:350280,37441.0,performing_municipio,A,pooled,aim3_target_metrics_v2.parquet,374e15163c404aa19bf8453d170490862689d4b0db1c5d34b0e6dea8f075e1b8,76
target_centrality,T:350320,25218.0,performing_municipio,A,pooled,aim3_target_metrics_v2.parquet,374e15163c404aa19bf8453d170490862689d4b0db1c5d34b0e6dea8f075e1b8,74
target_centrality,T:350330,4661.0,performing_municipio,A,pooled,aim3_target_metrics_v2.parquet,374e15163c404aa19bf8453d170490862689d4b0db1c5d34b0e6dea8f075e1b8,54
target_centrality,T:350400,86835.0,performing_municipio,A,pooled,aim3_target_metrics_v2.parquet,374e15163c404aa19bf8453d170490862689d4b0db1c5d34b0e6dea8f075e1b8,208
target_centrality,T:350550,3995241.5,performing_municipio,A,pooled,aim3_target_metrics_v2.parquet,374e15163c404aa19bf8453d170490862689d4b0db1c5d34b0e6dea8f075e1b8,989
target_centrality,T:350570,1.0,performing_municipio,A,pooled,aim3_target_metrics_v2.parquet,374e15163c404aa19bf8453d170490862689d4b0db1c5d34b0e6dea8f075e1b8,248
target_centrality,T:350600,193220.5,performing_municipio,A,pooled,aim3_target_metrics_v2.parquet,374e15163c404aa19bf8453d170490862689d4b0db1c5d34b0e6dea8f075e1b8,539
target_centrality,T:350750,125221.0,performing_municipio,A,pooled,aim3_target_metrics_v2.parquet,374e15163c404aa19bf8453d170490862689d4b0db1c5d34b0e6dea8f075e1b8,364
target_centrality,T:350760,45982.0,performing_municipio,A,pooled,aim3_target_metrics_v2.parquet,374e15163c404aa19bf8453d170490862689d4b0db1c5d34b0e6dea8f075e1b8,358
target_centrality,T:350950,266844.0,performing_municipio,A,pooled,aim3_target_metrics_v2.parquet,374e15163c404aa19bf8453d170490862689d4b0db1c5d34b0e6dea8f075e1b8,1071
target_centrality,T:351050,4682.0,performing_municipio,A,pooled,aim3_target_metrics_v2.parquet,374e15163c404aa19bf8453d170490862689d4b0db1c5d34b0e6dea8f075e1b8,63
target_centrality,T:351060,0.0,performing_municipio,A,pooled,aim3_target_metrics_v2.parquet,374e15163c404aa19bf8453d170490862689d4b0db1c5d34b0e6dea8f075e1b8,89
target_centrality,T:351110,62506.0,performing_municipio,A,pooled,aim3_target_metrics_v2.parquet,374e15163c404aa19bf8453d170490862689d4b0db1c5d34b0e6dea8f075e1b8,212
target_centrality,T:351340,32711.0,performing_municipio,A,pooled,aim3_target_metrics_v2.parquet,374e15163c404aa19bf8453d170490862689d4b0db1c5d34b0e6dea8f075e1b8,133
target_centrality,T:351380,0.0,performing_municipio,A,pooled,aim3_target_metrics_v2.parquet,374e15163c404aa19bf8453d170490862689d4b0db1c5d34b0e6dea8f075e1b8,<5
target_centrality,T:351620,243625.0,performing_municipio,A,pooled,aim3_target_metrics_v2.parquet,374e15163c404aa19bf8453d170490862689d4b0db1c5d34b0e6dea8f075e1b8,360
target_centrality,T:351640,13917.0,performing_municipio,A,pooled,aim3_target_metrics_v2.parquet,374e15163c404aa19bf8453d170490862689d4b0db1c5d34b0e6dea8f075e1b8,283
target_centrality,T:351840,0.0,performing_municipio,A,pooled,aim3_target_metrics_v2.parquet,374e15163c404aa19bf8453d170490862689d4b0db1c5d34b0e6dea8f075e1b8,16
target_centrality,T:351880,4235.0,performing_municipio,A,pooled,aim3_target_metrics_v2.parquet,374e15163c404aa19bf8453d170490862689d4b0db1c5d34b0e6dea8f075e1b8,475
target_centrality,T:352220,9366.0,performing_municipio,A,pooled,aim3_target_metrics_v2.parquet,374e15163c404aa19bf8453d170490862689d4b0db1c5d34b0e6dea8f075e1b8,253
target_centrality,T:352310,3146.0,performing_municipio,A,pooled,aim3_target_metrics_v2.parquet,374e15163c404aa19bf8453d170490862689d4b0db1c5d34b0e6dea8f075e1b8,200
target_centrality,T:352340,0.0,performing_municipio,A,pooled,aim3_target_metrics_v2.parquet,374e15163c404aa19bf8453d170490862689d4b0db1c5d34b0e6dea8f075e1b8,<5
target_centrality,T:352390,0.0,performing_municipio,A,pooled,aim3_target_metrics_v2.parquet,374e15163c404aa19bf8453d170490862689d4b0db1c5d34b0e6dea8f075e1b8,39
target_centrality,T:352440,4684.0,performing_municipio,A,pooled,aim3_target_metrics_v2.parquet,374e15163c404aa19bf8453d170490862689d4b0db1c5d34b0e6dea8f075e1b8,145
target_centrality,T:352480,13844.5,performing_municipio,A,pooled,aim3_target_metrics_v2.parquet,374e15163c404aa19bf8453d170490862689d4b0db1c5d34b0e6dea8f075e1b8,87
target_centrality,T:352530,109562.0,performing_municipio,A,pooled,aim3_target_metrics_v2.parquet,374e15163c404aa19bf8453d170490862689d4b0db1c5d34b0e6dea8f075e1b8,317
target_centrality,T:352590,41121.0,performing_municipio,A,pooled,aim3_target_metrics_v2.parquet,374e15163c404aa19bf8453d170490862689d4b0db1c5d34b0e6dea8f075e1b8,1197
target_centrality,T:352690,11346.0,performing_municipio,A,pooled,aim3_target_metrics_v2.parquet,374e15163c404aa19bf8453d170490862689d4b0db1c5d34b0e6dea8f075e1b8,389
target_centrality,T:352720,4683.0,performing_municipio,A,pooled,aim3_target_metrics_v2.parquet,374e15163c404aa19bf8453d170490862689d4b0db1c5d34b0e6dea8f075e1b8,32
target_centrality,T:352730,0.0,performing_municipio,A,pooled,aim3_target_metrics_v2.parquet,374e15163c404aa19bf8453d170490862689d4b0db1c5d34b0e6dea8f075e1b8,18
target_centrality,T:352900,113923.5,performing_municipio,A,pooled,aim3_target_metrics_v2.parquet,374e15163c404aa19bf8453d170490862689d4b0db1c5d34b0e6dea8f075e1b8,215
target_centrality,T:353060,9365.0,performing_municipio,A,pooled,aim3_target_metrics_v2.parquet,374e15163c404aa19bf8453d170490862689d4b0db1c5d34b0e6dea8f075e1b8,62
target_centrality,T:353440,0.0,performing_municipio,A,pooled,aim3_target_metrics_v2.parquet,374e15163c404aa19bf8453d170490862689d4b0db1c5d34b0e6dea8f075e1b8,77
target_centrality,T:353470,0.0,performing_municipio,A,pooled,aim3_target_metrics_v2.parquet,374e15163c404aa19bf8453d170490862689d4b0db1c5d34b0e6dea8f075e1b8,<5
target_centrality,T:353870,86882.0,performing_municipio,A,pooled,aim3_target_metrics_v2.parquet,374e15163c404aa19bf8453d170490862689d4b0db1c5d34b0e6dea8f075e1b8,487
target_centrality,T:354140,199459.0,performing_municipio,A,pooled,aim3_target_metrics_v2.parquet,374e15163c404aa19bf8453d170490862689d4b0db1c5d34b0e6dea8f075e1b8,717
target_centrality,T:354260,65108.0,performing_municipio,A,pooled,aim3_target_metrics_v2.parquet,374e15163c404aa19bf8453d170490862689d4b0db1c5d34b0e6dea8f075e1b8,176
target_centrality,T:354340,328599.0,performing_municipio,A,pooled,aim3_target_metrics_v2.parquet,374e15163c404aa19bf8453d170490862689d4b0db1c5d34b0e6dea8f075e1b8,814
target_centrality,T:354780,0.0,performing_municipio,A,pooled,aim3_target_metrics_v2.parquet,374e15163c404aa19bf8453d170490862689d4b0db1c5d34b0e6dea8f075e1b8,<5
target_centrality,T:354850,9368.0,performing_municipio,A,pooled,aim3_target_metrics_v2.parquet,374e15163c404aa19bf8453d170490862689d4b0db1c5d34b0e6dea8f075e1b8,554
target_centrality,T:354870,374.0,performing_municipio,A,pooled,aim3_target_metrics_v2.parquet,374e15163c404aa19bf8453d170490862689d4b0db1c5d34b0e6dea8f075e1b8,632
target_centrality,T:354880,0.0,performing_municipio,A,pooled,aim3_target_metrics_v2.parquet,374e15163c404aa19bf8453d170490862689d4b0db1c5d34b0e6dea8f075e1b8,74
target_centrality,T:354890,26593.0,performing_municipio,A,pooled,aim3_target_metrics_v2.parquet,374e15163c404aa19bf8453d170490862689d4b0db1c5d34b0e6dea8f075e1b8,136
target_centrality,T:354940,0.0,performing_municipio,A,pooled,aim3_target_metrics_v2.parquet,374e15163c404aa19bf8453d170490862689d4b0db1c5d34b0e6dea8f075e1b8,<5
target_centrality,T:354980,1208944.5,performing_municipio,A,pooled,aim3_target_metrics_v2.parquet,374e15163c404aa19bf8453d170490862689d4b0db1c5d34b0e6dea8f075e1b8,2356
target_centrality,T:354990,86901.5,performing_municipio,A,pooled,aim3_target_metrics_v2.parquet,374e15163c404aa19bf8453d170490862689d4b0db1c5d34b0e6dea8f075e1b8,492
target_centrality,T:355030,3066308.0,performing_municipio,A,pooled,aim3_target_metrics_v2.parquet,374e15163c404aa19bf8453d170490862689d4b0db1c5d34b0e6dea8f075e1b8,6694
target_centrality,T:355220,602503.0,performing_municipio,A,pooled,aim3_target_metrics_v2.parquet,374e15163c404aa19bf8453d170490862689d4b0db1c5d34b0e6dea8f075e1b8,1181
target_centrality,T:355280,1.0,performing_municipio,A,pooled,aim3_target_metrics_v2.parquet,374e15163c404aa19bf8453d170490862689d4b0db1c5d34b0e6dea8f075e1b8,262
target_centrality,T:355410,45957.5,performing_municipio,A,pooled,aim3_target_metrics_v2.parquet,374e15163c404aa19bf8453d170490862689d4b0db1c5d34b0e6dea8f075e1b8,355
target_centrality,T:355710,32762.5,performing_municipio,A,pooled,aim3_target_metrics_v2.parquet,374e15163c404aa19bf8453d170490862689d4b0db1c5d34b0e6dea8f075e1b8,145
target_centrality,T:410140,44454.5,performing_municipio,A,pooled,aim3_target_metrics_v2.parquet,374e15163c404aa19bf8453d170490862689d4b0db1c5d34b0e6dea8f075e1b8,152
target_centrality,T:410150,65723.0,performing_municipio,A,pooled,aim3_target_metrics_v2.parquet,374e15163c404aa19bf8453d170490862689d4b0db1c5d34b0e6dea8f075e1b8,257
target_centrality,T:410200,0.0,performing_municipio,A,pooled,aim3_target_metrics_v2.parquet,374e15163c404aa19bf8453d170490862689d4b0db1c5d34b0e6dea8f075e1b8,<5
target_centrality,T:410400,390057.0,performing_municipio,A,pooled,aim3_target_metrics_v2.parquet,374e15163c404aa19bf8453d170490862689d4b0db1c5d34b0e6dea8f075e1b8,218
target_centrality,T:410420,0.0,performing_municipio,A,pooled,aim3_target_metrics_v2.parquet,374e15163c404aa19bf8453d170490862689d4b0db1c5d34b0e6dea8f075e1b8,17
target_centrality,T:410430,105714.0,performing_municipio,A,pooled,aim3_target_metrics_v2.parquet,374e15163c404aa19bf8453d170490862689d4b0db1c5d34b0e6dea8f075e1b8,246
target_centrality,T:410480,349697.5,performing_municipio,A,pooled,aim3_target_metrics_v2.parquet,374e15163c404aa19bf8453d170490862689d4b0db1c5d34b0e6dea8f075e1b8,744
target_centrality,T:410590,28085.5,performing_municipio,A,pooled,aim3_target_metrics_v2.parquet,374e15163c404aa19bf8453d170490862689d4b0db1c5d34b0e6dea8f075e1b8,31
target_centrality,T:410690,616587.0,performing_municipio,A,pooled,aim3_target_metrics_v2.parquet,374e15163c404aa19bf8453d170490862689d4b0db1c5d34b0e6dea8f075e1b8,1402
target_centrality,T:410830,28052.0,performing_municipio,A,pooled,aim3_target_metrics_v2.parquet,374e15163c404aa19bf8453d170490862689d4b0db1c5d34b0e6dea8f075e1b8,280
target_centrality,T:411370,338311.5,performing_municipio,A,pooled,aim3_target_metrics_v2.parquet,374e15163c404aa19bf8453d170490862689d4b0db1c5d34b0e6dea8f075e1b8,954
target_centrality,T:411520,579081.5,performing_municipio,A,pooled,aim3_target_metrics_v2.parquet,374e15163c404aa19bf8453d170490862689d4b0db1c5d34b0e6dea8f075e1b8,632
target_centrality,T:411990,118243.0,performing_municipio,A,pooled,aim3_target_metrics_v2.parquet,374e15163c404aa19bf8453d170490862689d4b0db1c5d34b0e6dea8f075e1b8,517
target_centrality,T:412550,0.0,performing_municipio,A,pooled,aim3_target_metrics_v2.parquet,374e15163c404aa19bf8453d170490862689d4b0db1c5d34b0e6dea8f075e1b8,35
target_centrality,T:412625,0.0,performing_municipio,A,pooled,aim3_target_metrics_v2.parquet,374e15163c404aa19bf8453d170490862689d4b0db1c5d34b0e6dea8f075e1b8,<5
target_centrality,T:412770,29954.5,performing_municipio,A,pooled,aim3_target_metrics_v2.parquet,374e15163c404aa19bf8453d170490862689d4b0db1c5d34b0e6dea8f075e1b8,90
target_centrality,T:412810,4902.0,performing_municipio,A,pooled,aim3_target_metrics_v2.parquet,374e15163c404aa19bf8453d170490862689d4b0db1c5d34b0e6dea8f075e1b8,6
target_centrality,T:420240,26945.0,performing_municipio,A,pooled,aim3_target_metrics_v2.parquet,374e15163c404aa19bf8453d170490862689d4b0db1c5d34b0e6dea8f075e1b8,188
target_centrality,T:420290,451553.3333333333,performing_municipio,A,pooled,aim3_target_metrics_v2.parquet,374e15163c404aa19bf8453d170490862689d4b0db1c5d34b0e6dea8f075e1b8,499
target_centrality,T:420300,428583.3333333333,performing_municipio,A,pooled,aim3_target_metrics_v2.parquet,374e15163c404aa19bf8453d170490862689d4b0db1c5d34b0e6dea8f075e1b8,403
target_centrality,T:420420,0.0,performing_municipio,A,pooled,aim3_target_metrics_v2.parquet,374e15163c404aa19bf8453d170490862689d4b0db1c5d34b0e6dea8f075e1b8,<5
target_centrality,T:420460,43664.0,performing_municipio,A,pooled,aim3_target_metrics_v2.parquet,374e15163c404aa19bf8453d170490862689d4b0db1c5d34b0e6dea8f075e1b8,120
target_centrality,T:420540,781681.5,performing_municipio,A,pooled,aim3_target_metrics_v2.parquet,374e15163c404aa19bf8453d170490862689d4b0db1c5d34b0e6dea8f075e1b8,932
target_centrality,T:420890,9367.0,performing_municipio,A,pooled,aim3_target_metrics_v2.parquet,374e15163c404aa19bf8453d170490862689d4b0db1c5d34b0e6dea8f075e1b8,34
target_centrality,T:420900,107367.0,performing_municipio,A,pooled,aim3_target_metrics_v2.parquet,374e15163c404aa19bf8453d170490862689d4b0db1c5d34b0e6dea8f075e1b8,349
target_centrality,T:420910,41702.0,performing_municipio,A,pooled,aim3_target_metrics_v2.parquet,374e15163c404aa19bf8453d170490862689d4b0db1c5d34b0e6dea8f075e1b8,512
target_centrality,T:420930,47479.5,performing_municipio,A,pooled,aim3_target_metrics_v2.parquet,374e15163c404aa19bf8453d170490862689d4b0db1c5d34b0e6dea8f075e1b8,95
target_centrality,T:421010,121604.0,performing_municipio,A,pooled,aim3_target_metrics_v2.parquet,374e15163c404aa19bf8453d170490862689d4b0db1c5d34b0e6dea8f075e1b8,251
target_centrality,T:421480,1.0,performing_municipio,A,pooled,aim3_target_metrics_v2.parquet,374e15163c404aa19bf8453d170490862689d4b0db1c5d34b0e6dea8f075e1b8,<5
target_centrality,T:421660,4684.5,performing_municipio,A,pooled,aim3_target_metrics_v2.parquet,374e15163c404aa19bf8453d170490862689d4b0db1c5d34b0e6dea8f075e1b8,76
target_centrality,T:421720,174770.3333333333,performing_municipio,A,pooled,aim3_target_metrics_v2.parquet,374e15163c404aa19bf8453d170490862689d4b0db1c5d34b0e6dea8f075e1b8,219
target_centrality,T:421770,28090.5,performing_municipio,A,pooled,aim3_target_metrics_v2.parquet,374e15163c404aa19bf8453d170490862689d4b0db1c5d34b0e6dea8f075e1b8,53
target_centrality,T:421870,23406.0,performing_municipio,A,pooled,aim3_target_metrics_v2.parquet,374e15163c404aa19bf8453d170490862689d4b0db1c5d34b0e6dea8f075e1b8,37
target_centrality,T:430210,4683.0,performing_municipio,A,pooled,aim3_target_metrics_v2.parquet,374e15163c404aa19bf8453d170490862689d4b0db1c5d34b0e6dea8f075e1b8,11
target_centrality,T:430460,4683.0,performing_municipio,A,pooled,aim3_target_metrics_v2.parquet,374e15163c404aa19bf8453d170490862689d4b0db1c5d34b0e6dea8f075e1b8,120
target_centrality,T:430510,268916.0,performing_municipio,A,pooled,aim3_target_metrics_v2.parquet,374e15163c404aa19bf8453d170490862689d4b0db1c5d34b0e6dea8f075e1b8,503
target_centrality,T:430700,42369.0,performing_municipio,A,pooled,aim3_target_metrics_v2.parquet,374e15163c404aa19bf8453d170490862689d4b0db1c5d34b0e6dea8f075e1b8,34
target_centrality,T:430800,32745.0,performing_municipio,A,pooled,aim3_target_metrics_v2.parquet,374e15163c404aa19bf8453d170490862689d4b0db1c5d34b0e6dea8f075e1b8,72
target_centrality,T:430860,109022.5,performing_municipio,A,pooled,aim3_target_metrics_v2.parquet,374e15163c404aa19bf8453d170490862689d4b0db1c5d34b0e6dea8f075e1b8,217
target_centrality,T:431020,87913.16666666666,performing_municipio,A,pooled,aim3_target_metrics_v2.parquet,374e15163c404aa19bf8453d170490862689d4b0db1c5d34b0e6dea8f075e1b8,127
target_centrality,T:431350,0.0,performing_municipio,A,pooled,aim3_target_metrics_v2.parquet,374e15163c404aa19bf8453d170490862689d4b0db1c5d34b0e6dea8f075e1b8,8
target_centrality,T:431405,173911.1666666667,performing_municipio,A,pooled,aim3_target_metrics_v2.parquet,374e15163c404aa19bf8453d170490862689d4b0db1c5d34b0e6dea8f075e1b8,522
target_centrality,T:431410,182253.5,performing_municipio,A,pooled,aim3_target_metrics_v2.parquet,374e15163c404aa19bf8453d170490862689d4b0db1c5d34b0e6dea8f075e1b8,345
target_centrality,T:431440,14054.333333333332,performing_municipio,A,pooled,aim3_target_metrics_v2.parquet,374e15163c404aa19bf8453d170490862689d4b0db1c5d34b0e6dea8f075e1b8,132
target_centrality,T:431490,1259954.6666666665,performing_municipio,A,pooled,aim3_target_metrics_v2.parquet,374e15163c404aa19bf8453d170490862689d4b0db1c5d34b0e6dea8f075e1b8,3083
target_centrality,T:431530,0.0,performing_municipio,A,pooled,aim3_target_metrics_v2.parquet,374e15163c404aa19bf8453d170490862689d4b0db1c5d34b0e6dea8f075e1b8,<5
target_centrality,T:431560,9366.0,performing_municipio,A,pooled,aim3_target_metrics_v2.parquet,374e15163c404aa19bf8453d170490862689d4b0db1c5d34b0e6dea8f075e1b8,68
target_centrality,T:431680,0.0,performing_municipio,A,pooled,aim3_target_metrics_v2.parquet,374e15163c404aa19bf8453d170490862689d4b0db1c5d34b0e6dea8f075e1b8,91
target_centrality,T:431690,642738.6666666667,performing_municipio,A,pooled,aim3_target_metrics_v2.parquet,374e15163c404aa19bf8453d170490862689d4b0db1c5d34b0e6dea8f075e1b8,1257
target_centrality,T:431750,1.0,performing_municipio,A,pooled,aim3_target_metrics_v2.parquet,374e15163c404aa19bf8453d170490862689d4b0db1c5d34b0e6dea8f075e1b8,7
target_centrality,T:431870,0.0,performing_municipio,A,pooled,aim3_target_metrics_v2.parquet,374e15163c404aa19bf8453d170490862689d4b0db1c5d34b0e6dea8f075e1b8,<5
target_centrality,T:500270,56518.0,performing_municipio,A,pooled,aim3_target_metrics_v2.parquet,374e15163c404aa19bf8453d170490862689d4b0db1c5d34b0e6dea8f075e1b8,786
target_centrality,T:500370,0.5,performing_municipio,A,pooled,aim3_target_metrics_v2.parquet,374e15163c404aa19bf8453d170490862689d4b0db1c5d34b0e6dea8f075e1b8,74
target_centrality,T:500660,629507.0,performing_municipio,A,pooled,aim3_target_metrics_v2.parquet,374e15163c404aa19bf8453d170490862689d4b0db1c5d34b0e6dea8f075e1b8,860
target_centrality,T:500830,74756.5,performing_municipio,A,pooled,aim3_target_metrics_v2.parquet,374e15163c404aa19bf8453d170490862689d4b0db1c5d34b0e6dea8f075e1b8,389
target_centrality,T:510180,0.0,performing_municipio,A,pooled,aim3_target_metrics_v2.parquet,374e15163c404aa19bf8453d170490862689d4b0db1c5d34b0e6dea8f075e1b8,<5
target_centrality,T:510340,562284.5,performing_municipio,A,pooled,aim3_target_metrics_v2.parquet,374e15163c404aa19bf8453d170490862689d4b0db1c5d34b0e6dea8f075e1b8,505
target_centrality,T:510525,0.0,performing_municipio,A,pooled,aim3_target_metrics_v2.parquet,374e15163c404aa19bf8453d170490862689d4b0db1c5d34b0e6dea8f075e1b8,57
target_centrality,T:510704,0.0,performing_municipio,A,pooled,aim3_target_metrics_v2.parquet,374e15163c404aa19bf8453d170490862689d4b0db1c5d34b0e6dea8f075e1b8,7
target_centrality,T:510760,9367.5,performing_municipio,A,pooled,aim3_target_metrics_v2.parquet,374e15163c404aa19bf8453d170490862689d4b0db1c5d34b0e6dea8f075e1b8,121
target_centrality,T:510790,48948.0,performing_municipio,A,pooled,aim3_target_metrics_v2.parquet,374e15163c404aa19bf8453d170490862689d4b0db1c5d34b0e6dea8f075e1b8,136
target_centrality,T:510792,82511.0,performing_municipio,A,pooled,aim3_target_metrics_v2.parquet,374e15163c404aa19bf8453d170490862689d4b0db1c5d34b0e6dea8f075e1b8,163
target_centrality,T:510840,9365.5,performing_municipio,A,pooled,aim3_target_metrics_v2.parquet,374e15163c404aa19bf8453d170490862689d4b0db1c5d34b0e6dea8f075e1b8,44
target_centrality,T:520110,0.0,performing_municipio,A,pooled,aim3_target_metrics_v2.parquet,374e15163c404aa19bf8453d170490862689d4b0db1c5d34b0e6dea8f075e1b8,7
target_centrality,T:520140,0.0,performing_municipio,A,pooled,aim3_target_metrics_v2.parquet,374e15163c404aa19bf8453d170490862689d4b0db1c5d34b0e6dea8f075e1b8,73
target_centrality,T:520870,632587.1666666667,performing_municipio,A,pooled,aim3_target_metrics_v2.parquet,374e15163c404aa19bf8453d170490862689d4b0db1c5d34b0e6dea8f075e1b8,1063
target_centrality,T:521150,165254.8333333333,performing_municipio,A,pooled,aim3_target_metrics_v2.parquet,374e15163c404aa19bf8453d170490862689d4b0db1c5d34b0e6dea8f075e1b8,303
target_centrality,T:521250,0.0,performing_municipio,A,pooled,aim3_target_metrics_v2.parquet,374e15163c404aa19bf8453d170490862689d4b0db1c5d34b0e6dea8f075e1b8,<5
target_centrality,T:521310,0.0,performing_municipio,A,pooled,aim3_target_metrics_v2.parquet,374e15163c404aa19bf8453d170490862689d4b0db1c5d34b0e6dea8f075e1b8,15
target_centrality,T:521880,0.0,performing_municipio,A,pooled,aim3_target_metrics_v2.parquet,374e15163c404aa19bf8453d170490862689d4b0db1c5d34b0e6dea8f075e1b8,155
target_centrality,T:521930,222005.6666666667,performing_municipio,A,pooled,aim3_target_metrics_v2.parquet,374e15163c404aa19bf8453d170490862689d4b0db1c5d34b0e6dea8f075e1b8,590
target_centrality,T:522160,46977.333333333336,performing_municipio,A,pooled,aim3_target_metrics_v2.parquet,374e15163c404aa19bf8453d170490862689d4b0db1c5d34b0e6dea8f075e1b8,96
target_centrality,T:530010,77237.5,performing_municipio,A,pooled,aim3_target_metrics_v2.parquet,374e15163c404aa19bf8453d170490862689d4b0db1c5d34b0e6dea8f075e1b8,1129
target_centrality,T:110020,0.0,performing_municipio,B,2021,aim3_target_metrics_v2.parquet,374e15163c404aa19bf8453d170490862689d4b0db1c5d34b0e6dea8f075e1b8,<5
target_centrality,T:150060,1.0,performing_municipio,B,2021,aim3_target_metrics_v2.parquet,374e15163c404aa19bf8453d170490862689d4b0db1c5d34b0e6dea8f075e1b8,<5
target_centrality,T:150140,6.0,performing_municipio,B,2021,aim3_target_metrics_v2.parquet,374e15163c404aa19bf8453d170490862689d4b0db1c5d34b0e6dea8f075e1b8,7
target_centrality,T:150680,10.0,performing_municipio,B,2021,aim3_target_metrics_v2.parquet,374e15163c404aa19bf8453d170490862689d4b0db1c5d34b0e6dea8f075e1b8,16
target_centrality,T:170210,0.0,performing_municipio,B,2021,aim3_target_metrics_v2.parquet,374e15163c404aa19bf8453d170490862689d4b0db1c5d34b0e6dea8f075e1b8,<5
target_centrality,T:211130,406.0,performing_municipio,B,2021,aim3_target_metrics_v2.parquet,374e15163c404aa19bf8453d170490862689d4b0db1c5d34b0e6dea8f075e1b8,75
target_centrality,T:221100,66.0,performing_municipio,B,2021,aim3_target_metrics_v2.parquet,374e15163c404aa19bf8453d170490862689d4b0db1c5d34b0e6dea8f075e1b8,22
target_centrality,T:230440,3655.0,performing_municipio,B,2021,aim3_target_metrics_v2.parquet,374e15163c404aa19bf8453d170490862689d4b0db1c5d34b0e6dea8f075e1b8,329
target_centrality,T:240310,1045.0,performing_municipio,B,2021,aim3_target_metrics_v2.parquet,374e15163c404aa19bf8453d170490862689d4b0db1c5d34b0e6dea8f075e1b8,109
target_centrality,T:240810,262.0,performing_municipio,B,2021,aim3_target_metrics_v2.parquet,374e15163c404aa19bf8453d170490862689d4b0db1c5d34b0e6dea8f075e1b8,26
target_centrality,T:250750,243.0,performing_municipio,B,2021,aim3_target_metrics_v2.parquet,374e15163c404aa19bf8453d170490862689d4b0db1c5d34b0e6dea8f075e1b8,9
target_centrality,T:260410,1710.0,performing_municipio,B,2021,aim3_target_metrics_v2.parquet,374e15163c404aa19bf8453d170490862689d4b0db1c5d34b0e6dea8f075e1b8,102
target_centrality,T:261160,877.0,performing_municipio,B,2021,aim3_target_metrics_v2.parquet,374e15163c404aa19bf8453d170490862689d4b0db1c5d34b0e6dea8f075e1b8,69
target_centrality,T:280030,21.0,performing_municipio,B,2021,aim3_target_metrics_v2.parquet,374e15163c404aa19bf8453d170490862689d4b0db1c5d34b0e6dea8f075e1b8,7
target_centrality,T:291360,0.0,performing_municipio,B,2021,aim3_target_metrics_v2.parquet,374e15163c404aa19bf8453d170490862689d4b0db1c5d34b0e6dea8f075e1b8,<5
target_centrality,T:291800,163.0,performing_municipio,B,2021,aim3_target_metrics_v2.parquet,374e15163c404aa19bf8453d170490862689d4b0db1c5d34b0e6dea8f075e1b8,12
target_centrality,T:292740,3387.0,performing_municipio,B,2021,aim3_target_metrics_v2.parquet,374e15163c404aa19bf8453d170490862689d4b0db1c5d34b0e6dea8f075e1b8,181
target_centrality,T:310620,638.0,performing_municipio,B,2021,aim3_target_metrics_v2.parquet,374e15163c404aa19bf8453d170490862689d4b0db1c5d34b0e6dea8f075e1b8,131
target_centrality,T:312770,6.0,performing_municipio,B,2021,aim3_target_metrics_v2.parquet,374e15163c404aa19bf8453d170490862689d4b0db1c5d34b0e6dea8f075e1b8,16
target_centrality,T:313670,45.0,performing_municipio,B,2021,aim3_target_metrics_v2.parquet,374e15163c404aa19bf8453d170490862689d4b0db1c5d34b0e6dea8f075e1b8,34
target_centrality,T:314330,3.0,performing_municipio,B,2021,aim3_target_metrics_v2.parquet,374e15163c404aa19bf8453d170490862689d4b0db1c5d34b0e6dea8f075e1b8,5
target_centrality,T:314700,0.0,performing_municipio,B,2021,aim3_target_metrics_v2.parquet,374e15163c404aa19bf8453d170490862689d4b0db1c5d34b0e6dea8f075e1b8,<5
target_centrality,T:314790,1.0,performing_municipio,B,2021,aim3_target_metrics_v2.parquet,374e15163c404aa19bf8453d170490862689d4b0db1c5d34b0e6dea8f075e1b8,<5
target_centrality,T:315250,6.0,performing_municipio,B,2021,aim3_target_metrics_v2.parquet,374e15163c404aa19bf8453d170490862689d4b0db1c5d34b0e6dea8f075e1b8,7
target_centrality,T:317010,0.0,performing_municipio,B,2021,aim3_target_metrics_v2.parquet,374e15163c404aa19bf8453d170490862689d4b0db1c5d34b0e6dea8f075e1b8,<5
target_centrality,T:317020,45.0,performing_municipio,B,2021,aim3_target_metrics_v2.parquet,374e15163c404aa19bf8453d170490862689d4b0db1c5d34b0e6dea8f075e1b8,54
target_centrality,T:320500,14.0,performing_municipio,B,2021,aim3_target_metrics_v2.parquet,374e15163c404aa19bf8453d170490862689d4b0db1c5d34b0e6dea8f075e1b8,14
target_centrality,T:320530,85.0,performing_municipio,B,2021,aim3_target_metrics_v2.parquet,374e15163c404aa19bf8453d170490862689d4b0db1c5d34b0e6dea8f075e1b8,48
target_centrality,T:330330,0.0,performing_municipio,B,2021,aim3_target_metrics_v2.parquet,374e15163c404aa19bf8453d170490862689d4b0db1c5d34b0e6dea8f075e1b8,<5
target_centrality,T:330390,0.0,performing_municipio,B,2021,aim3_target_metrics_v2.parquet,374e15163c404aa19bf8453d170490862689d4b0db1c5d34b0e6dea8f075e1b8,8
target_centrality,T:330455,201.0,performing_municipio,B,2021,aim3_target_metrics_v2.parquet,374e15163c404aa19bf8453d170490862689d4b0db1c5d34b0e6dea8f075e1b8,17
target_centrality,T:350330,0.0,performing_municipio,B,2021,aim3_target_metrics_v2.parquet,374e15163c404aa19bf8453d170490862689d4b0db1c5d34b0e6dea8f075e1b8,<5
target_centrality,T:350400,28.0,performing_municipio,B,2021,aim3_target_metrics_v2.parquet,374e15163c404aa19bf8453d170490862689d4b0db1c5d34b0e6dea8f075e1b8,9
target_centrality,T:350750,36.0,performing_municipio,B,2021,aim3_target_metrics_v2.parquet,374e15163c404aa19bf8453d170490862689d4b0db1c5d34b0e6dea8f075e1b8,23
target_centrality,T:350760,996.0,performing_municipio,B,2021,aim3_target_metrics_v2.parquet,374e15163c404aa19bf8453d170490862689d4b0db1c5d34b0e6dea8f075e1b8,18
target_centrality,T:350950,2646.0,performing_municipio,B,2021,aim3_target_metrics_v2.parquet,374e15163c404aa19bf8453d170490862689d4b0db1c5d34b0e6dea8f075e1b8,54
target_centrality,T:351060,0.0,performing_municipio,B,2021,aim3_target_metrics_v2.parquet,374e15163c404aa19bf8453d170490862689d4b0db1c5d34b0e6dea8f075e1b8,6
target_centrality,T:351110,630.0,performing_municipio,B,2021,aim3_target_metrics_v2.parquet,374e15163c404aa19bf8453d170490862689d4b0db1c5d34b0e6dea8f075e1b8,12
target_centrality,T:351340,6.0,performing_municipio,B,2021,aim3_target_metrics_v2.parquet,374e15163c404aa19bf8453d170490862689d4b0db1c5d34b0e6dea8f075e1b8,8
target_centrality,T:351620,10.0,performing_municipio,B,2021,aim3_target_metrics_v2.parquet,374e15163c404aa19bf8453d170490862689d4b0db1c5d34b0e6dea8f075e1b8,28
target_centrality,T:351640,0.0,performing_municipio,B,2021,aim3_target_metrics_v2.parquet,374e15163c404aa19bf8453d170490862689d4b0db1c5d34b0e6dea8f075e1b8,<5
target_centrality,T:351880,129.0,performing_municipio,B,2021,aim3_target_metrics_v2.parquet,374e15163c404aa19bf8453d170490862689d4b0db1c5d34b0e6dea8f075e1b8,25
target_centrality,T:352220,0.0,performing_municipio,B,2021,aim3_target_metrics_v2.parquet,374e15163c404aa19bf8453d170490862689d4b0db1c5d34b0e6dea8f075e1b8,<5
target_centrality,T:352440,1.0,performing_municipio,B,2021,aim3_target_metrics_v2.parquet,374e15163c404aa19bf8453d170490862689d4b0db1c5d34b0e6dea8f075e1b8,20
target_centrality,T:352530,21.0,performing_municipio,B,2021,aim3_target_metrics_v2.parquet,374e15163c404aa19bf8453d170490862689d4b0db1c5d34b0e6dea8f075e1b8,9
target_centrality,T:352590,15.0,performing_municipio,B,2021,aim3_target_metrics_v2.parquet,374e15163c404aa19bf8453d170490862689d4b0db1c5d34b0e6dea8f075e1b8,15
target_centrality,T:352690,0.0,performing_municipio,B,2021,aim3_target_metrics_v2.parquet,374e15163c404aa19bf8453d170490862689d4b0db1c5d34b0e6dea8f075e1b8,<5
target_centrality,T:353870,10.0,performing_municipio,B,2021,aim3_target_metrics_v2.parquet,374e15163c404aa19bf8453d170490862689d4b0db1c5d34b0e6dea8f075e1b8,21
target_centrality,T:354140,231.0,performing_municipio,B,2021,aim3_target_metrics_v2.parquet,374e15163c404aa19bf8453d170490862689d4b0db1c5d34b0e6dea8f075e1b8,77
target_centrality,T:354340,55.0,performing_municipio,B,2021,aim3_target_metrics_v2.parquet,374e15163c404aa19bf8453d170490862689d4b0db1c5d34b0e6dea8f075e1b8,18
target_centrality,T:354850,128.0,performing_municipio,B,2021,aim3_target_metrics_v2.parquet,374e15163c404aa19bf8453d170490862689d4b0db1c5d34b0e6dea8f075e1b8,9
target_centrality,T:354870,128.0,performing_municipio,B,2021,aim3_target_metrics_v2.parquet,374e15163c404aa19bf8453d170490862689d4b0db1c5d34b0e6dea8f075e1b8,24
target_centrality,T:354980,3579.0,performing_municipio,B,2021,aim3_target_metrics_v2.parquet,374e15163c404aa19bf8453d170490862689d4b0db1c5d34b0e6dea8f075e1b8,65
target_centrality,T:354990,0.0,performing_municipio,B,2021,aim3_target_metrics_v2.parquet,374e15163c404aa19bf8453d170490862689d4b0db1c5d34b0e6dea8f075e1b8,11
target_centrality,T:355030,7168.0,performing_municipio,B,2021,aim3_target_metrics_v2.parquet,374e15163c404aa19bf8453d170490862689d4b0db1c5d34b0e6dea8f075e1b8,227
target_centrality,T:355220,2152.0,performing_municipio,B,2021,aim3_target_metrics_v2.parquet,374e15163c404aa19bf8453d170490862689d4b0db1c5d34b0e6dea8f075e1b8,45
target_centrality,T:355410,15.0,performing_municipio,B,2021,aim3_target_metrics_v2.parquet,374e15163c404aa19bf8453d170490862689d4b0db1c5d34b0e6dea8f075e1b8,22
target_centrality,T:410150,1.0,performing_municipio,B,2021,aim3_target_metrics_v2.parquet,374e15163c404aa19bf8453d170490862689d4b0db1c5d34b0e6dea8f075e1b8,<5
target_centrality,T:410400,54.0,performing_municipio,B,2021,aim3_target_metrics_v2.parquet,374e15163c404aa19bf8453d170490862689d4b0db1c5d34b0e6dea8f075e1b8,6
target_centrality,T:410430,0.0,performing_municipio,B,2021,aim3_target_metrics_v2.parquet,374e15163c404aa19bf8453d170490862689d4b0db1c5d34b0e6dea8f075e1b8,<5
target_centrality,T:410480,15.0,performing_municipio,B,2021,aim3_target_metrics_v2.parquet,374e15163c404aa19bf8453d170490862689d4b0db1c5d34b0e6dea8f075e1b8,15
target_centrality,T:410690,162.0,performing_municipio,B,2021,aim3_target_metrics_v2.parquet,374e15163c404aa19bf8453d170490862689d4b0db1c5d34b0e6dea8f075e1b8,36
target_centrality,T:411370,297.0,performing_municipio,B,2021,aim3_target_metrics_v2.parquet,374e15163c404aa19bf8453d170490862689d4b0db1c5d34b0e6dea8f075e1b8,81
target_centrality,T:411520,10.0,performing_municipio,B,2021,aim3_target_metrics_v2.parquet,374e15163c404aa19bf8453d170490862689d4b0db1c5d34b0e6dea8f075e1b8,13
target_centrality,T:411990,105.0,performing_municipio,B,2021,aim3_target_metrics_v2.parquet,374e15163c404aa19bf8453d170490862689d4b0db1c5d34b0e6dea8f075e1b8,29
target_centrality,T:420460,1.0,performing_municipio,B,2021,aim3_target_metrics_v2.parquet,374e15163c404aa19bf8453d170490862689d4b0db1c5d34b0e6dea8f075e1b8,<5
target_centrality,T:420540,75.0,performing_municipio,B,2021,aim3_target_metrics_v2.parquet,374e15163c404aa19bf8453d170490862689d4b0db1c5d34b0e6dea8f075e1b8,30
target_centrality,T:420900,15.0,performing_municipio,B,2021,aim3_target_metrics_v2.parquet,374e15163c404aa19bf8453d170490862689d4b0db1c5d34b0e6dea8f075e1b8,14
target_centrality,T:420910,99.0,performing_municipio,B,2021,aim3_target_metrics_v2.parquet,374e15163c404aa19bf8453d170490862689d4b0db1c5d34b0e6dea8f075e1b8,43
target_centrality,T:421660,12.0,performing_municipio,B,2021,aim3_target_metrics_v2.parquet,374e15163c404aa19bf8453d170490862689d4b0db1c5d34b0e6dea8f075e1b8,<5
target_centrality,T:430210,0.0,performing_municipio,B,2021,aim3_target_metrics_v2.parquet,374e15163c404aa19bf8453d170490862689d4b0db1c5d34b0e6dea8f075e1b8,<5
target_centrality,T:430510,3.0,performing_municipio,B,2021,aim3_target_metrics_v2.parquet,374e15163c404aa19bf8453d170490862689d4b0db1c5d34b0e6dea8f075e1b8,29
target_centrality,T:431410,66.0,performing_municipio,B,2021,aim3_target_metrics_v2.parquet,374e15163c404aa19bf8453d170490862689d4b0db1c5d34b0e6dea8f075e1b8,21
target_centrality,T:431440,0.0,performing_municipio,B,2021,aim3_target_metrics_v2.parquet,374e15163c404aa19bf8453d170490862689d4b0db1c5d34b0e6dea8f075e1b8,<5
target_centrality,T:431490,496.0,performing_municipio,B,2021,aim3_target_metrics_v2.parquet,374e15163c404aa19bf8453d170490862689d4b0db1c5d34b0e6dea8f075e1b8,87
target_centrality,T:500270,3.0,performing_municipio,B,2021,aim3_target_metrics_v2.parquet,374e15163c404aa19bf8453d170490862689d4b0db1c5d34b0e6dea8f075e1b8,10
target_centrality,T:500660,3.0,performing_municipio,B,2021,aim3_target_metrics_v2.parquet,374e15163c404aa19bf8453d170490862689d4b0db1c5d34b0e6dea8f075e1b8,<5
target_centrality,T:510340,28.0,performing_municipio,B,2021,aim3_target_metrics_v2.parquet,374e15163c404aa19bf8453d170490862689d4b0db1c5d34b0e6dea8f075e1b8,19
target_centrality,T:510760,0.0,performing_municipio,B,2021,aim3_target_metrics_v2.parquet,374e15163c404aa19bf8453d170490862689d4b0db1c5d34b0e6dea8f075e1b8,<5
target_centrality,T:520140,0.0,performing_municipio,B,2021,aim3_target_metrics_v2.parquet,374e15163c404aa19bf8453d170490862689d4b0db1c5d34b0e6dea8f075e1b8,<5
target_centrality,T:530010,0.0,performing_municipio,B,2021,aim3_target_metrics_v2.parquet,374e15163c404aa19bf8453d170490862689d4b0db1c5d34b0e6dea8f075e1b8,18
target_centrality,T:110020,3.0,performing_municipio,B,2022,aim3_target_metrics_v2.parquet,374e15163c404aa19bf8453d170490862689d4b0db1c5d34b0e6dea8f075e1b8,<5
target_centrality,T:130260,36.0,performing_municipio,B,2022,aim3_target_metrics_v2.parquet,374e15163c404aa19bf8453d170490862689d4b0db1c5d34b0e6dea8f075e1b8,54
target_centrality,T:150060,10.0,performing_municipio,B,2022,aim3_target_metrics_v2.parquet,374e15163c404aa19bf8453d170490862689d4b0db1c5d34b0e6dea8f075e1b8,12
target_centrality,T:150140,6.0,performing_municipio,B,2022,aim3_target_metrics_v2.parquet,374e15163c404aa19bf8453d170490862689d4b0db1c5d34b0e6dea8f075e1b8,10
target_centrality,T:150680,10.0,performing_municipio,B,2022,aim3_target_metrics_v2.parquet,374e15163c404aa19bf8453d170490862689d4b0db1c5d34b0e6dea8f075e1b8,25
target_centrality,T:170210,10.0,performing_municipio,B,2022,aim3_target_metrics_v2.parquet,374e15163c404aa19bf8453d170490862689d4b0db1c5d34b0e6dea8f075e1b8,5
target_centrality,T:211130,666.0,performing_municipio,B,2022,aim3_target_metrics_v2.parquet,374e15163c404aa19bf8453d170490862689d4b0db1c5d34b0e6dea8f075e1b8,100
target_centrality,T:221100,210.0,performing_municipio,B,2022,aim3_target_metrics_v2.parquet,374e15163c404aa19bf8453d170490862689d4b0db1c5d34b0e6dea8f075e1b8,43
target_centrality,T:230440,9287.0,performing_municipio,B,2022,aim3_target_metrics_v2.parquet,374e15163c404aa19bf8453d170490862689d4b0db1c5d34b0e6dea8f075e1b8,444
target_centrality,T:240310,10269.0,performing_municipio,B,2022,aim3_target_metrics_v2.parquet,374e15163c404aa19bf8453d170490862689d4b0db1c5d34b0e6dea8f075e1b8,399
target_centrality,T:240810,323.0,performing_municipio,B,2022,aim3_target_metrics_v2.parquet,374e15163c404aa19bf8453d170490862689d4b0db1c5d34b0e6dea8f075e1b8,25
target_centrality,T:250750,2970.0,performing_municipio,B,2022,aim3_target_metrics_v2.parquet,374e15163c404aa19bf8453d170490862689d4b0db1c5d34b0e6dea8f075e1b8,37
target_centrality,T:260410,23459.0,performing_municipio,B,2022,aim3_target_metrics_v2.parquet,374e15163c404aa19bf8453d170490862689d4b0db1c5d34b0e6dea8f075e1b8,202
target_centrality,T:261160,13346.0,performing_municipio,B,2022,aim3_target_metrics_v2.parquet,374e15163c404aa19bf8453d170490862689d4b0db1c5d34b0e6dea8f075e1b8,275
target_centrality,T:280030,190.0,performing_municipio,B,2022,aim3_target_metrics_v2.parquet,374e15163c404aa19bf8453d170490862689d4b0db1c5d34b0e6dea8f075e1b8,45
target_centrality,T:291080,550.0,performing_municipio,B,2022,aim3_target_metrics_v2.parquet,374e15163c404aa19bf8453d170490862689d4b0db1c5d34b0e6dea8f075e1b8,10
target_centrality,T:291800,1636.0,performing_municipio,B,2022,aim3_target_metrics_v2.parquet,374e15163c404aa19bf8453d170490862689d4b0db1c5d34b0e6dea8f075e1b8,20
target_centrality,T:292740,30765.0,performing_municipio,B,2022,aim3_target_metrics_v2.parquet,374e15163c404aa19bf8453d170490862689d4b0db1c5d34b0e6dea8f075e1b8,511
target_centrality,T:310160,0.0,performing_municipio,B,2022,aim3_target_metrics_v2.parquet,374e15163c404aa19bf8453d170490862689d4b0db1c5d34b0e6dea8f075e1b8,<5
target_centrality,T:310620,4524.0,performing_municipio,B,2022,aim3_target_metrics_v2.parquet,374e15163c404aa19bf8453d170490862689d4b0db1c5d34b0e6dea8f075e1b8,251
target_centrality,T:312770,1684.0,performing_municipio,B,2022,aim3_target_metrics_v2.parquet,374e15163c404aa19bf8453d170490862689d4b0db1c5d34b0e6dea8f075e1b8,49
target_centrality,T:313240,3.0,performing_municipio,B,2022,aim3_target_metrics_v2.parquet,374e15163c404aa19bf8453d170490862689d4b0db1c5d34b0e6dea8f075e1b8,<5
target_centrality,T:313670,1134.0,performing_municipio,B,2022,aim3_target_metrics_v2.parquet,374e15163c404aa19bf8453d170490862689d4b0db1c5d34b0e6dea8f075e1b8,61
target_centrality,T:314330,1.0,performing_municipio,B,2022,aim3_target_metrics_v2.parquet,374e15163c404aa19bf8453d170490862689d4b0db1c5d34b0e6dea8f075e1b8,<5
target_centrality,T:314790,1.0,performing_municipio,B,2022,aim3_target_metrics_v2.parquet,374e15163c404aa19bf8453d170490862689d4b0db1c5d34b0e6dea8f075e1b8,<5
target_centrality,T:315250,1893.0,performing_municipio,B,2022,aim3_target_metrics_v2.parquet,374e15163c404aa19bf8453d170490862689d4b0db1c5d34b0e6dea8f075e1b8,36
target_centrality,T:316990,0.0,performing_municipio,B,2022,aim3_target_metrics_v2.parquet,374e15163c404aa19bf8453d170490862689d4b0db1c5d34b0e6dea8f075e1b8,<5
target_centrality,T:317010,0.0,performing_municipio,B,2022,aim3_target_metrics_v2.parquet,374e15163c404aa19bf8453d170490862689d4b0db1c5d34b0e6dea8f075e1b8,<5
target_centrality,T:317020,91.0,performing_municipio,B,2022,aim3_target_metrics_v2.parquet,374e15163c404aa19bf8453d170490862689d4b0db1c5d34b0e6dea8f075e1b8,76
target_centrality,T:320120,397.0,performing_municipio,B,2022,aim3_target_metrics_v2.parquet,374e15163c404aa19bf8453d170490862689d4b0db1c5d34b0e6dea8f075e1b8,18
target_centrality,T:320500,1106.0,performing_municipio,B,2022,aim3_target_metrics_v2.parquet,374e15163c404aa19bf8453d170490862689d4b0db1c5d34b0e6dea8f075e1b8,72
target_centrality,T:320530,2311.0,performing_municipio,B,2022,aim3_target_metrics_v2.parquet,374e15163c404aa19bf8453d170490862689d4b0db1c5d34b0e6dea8f075e1b8,80
target_centrality,T:330060,0.0,performing_municipio,B,2022,aim3_target_metrics_v2.parquet,374e15163c404aa19bf8453d170490862689d4b0db1c5d34b0e6dea8f075e1b8,<5
target_centrality,T:330100,0.0,performing_municipio,B,2022,aim3_target_metrics_v2.parquet,374e15163c404aa19bf8453d170490862689d4b0db1c5d34b0e6dea8f075e1b8,6
target_centrality,T:330170,0.0,performing_municipio,B,2022,aim3_target_metrics_v2.parquet,374e15163c404aa19bf8453d170490862689d4b0db1c5d34b0e6dea8f075e1b8,<5
target_centrality,T:330220,1.0,performing_municipio,B,2022,aim3_target_metrics_v2.parquet,374e15163c404aa19bf8453d170490862689d4b0db1c5d34b0e6dea8f075e1b8,<5
target_centrality,T:330240,0.0,performing_municipio,B,2022,aim3_target_metrics_v2.parquet,374e15163c404aa19bf8453d170490862689d4b0db1c5d34b0e6dea8f075e1b8,<5
target_centrality,T:330330,17.0,performing_municipio,B,2022,aim3_target_metrics_v2.parquet,374e15163c404aa19bf8453d170490862689d4b0db1c5d34b0e6dea8f075e1b8,6
target_centrality,T:330390,1.0,performing_municipio,B,2022,aim3_target_metrics_v2.parquet,374e15163c404aa19bf8453d170490862689d4b0db1c5d34b0e6dea8f075e1b8,27
target_centrality,T:330455,146.0,performing_municipio,B,2022,aim3_target_metrics_v2.parquet,374e15163c404aa19bf8453d170490862689d4b0db1c5d34b0e6dea8f075e1b8,55
target_centrality,T:330490,0.0,performing_municipio,B,2022,aim3_target_metrics_v2.parquet,374e15163c404aa19bf8453d170490862689d4b0db1c5d34b0e6dea8f075e1b8,<5
target_centrality,T:350330,0.0,performing_municipio,B,2022,aim3_target_metrics_v2.parquet,374e15163c404aa19bf8453d170490862689d4b0db1c5d34b0e6dea8f075e1b8,<5
target_centrality,T:350400,214.0,performing_municipio,B,2022,aim3_target_metrics_v2.parquet,374e15163c404aa19bf8453d170490862689d4b0db1c5d34b0e6dea8f075e1b8,<5
target_centrality,T:350550,850.0,performing_municipio,B,2022,aim3_target_metrics_v2.parquet,374e15163c404aa19bf8453d170490862689d4b0db1c5d34b0e6dea8f075e1b8,9
target_centrality,T:350570,642.0,performing_municipio,B,2022,aim3_target_metrics_v2.parquet,374e15163c404aa19bf8453d170490862689d4b0db1c5d34b0e6dea8f075e1b8,38
target_centrality,T:350600,214.0,performing_municipio,B,2022,aim3_target_metrics_v2.parquet,374e15163c404aa19bf8453d170490862689d4b0db1c5d34b0e6dea8f075e1b8,7
target_centrality,T:350750,45.0,performing_municipio,B,2022,aim3_target_metrics_v2.parquet,374e15163c404aa19bf8453d170490862689d4b0db1c5d34b0e6dea8f075e1b8,34
target_centrality,T:350760,2296.0,performing_municipio,B,2022,aim3_target_metrics_v2.parquet,374e15163c404aa19bf8453d170490862689d4b0db1c5d34b0e6dea8f075e1b8,22
target_centrality,T:350950,7445.0,performing_municipio,B,2022,aim3_target_metrics_v2.parquet,374e15163c404aa19bf8453d170490862689d4b0db1c5d34b0e6dea8f075e1b8,88
target_centrality,T:351050,3138.0,performing_municipio,B,2022,aim3_target_metrics_v2.parquet,374e15163c404aa19bf8453d170490862689d4b0db1c5d34b0e6dea8f075e1b8,8
target_centrality,T:351060,1.5,performing_municipio,B,2022,aim3_target_metrics_v2.parquet,374e15163c404aa19bf8453d170490862689d4b0db1c5d34b0e6dea8f075e1b8,5
target_centrality,T:351110,215.0,performing_municipio,B,2022,aim3_target_metrics_v2.parquet,374e15163c404aa19bf8453d170490862689d4b0db1c5d34b0e6dea8f075e1b8,14
target_centrality,T:351340,427.0,performing_municipio,B,2022,aim3_target_metrics_v2.parquet,374e15163c404aa19bf8453d170490862689d4b0db1c5d34b0e6dea8f075e1b8,9
target_centrality,T:351620,55.0,performing_municipio,B,2022,aim3_target_metrics_v2.parquet,374e15163c404aa19bf8453d170490862689d4b0db1c5d34b0e6dea8f075e1b8,18
target_centrality,T:351640,639.0,performing_municipio,B,2022,aim3_target_metrics_v2.parquet,374e15163c404aa19bf8453d170490862689d4b0db1c5d34b0e6dea8f075e1b8,5
target_centrality,T:351880,6825.0,performing_municipio,B,2022,aim3_target_metrics_v2.parquet,374e15163c404aa19bf8453d170490862689d4b0db1c5d34b0e6dea8f075e1b8,40
target_centrality,T:352220,851.0,performing_municipio,B,2022,aim3_target_metrics_v2.parquet,374e15163c404aa19bf8453d170490862689d4b0db1c5d34b0e6dea8f075e1b8,14
target_centrality,T:352440,3.0,performing_municipio,B,2022,aim3_target_metrics_v2.parquet,374e15163c404aa19bf8453d170490862689d4b0db1c5d34b0e6dea8f075e1b8,10
target_centrality,T:352530,15.0,performing_municipio,B,2022,aim3_target_metrics_v2.parquet,374e15163c404aa19bf8453d170490862689d4b0db1c5d34b0e6dea8f075e1b8,25
target_centrality,T:352590,851.0,performing_municipio,B,2022,aim3_target_metrics_v2.parquet,374e15163c404aa19bf8453d170490862689d4b0db1c5d34b0e6dea8f075e1b8,39
target_centrality,T:352690,0.0,performing_municipio,B,2022,aim3_target_metrics_v2.parquet,374e15163c404aa19bf8453d170490862689d4b0db1c5d34b0e6dea8f075e1b8,9
target_centrality,T:352730,0.0,performing_municipio,B,2022,aim3_target_metrics_v2.parquet,374e15163c404aa19bf8453d170490862689d4b0db1c5d34b0e6dea8f075e1b8,<5
target_centrality,T:352900,10.0,performing_municipio,B,2022,aim3_target_metrics_v2.parquet,374e15163c404aa19bf8453d170490862689d4b0db1c5d34b0e6dea8f075e1b8,11
target_centrality,T:353870,10.0,performing_municipio,B,2022,aim3_target_metrics_v2.parquet,374e15163c404aa19bf8453d170490862689d4b0db1c5d34b0e6dea8f075e1b8,39
target_centrality,T:354140,210.0,performing_municipio,B,2022,aim3_target_metrics_v2.parquet,374e15163c404aa19bf8453d170490862689d4b0db1c5d34b0e6dea8f075e1b8,70
target_centrality,T:354340,174.0,performing_municipio,B,2022,aim3_target_metrics_v2.parquet,374e15163c404aa19bf8453d170490862689d4b0db1c5d34b0e6dea8f075e1b8,24
target_centrality,T:354850,214.0,performing_municipio,B,2022,aim3_target_metrics_v2.parquet,374e15163c404aa19bf8453d170490862689d4b0db1c5d34b0e6dea8f075e1b8,8
target_centrality,T:354870,2.0,performing_municipio,B,2022,aim3_target_metrics_v2.parquet,374e15163c404aa19bf8453d170490862689d4b0db1c5d34b0e6dea8f075e1b8,31
target_centrality,T:354980,1014.0,performing_municipio,B,2022,aim3_target_metrics_v2.parquet,374e15163c404aa19bf8453d170490862689d4b0db1c5d34b0e6dea8f075e1b8,116
target_centrality,T:354990,652.0,performing_municipio,B,2022,aim3_target_metrics_v2.parquet,374e15163c404aa19bf8453d170490862689d4b0db1c5d34b0e6dea8f075e1b8,25
target_centrality,T:355030,19774.166666666664,performing_municipio,B,2022,aim3_target_metrics_v2.parquet,374e15163c404aa19bf8453d170490862689d4b0db1c5d34b0e6dea8f075e1b8,376
target_centrality,T:355220,5212.5,performing_municipio,B,2022,aim3_target_metrics_v2.parquet,374e15163c404aa19bf8453d170490862689d4b0db1c5d34b0e6dea8f075e1b8,48
target_centrality,T:355280,231.83333333333331,performing_municipio,B,2022,aim3_target_metrics_v2.parquet,374e15163c404aa19bf8453d170490862689d4b0db1c5d34b0e6dea8f075e1b8,20
target_centrality,T:355410,2098.5,performing_municipio,B,2022,aim3_target_metrics_v2.parquet,374e15163c404aa19bf8453d170490862689d4b0db1c5d34b0e6dea8f075e1b8,24
target_centrality,T:355710,1.0,performing_municipio,B,2022,aim3_target_metrics_v2.parquet,374e15163c404aa19bf8453d170490862689d4b0db1c5d34b0e6dea8f075e1b8,<5
target_centrality,T:410150,6.0,performing_municipio,B,2022,aim3_target_metrics_v2.parquet,374e15163c404aa19bf8453d170490862689d4b0db1c5d34b0e6dea8f075e1b8,13
target_centrality,T:410400,351.0,performing_municipio,B,2022,aim3_target_metrics_v2.parquet,374e15163c404aa19bf8453d170490862689d4b0db1c5d34b0e6dea8f075e1b8,18
target_centrality,T:410430,10.0,performing_municipio,B,2022,aim3_target_metrics_v2.parquet,374e15163c404aa19bf8453d170490862689d4b0db1c5d34b0e6dea8f075e1b8,12
target_centrality,T:410480,135.0,performing_municipio,B,2022,aim3_target_metrics_v2.parquet,374e15163c404aa19bf8453d170490862689d4b0db1c5d34b0e6dea8f075e1b8,36
target_centrality,T:410690,275.0,performing_municipio,B,2022,aim3_target_metrics_v2.parquet,374e15163c404aa19bf8453d170490862689d4b0db1c5d34b0e6dea8f075e1b8,48
target_centrality,T:411370,5063.0,performing_municipio,B,2022,aim3_target_metrics_v2.parquet,374e15163c404aa19bf8453d170490862689d4b0db1c5d34b0e6dea8f075e1b8,81
target_centrality,T:411520,55.0,performing_municipio,B,2022,aim3_target_metrics_v2.parquet,374e15163c404aa19bf8453d170490862689d4b0db1c5d34b0e6dea8f075e1b8,49
target_centrality,T:411990,166.0,performing_municipio,B,2022,aim3_target_metrics_v2.parquet,374e15163c404aa19bf8453d170490862689d4b0db1c5d34b0e6dea8f075e1b8,25
target_centrality,T:412770,0.0,performing_municipio,B,2022,aim3_target_metrics_v2.parquet,374e15163c404aa19bf8453d170490862689d4b0db1c5d34b0e6dea8f075e1b8,<5
target_centrality,T:420240,1.0,performing_municipio,B,2022,aim3_target_metrics_v2.parquet,374e15163c404aa19bf8453d170490862689d4b0db1c5d34b0e6dea8f075e1b8,<5
target_centrality,T:420290,0.0,performing_municipio,B,2022,aim3_target_metrics_v2.parquet,374e15163c404aa19bf8453d170490862689d4b0db1c5d34b0e6dea8f075e1b8,<5
target_centrality,T:420300,175.0,performing_municipio,B,2022,aim3_target_metrics_v2.parquet,374e15163c404aa19bf8453d170490862689d4b0db1c5d34b0e6dea8f075e1b8,28
target_centrality,T:420460,1.0,performing_municipio,B,2022,aim3_target_metrics_v2.parquet,374e15163c404aa19bf8453d170490862689d4b0db1c5d34b0e6dea8f075e1b8,5
target_centrality,T:420540,2296.0,performing_municipio,B,2022,aim3_target_metrics_v2.parquet,374e15163c404aa19bf8453d170490862689d4b0db1c5d34b0e6dea8f075e1b8,32
target_centrality,T:420900,45.0,performing_municipio,B,2022,aim3_target_metrics_v2.parquet,374e15163c404aa19bf8453d170490862689d4b0db1c5d34b0e6dea8f075e1b8,16
target_centrality,T:420910,70.0,performing_municipio,B,2022,aim3_target_metrics_v2.parquet,374e15163c404aa19bf8453d170490862689d4b0db1c5d34b0e6dea8f075e1b8,52
target_centrality,T:421010,3.0,performing_municipio,B,2022,aim3_target_metrics_v2.parquet,374e15163c404aa19bf8453d170490862689d4b0db1c5d34b0e6dea8f075e1b8,<5
target_centrality,T:421660,0.0,performing_municipio,B,2022,aim3_target_metrics_v2.parquet,374e15163c404aa19bf8453d170490862689d4b0db1c5d34b0e6dea8f075e1b8,<5
target_centrality,T:430510,167.0,performing_municipio,B,2022,aim3_target_metrics_v2.parquet,374e15163c404aa19bf8453d170490862689d4b0db1c5d34b0e6dea8f075e1b8,38
target_centrality,T:430860,1720.5,performing_municipio,B,2022,aim3_target_metrics_v2.parquet,374e15163c404aa19bf8453d170490862689d4b0db1c5d34b0e6dea8f075e1b8,54
target_centrality,T:431410,525.0,performing_municipio,B,2022,aim3_target_metrics_v2.parquet,374e15163c404aa19bf8453d170490862689d4b0db1c5d34b0e6dea8f075e1b8,16
target_centrality,T:431440,3.0,performing_municipio,B,2022,aim3_target_metrics_v2.parquet,374e15163c404aa19bf8453d170490862689d4b0db1c5d34b0e6dea8f075e1b8,5
target_centrality,T:431490,4463.0,performing_municipio,B,2022,aim3_target_metrics_v2.parquet,374e15163c404aa19bf8453d170490862689d4b0db1c5d34b0e6dea8f075e1b8,259
target_centrality,T:431560,3.0,performing_municipio,B,2022,aim3_target_metrics_v2.parquet,374e15163c404aa19bf8453d170490862689d4b0db1c5d34b0e6dea8f075e1b8,<5
target_centrality,T:431680,0.0,performing_municipio,B,2022,aim3_target_metrics_v2.parquet,374e15163c404aa19bf8453d170490862689d4b0db1c5d34b0e6dea8f075e1b8,11
target_centrality,T:431690,2366.5,performing_municipio,B,2022,aim3_target_metrics_v2.parquet,374e15163c404aa19bf8453d170490862689d4b0db1c5d34b0e6dea8f075e1b8,73
target_centrality,T:500270,36.0,performing_municipio,B,2022,aim3_target_metrics_v2.parquet,374e15163c404aa19bf8453d170490862689d4b0db1c5d34b0e6dea8f075e1b8,26
target_centrality,T:500660,1.0,performing_municipio,B,2022,aim3_target_metrics_v2.parquet,374e15163c404aa19bf8453d170490862689d4b0db1c5d34b0e6dea8f075e1b8,<5
target_centrality,T:500830,0.0,performing_municipio,B,2022,aim3_target_metrics_v2.parquet,374e15163c404aa19bf8453d170490862689d4b0db1c5d34b0e6dea8f075e1b8,11
target_centrality,T:510340,105.0,performing_municipio,B,2022,aim3_target_metrics_v2.parquet,374e15163c404aa19bf8453d170490862689d4b0db1c5d34b0e6dea8f075e1b8,45
target_centrality,T:510525,0.0,performing_municipio,B,2022,aim3_target_metrics_v2.parquet,374e15163c404aa19bf8453d170490862689d4b0db1c5d34b0e6dea8f075e1b8,<5
target_centrality,T:510760,3.0,performing_municipio,B,2022,aim3_target_metrics_v2.parquet,374e15163c404aa19bf8453d170490862689d4b0db1c5d34b0e6dea8f075e1b8,9
target_centrality,T:520140,0.0,performing_municipio,B,2022,aim3_target_metrics_v2.parquet,374e15163c404aa19bf8453d170490862689d4b0db1c5d34b0e6dea8f075e1b8,<5
target_centrality,T:520870,1510.0,performing_municipio,B,2022,aim3_target_metrics_v2.parquet,374e15163c404aa19bf8453d170490862689d4b0db1c5d34b0e6dea8f075e1b8,89
target_centrality,T:521930,1233.0,performing_municipio,B,2022,aim3_target_metrics_v2.parquet,374e15163c404aa19bf8453d170490862689d4b0db1c5d34b0e6dea8f075e1b8,63
target_centrality,T:522160,0.0,performing_municipio,B,2022,aim3_target_metrics_v2.parquet,374e15163c404aa19bf8453d170490862689d4b0db1c5d34b0e6dea8f075e1b8,<5
target_centrality,T:530010,189.0,performing_municipio,B,2022,aim3_target_metrics_v2.parquet,374e15163c404aa19bf8453d170490862689d4b0db1c5d34b0e6dea8f075e1b8,42
target_centrality,T:110020,3.0,performing_municipio,B,2023,aim3_target_metrics_v2.parquet,374e15163c404aa19bf8453d170490862689d4b0db1c5d34b0e6dea8f075e1b8,<5
target_centrality,T:110030,0.0,performing_municipio,B,2023,aim3_target_metrics_v2.parquet,374e15163c404aa19bf8453d170490862689d4b0db1c5d34b0e6dea8f075e1b8,<5
target_centrality,T:130260,25110.0,performing_municipio,B,2023,aim3_target_metrics_v2.parquet,374e15163c404aa19bf8453d170490862689d4b0db1c5d34b0e6dea8f075e1b8,309
target_centrality,T:150060,3.0,performing_municipio,B,2023,aim3_target_metrics_v2.parquet,374e15163c404aa19bf8453d170490862689d4b0db1c5d34b0e6dea8f075e1b8,12
target_centrality,T:150080,0.0,performing_municipio,B,2023,aim3_target_metrics_v2.parquet,374e15163c404aa19bf8453d170490862689d4b0db1c5d34b0e6dea8f075e1b8,<5
target_centrality,T:150140,64.0,performing_municipio,B,2023,aim3_target_metrics_v2.parquet,374e15163c404aa19bf8453d170490862689d4b0db1c5d34b0e6dea8f075e1b8,20
target_centrality,T:150360,0.0,performing_municipio,B,2023,aim3_target_metrics_v2.parquet,374e15163c404aa19bf8453d170490862689d4b0db1c5d34b0e6dea8f075e1b8,<5
target_centrality,T:150543,0.0,performing_municipio,B,2023,aim3_target_metrics_v2.parquet,374e15163c404aa19bf8453d170490862689d4b0db1c5d34b0e6dea8f075e1b8,<5
target_centrality,T:150680,10.0,performing_municipio,B,2023,aim3_target_metrics_v2.parquet,374e15163c404aa19bf8453d170490862689d4b0db1c5d34b0e6dea8f075e1b8,31
target_centrality,T:160030,3.0,performing_municipio,B,2023,aim3_target_metrics_v2.parquet,374e15163c404aa19bf8453d170490862689d4b0db1c5d34b0e6dea8f075e1b8,42
target_centrality,T:170210,0.0,performing_municipio,B,2023,aim3_target_metrics_v2.parquet,374e15163c404aa19bf8453d170490862689d4b0db1c5d34b0e6dea8f075e1b8,<5
target_centrality,T:172100,55.0,performing_municipio,B,2023,aim3_target_metrics_v2.parquet,374e15163c404aa19bf8453d170490862689d4b0db1c5d34b0e6dea8f075e1b8,21
target_centrality,T:210530,15.0,performing_municipio,B,2023,aim3_target_metrics_v2.parquet,374e15163c404aa19bf8453d170490862689d4b0db1c5d34b0e6dea8f075e1b8,7
target_centrality,T:211130,55935.0,performing_municipio,B,2023,aim3_target_metrics_v2.parquet,374e15163c404aa19bf8453d170490862689d4b0db1c5d34b0e6dea8f075e1b8,114
target_centrality,T:221100,171.0,performing_municipio,B,2023,aim3_target_metrics_v2.parquet,374e15163c404aa19bf8453d170490862689d4b0db1c5d34b0e6dea8f075e1b8,51
target_centrality,T:230440,124718.0,performing_municipio,B,2023,aim3_target_metrics_v2.parquet,374e15163c404aa19bf8453d170490862689d4b0db1c5d34b0e6dea8f075e1b8,392
target_centrality,T:230730,1265.0,performing_municipio,B,2023,aim3_target_metrics_v2.parquet,374e15163c404aa19bf8453d170490862689d4b0db1c5d34b0e6dea8f075e1b8,5
target_centrality,T:231290,11347.0,performing_municipio,B,2023,aim3_target_metrics_v2.parquet,374e15163c404aa19bf8453d170490862689d4b0db1c5d34b0e6dea8f075e1b8,22
target_centrality,T:231340,1266.0,performing_municipio,B,2023,aim3_target_metrics_v2.parquet,374e15163c404aa19bf8453d170490862689d4b0db1c5d34b0e6dea8f075e1b8,<5
target_centrality,T:240310,225506.0,performing_municipio,B,2023,aim3_target_metrics_v2.parquet,374e15163c404aa19bf8453d170490862689d4b0db1c5d34b0e6dea8f075e1b8,595
target_centrality,T:240810,0.0,performing_municipio,B,2023,aim3_target_metrics_v2.parquet,374e15163c404aa19bf8453d170490862689d4b0db1c5d34b0e6dea8f075e1b8,<5
target_centrality,T:250400,126.0,performing_municipio,B,2023,aim3_target_metrics_v2.parquet,374e15163c404aa19bf8453d170490862689d4b0db1c5d34b0e6dea8f075e1b8,8
target_centrality,T:250750,195.0,performing_municipio,B,2023,aim3_target_metrics_v2.parquet,374e15163c404aa19bf8453d170490862689d4b0db1c5d34b0e6dea8f075e1b8,37
target_centrality,T:260410,88531.0,performing_municipio,B,2023,aim3_target_metrics_v2.parquet,374e15163c404aa19bf8453d170490862689d4b0db1c5d34b0e6dea8f075e1b8,298
target_centrality,T:261160,337254.0,performing_municipio,B,2023,aim3_target_metrics_v2.parquet,374e15163c404aa19bf8453d170490862689d4b0db1c5d34b0e6dea8f075e1b8,318
target_centrality,T:270430,6.0,performing_municipio,B,2023,aim3_target_metrics_v2.parquet,374e15163c404aa19bf8453d170490862689d4b0db1c5d34b0e6dea8f075e1b8,<5
target_centrality,T:280030,595.0,performing_municipio,B,2023,aim3_target_metrics_v2.parquet,374e15163c404aa19bf8453d170490862689d4b0db1c5d34b0e6dea8f075e1b8,84
target_centrality,T:290320,0.0,performing_municipio,B,2023,aim3_target_metrics_v2.parquet,374e15163c404aa19bf8453d170490862689d4b0db1c5d34b0e6dea8f075e1b8,<5
target_centrality,T:291080,6316.5,performing_municipio,B,2023,aim3_target_metrics_v2.parquet,374e15163c404aa19bf8453d170490862689d4b0db1c5d34b0e6dea8f075e1b8,31
target_centrality,T:291360,7572.0,performing_municipio,B,2023,aim3_target_metrics_v2.parquet,374e15163c404aa19bf8453d170490862689d4b0db1c5d34b0e6dea8f075e1b8,15
target_centrality,T:291800,11349.0,performing_municipio,B,2023,aim3_target_metrics_v2.parquet,374e15163c404aa19bf8453d170490862689d4b0db1c5d34b0e6dea8f075e1b8,26
target_centrality,T:291840,310144.0,performing_municipio,B,2023,aim3_target_metrics_v2.parquet,374e15163c404aa19bf8453d170490862689d4b0db1c5d34b0e6dea8f075e1b8,5
target_centrality,T:292740,464396.5,performing_municipio,B,2023,aim3_target_metrics_v2.parquet,374e15163c404aa19bf8453d170490862689d4b0db1c5d34b0e6dea8f075e1b8,559
target_centrality,T:293135,1265.0,performing_municipio,B,2023,aim3_target_metrics_v2.parquet,374e15163c404aa19bf8453d170490862689d4b0db1c5d34b0e6dea8f075e1b8,6
target_centrality,T:293330,1265.0,performing_municipio,B,2023,aim3_target_metrics_v2.parquet,374e15163c404aa19bf8453d170490862689d4b0db1c5d34b0e6dea8f075e1b8,<5
target_centrality,T:310160,10.0,performing_municipio,B,2023,aim3_target_metrics_v2.parquet,374e15163c404aa19bf8453d170490862689d4b0db1c5d34b0e6dea8f075e1b8,6
target_centrality,T:310620,96703.0,performing_municipio,B,2023,aim3_target_metrics_v2.parquet,374e15163c404aa19bf8453d170490862689d4b0db1c5d34b0e6dea8f075e1b8,219
target_centrality,T:312770,45.0,performing_municipio,B,2023,aim3_target_metrics_v2.parquet,374e15163c404aa19bf8453d170490862689d4b0db1c5d34b0e6dea8f075e1b8,26
target_centrality,T:313130,0.0,performing_municipio,B,2023,aim3_target_metrics_v2.parquet,374e15163c404aa19bf8453d170490862689d4b0db1c5d34b0e6dea8f075e1b8,<5
target_centrality,T:313670,18870.0,performing_municipio,B,2023,aim3_target_metrics_v2.parquet,374e15163c404aa19bf8453d170490862689d4b0db1c5d34b0e6dea8f075e1b8,78
target_centrality,T:314330,28.0,performing_municipio,B,2023,aim3_target_metrics_v2.parquet,374e15163c404aa19bf8453d170490862689d4b0db1c5d34b0e6dea8f075e1b8,26
target_centrality,T:314700,0.0,performing_municipio,B,2023,aim3_target_metrics_v2.parquet,374e15163c404aa19bf8453d170490862689d4b0db1c5d34b0e6dea8f075e1b8,<5
target_centrality,T:314790,1.0,performing_municipio,B,2023,aim3_target_metrics_v2.parquet,374e15163c404aa19bf8453d170490862689d4b0db1c5d34b0e6dea8f075e1b8,<5
target_centrality,T:315180,0.0,performing_municipio,B,2023,aim3_target_metrics_v2.parquet,374e15163c404aa19bf8453d170490862689d4b0db1c5d34b0e6dea8f075e1b8,9
target_centrality,T:315250,13860.0,performing_municipio,B,2023,aim3_target_metrics_v2.parquet,374e15163c404aa19bf8453d170490862689d4b0db1c5d34b0e6dea8f075e1b8,27
target_centrality,T:316720,5054.0,performing_municipio,B,2023,aim3_target_metrics_v2.parquet,374e15163c404aa19bf8453d170490862689d4b0db1c5d34b0e6dea8f075e1b8,9
target_centrality,T:316990,0.0,performing_municipio,B,2023,aim3_target_metrics_v2.parquet,374e15163c404aa19bf8453d170490862689d4b0db1c5d34b0e6dea8f075e1b8,<5
target_centrality,T:317020,10092.0,performing_municipio,B,2023,aim3_target_metrics_v2.parquet,374e15163c404aa19bf8453d170490862689d4b0db1c5d34b0e6dea8f075e1b8,41
target_centrality,T:317070,0.0,performing_municipio,B,2023,aim3_target_metrics_v2.parquet,374e15163c404aa19bf8453d170490862689d4b0db1c5d34b0e6dea8f075e1b8,<5
target_centrality,T:320120,406.0,performing_municipio,B,2023,aim3_target_metrics_v2.parquet,374e15163c404aa19bf8453d170490862689d4b0db1c5d34b0e6dea8f075e1b8,61
target_centrality,T:320500,322.5,performing_municipio,B,2023,aim3_target_metrics_v2.parquet,374e15163c404aa19bf8453d170490862689d4b0db1c5d34b0e6dea8f075e1b8,76
target_centrality,T:320530,327.5,performing_municipio,B,2023,aim3_target_metrics_v2.parquet,374e15163c404aa19bf8453d170490862689d4b0db1c5d34b0e6dea8f075e1b8,98
target_centrality,T:330010,1.0,performing_municipio,B,2023,aim3_target_metrics_v2.parquet,374e15163c404aa19bf8453d170490862689d4b0db1c5d34b0e6dea8f075e1b8,<5
target_centrality,T:330100,0.0,performing_municipio,B,2023,aim3_target_metrics_v2.parquet,374e15163c404aa19bf8453d170490862689d4b0db1c5d34b0e6dea8f075e1b8,11
target_centrality,T:330170,0.0,performing_municipio,B,2023,aim3_target_metrics_v2.parquet,374e15163c404aa19bf8453d170490862689d4b0db1c5d34b0e6dea8f075e1b8,<5
target_centrality,T:330220,0.0,performing_municipio,B,2023,aim3_target_metrics_v2.parquet,374e15163c404aa19bf8453d170490862689d4b0db1c5d34b0e6dea8f075e1b8,<5
target_centrality,T:330240,3791.0,performing_municipio,B,2023,aim3_target_metrics_v2.parquet,374e15163c404aa19bf8453d170490862689d4b0db1c5d34b0e6dea8f075e1b8,30
target_centrality,T:330330,0.5,performing_municipio,B,2023,aim3_target_metrics_v2.parquet,374e15163c404aa19bf8453d170490862689d4b0db1c5d34b0e6dea8f075e1b8,7
target_centrality,T:330350,2.5,performing_municipio,B,2023,aim3_target_metrics_v2.parquet,374e15163c404aa19bf8453d170490862689d4b0db1c5d34b0e6dea8f075e1b8,22
target_centrality,T:330390,0.0,performing_municipio,B,2023,aim3_target_metrics_v2.parquet,374e15163c404aa19bf8453d170490862689d4b0db1c5d34b0e6dea8f075e1b8,38
target_centrality,T:330455,192145.0,performing_municipio,B,2023,aim3_target_metrics_v2.parquet,374e15163c404aa19bf8453d170490862689d4b0db1c5d34b0e6dea8f075e1b8,274
target_centrality,T:330490,280510.0,performing_municipio,B,2023,aim3_target_metrics_v2.parquet,374e15163c404aa19bf8453d170490862689d4b0db1c5d34b0e6dea8f075e1b8,24
target_centrality,T:330630,0.0,performing_municipio,B,2023,aim3_target_metrics_v2.parquet,374e15163c404aa19bf8453d170490862689d4b0db1c5d34b0e6dea8f075e1b8,<5
target_centrality,T:350280,0.0,performing_municipio,B,2023,aim3_target_metrics_v2.parquet,374e15163c404aa19bf8453d170490862689d4b0db1c5d34b0e6dea8f075e1b8,<5
target_centrality,T:350400,107279.0,performing_municipio,B,2023,aim3_target_metrics_v2.parquet,374e15163c404aa19bf8453d170490862689d4b0db1c5d34b0e6dea8f075e1b8,11
target_centrality,T:350550,71271.0,performing_municipio,B,2023,aim3_target_metrics_v2.parquet,374e15163c404aa19bf8453d170490862689d4b0db1c5d34b0e6dea8f075e1b8,10
target_centrality,T:350570,2527.0,performing_municipio,B,2023,aim3_target_metrics_v2.parquet,374e15163c404aa19bf8453d170490862689d4b0db1c5d34b0e6dea8f075e1b8,43
target_centrality,T:350600,385.0,performing_municipio,B,2023,aim3_target_metrics_v2.parquet,374e15163c404aa19bf8453d170490862689d4b0db1c5d34b0e6dea8f075e1b8,90
target_centrality,T:350750,6315.0,performing_municipio,B,2023,aim3_target_metrics_v2.parquet,374e15163c404aa19bf8453d170490862689d4b0db1c5d34b0e6dea8f075e1b8,23
target_centrality,T:350760,25591.0,performing_municipio,B,2023,aim3_target_metrics_v2.parquet,374e15163c404aa19bf8453d170490862689d4b0db1c5d34b0e6dea8f075e1b8,29
target_centrality,T:350950,152245.0,performing_municipio,B,2023,aim3_target_metrics_v2.parquet,374e15163c404aa19bf8453d170490862689d4b0db1c5d34b0e6dea8f075e1b8,95
target_centrality,T:351050,2541.0,performing_municipio,B,2023,aim3_target_metrics_v2.parquet,374e15163c404aa19bf8453d170490862689d4b0db1c5d34b0e6dea8f075e1b8,10
target_centrality,T:351060,0.0,performing_municipio,B,2023,aim3_target_metrics_v2.parquet,374e15163c404aa19bf8453d170490862689d4b0db1c5d34b0e6dea8f075e1b8,6
target_centrality,T:351110,5055.0,performing_municipio,B,2023,aim3_target_metrics_v2.parquet,374e15163c404aa19bf8453d170490862689d4b0db1c5d34b0e6dea8f075e1b8,10
target_centrality,T:351340,5788.0,performing_municipio,B,2023,aim3_target_metrics_v2.parquet,374e15163c404aa19bf8453d170490862689d4b0db1c5d34b0e6dea8f075e1b8,26
target_centrality,T:351620,21.0,performing_municipio,B,2023,aim3_target_metrics_v2.parquet,374e15163c404aa19bf8453d170490862689d4b0db1c5d34b0e6dea8f075e1b8,37
target_centrality,T:351640,2532.0,performing_municipio,B,2023,aim3_target_metrics_v2.parquet,374e15163c404aa19bf8453d170490862689d4b0db1c5d34b0e6dea8f075e1b8,13
target_centrality,T:351880,0.0,performing_municipio,B,2023,aim3_target_metrics_v2.parquet,374e15163c404aa19bf8453d170490862689d4b0db1c5d34b0e6dea8f075e1b8,55
target_centrality,T:352220,1268.0,performing_municipio,B,2023,aim3_target_metrics_v2.parquet,374e15163c404aa19bf8453d170490862689d4b0db1c5d34b0e6dea8f075e1b8,12
target_centrality,T:352440,1265.0,performing_municipio,B,2023,aim3_target_metrics_v2.parquet,374e15163c404aa19bf8453d170490862689d4b0db1c5d34b0e6dea8f075e1b8,13
target_centrality,T:352530,130.0,performing_municipio,B,2023,aim3_target_metrics_v2.parquet,374e15163c404aa19bf8453d170490862689d4b0db1c5d34b0e6dea8f075e1b8,21
target_centrality,T:352590,120386.0,performing_municipio,B,2023,aim3_target_metrics_v2.parquet,374e15163c404aa19bf8453d170490862689d4b0db1c5d34b0e6dea8f075e1b8,43
target_centrality,T:352690,1.0,performing_municipio,B,2023,aim3_target_metrics_v2.parquet,374e15163c404aa19bf8453d170490862689d4b0db1c5d34b0e6dea8f075e1b8,27
target_centrality,T:352720,1.0,performing_municipio,B,2023,aim3_target_metrics_v2.parquet,374e15163c404aa19bf8453d170490862689d4b0db1c5d34b0e6dea8f075e1b8,<5
target_centrality,T:352900,36.0,performing_municipio,B,2023,aim3_target_metrics_v2.parquet,374e15163c404aa19bf8453d170490862689d4b0db1c5d34b0e6dea8f075e1b8,15
target_centrality,T:353440,0.0,performing_municipio,B,2023,aim3_target_metrics_v2.parquet,374e15163c404aa19bf8453d170490862689d4b0db1c5d34b0e6dea8f075e1b8,5
target_centrality,T:353870,7575.0,performing_municipio,B,2023,aim3_target_metrics_v2.parquet,374e15163c404aa19bf8453d170490862689d4b0db1c5d34b0e6dea8f075e1b8,28
target_centrality,T:354140,276.0,performing_municipio,B,2023,aim3_target_metrics_v2.parquet,374e15163c404aa19bf8453d170490862689d4b0db1c5d34b0e6dea8f075e1b8,82
target_centrality,T:354260,21.0,performing_municipio,B,2023,aim3_target_metrics_v2.parquet,374e15163c404aa19bf8453d170490862689d4b0db1c5d34b0e6dea8f075e1b8,9
target_centrality,T:354340,102125.0,performing_municipio,B,2023,aim3_target_metrics_v2.parquet,374e15163c404aa19bf8453d170490862689d4b0db1c5d34b0e6dea8f075e1b8,50
target_centrality,T:354850,1265.0,performing_municipio,B,2023,aim3_target_metrics_v2.parquet,374e15163c404aa19bf8453d170490862689d4b0db1c5d34b0e6dea8f075e1b8,29
target_centrality,T:354870,0.0,performing_municipio,B,2023,aim3_target_metrics_v2.parquet,374e15163c404aa19bf8453d170490862689d4b0db1c5d34b0e6dea8f075e1b8,22
target_centrality,T:354880,0.0,performing_municipio,B,2023,aim3_target_metrics_v2.parquet,374e15163c404aa19bf8453d170490862689d4b0db1c5d34b0e6dea8f075e1b8,7
target_centrality,T:354980,69269.0,performing_municipio,B,2023,aim3_target_metrics_v2.parquet,374e15163c404aa19bf8453d170490862689d4b0db1c5d34b0e6dea8f075e1b8,129
target_centrality,T:354990,22154.5,performing_municipio,B,2023,aim3_target_metrics_v2.parquet,374e15163c404aa19bf8453d170490862689d4b0db1c5d34b0e6dea8f075e1b8,41
target_centrality,T:355030,535030.5,performing_municipio,B,2023,aim3_target_metrics_v2.parquet,374e15163c404aa19bf8453d170490862689d4b0db1c5d34b0e6dea8f075e1b8,508
target_centrality,T:355220,27455.0,performing_municipio,B,2023,aim3_target_metrics_v2.parquet,374e15163c404aa19bf8453d170490862689d4b0db1c5d34b0e6dea8f075e1b8,72
target_centrality,T:355280,1264.0,performing_municipio,B,2023,aim3_target_metrics_v2.parquet,374e15163c404aa19bf8453d170490862689d4b0db1c5d34b0e6dea8f075e1b8,35
target_centrality,T:355410,15456.5,performing_municipio,B,2023,aim3_target_metrics_v2.parquet,374e15163c404aa19bf8453d170490862689d4b0db1c5d34b0e6dea8f075e1b8,20
target_centrality,T:355710,3792.0,performing_municipio,B,2023,aim3_target_metrics_v2.parquet,374e15163c404aa19bf8453d170490862689d4b0db1c5d34b0e6dea8f075e1b8,<5
target_centrality,T:410140,0.0,performing_municipio,B,2023,aim3_target_metrics_v2.parquet,374e15163c404aa19bf8453d170490862689d4b0db1c5d34b0e6dea8f075e1b8,<5
target_centrality,T:410150,48518.5,performing_municipio,B,2023,aim3_target_metrics_v2.parquet,374e15163c404aa19bf8453d170490862689d4b0db1c5d34b0e6dea8f075e1b8,25
target_centrality,T:410400,25867.5,performing_municipio,B,2023,aim3_target_metrics_v2.parquet,374e15163c404aa19bf8453d170490862689d4b0db1c5d34b0e6dea8f075e1b8,15
target_centrality,T:410430,21.0,performing_municipio,B,2023,aim3_target_metrics_v2.parquet,374e15163c404aa19bf8453d170490862689d4b0db1c5d34b0e6dea8f075e1b8,8
target_centrality,T:410480,12605.5,performing_municipio,B,2023,aim3_target_metrics_v2.parquet,374e15163c404aa19bf8453d170490862689d4b0db1c5d34b0e6dea8f075e1b8,35
target_centrality,T:410590,0.0,performing_municipio,B,2023,aim3_target_metrics_v2.parquet,374e15163c404aa19bf8453d170490862689d4b0db1c5d34b0e6dea8f075e1b8,<5
target_centrality,T:410690,113187.0,performing_municipio,B,2023,aim3_target_metrics_v2.parquet,374e15163c404aa19bf8453d170490862689d4b0db1c5d34b0e6dea8f075e1b8,81
target_centrality,T:410830,3.0,performing_municipio,B,2023,aim3_target_metrics_v2.parquet,374e15163c404aa19bf8453d170490862689d4b0db1c5d34b0e6dea8f075e1b8,13
target_centrality,T:411370,36343.5,performing_municipio,B,2023,aim3_target_metrics_v2.parquet,374e15163c404aa19bf8453d170490862689d4b0db1c5d34b0e6dea8f075e1b8,91
target_centrality,T:411520,55289.0,performing_municipio,B,2023,aim3_target_metrics_v2.parquet,374e15163c404aa19bf8453d170490862689d4b0db1c5d34b0e6dea8f075e1b8,31
target_centrality,T:411990,11841.0,performing_municipio,B,2023,aim3_target_metrics_v2.parquet,374e15163c404aa19bf8453d170490862689d4b0db1c5d34b0e6dea8f075e1b8,22
target_centrality,T:420240,1.0,performing_municipio,B,2023,aim3_target_metrics_v2.parquet,374e15163c404aa19bf8453d170490862689d4b0db1c5d34b0e6dea8f075e1b8,<5
target_centrality,T:420290,5054.0,performing_municipio,B,2023,aim3_target_metrics_v2.parquet,374e15163c404aa19bf8453d170490862689d4b0db1c5d34b0e6dea8f075e1b8,7
target_centrality,T:420300,73724.5,performing_municipio,B,2023,aim3_target_metrics_v2.parquet,374e15163c404aa19bf8453d170490862689d4b0db1c5d34b0e6dea8f075e1b8,43
target_centrality,T:420460,3157.5,performing_municipio,B,2023,aim3_target_metrics_v2.parquet,374e15163c404aa19bf8453d170490862689d4b0db1c5d34b0e6dea8f075e1b8,5
target_centrality,T:420540,20751.0,performing_municipio,B,2023,aim3_target_metrics_v2.parquet,374e15163c404aa19bf8453d170490862689d4b0db1c5d34b0e6dea8f075e1b8,88
target_centrality,T:420900,10.0,performing_municipio,B,2023,aim3_target_metrics_v2.parquet,374e15163c404aa19bf8453d170490862689d4b0db1c5d34b0e6dea8f075e1b8,6
target_centrality,T:420910,2591.0,performing_municipio,B,2023,aim3_target_metrics_v2.parquet,374e15163c404aa19bf8453d170490862689d4b0db1c5d34b0e6dea8f075e1b8,30
target_centrality,T:420930,2529.0,performing_municipio,B,2023,aim3_target_metrics_v2.parquet,374e15163c404aa19bf8453d170490862689d4b0db1c5d34b0e6dea8f075e1b8,<5
target_centrality,T:421010,85158.0,performing_municipio,B,2023,aim3_target_metrics_v2.parquet,374e15163c404aa19bf8453d170490862689d4b0db1c5d34b0e6dea8f075e1b8,14
target_centrality,T:421480,0.0,performing_municipio,B,2023,aim3_target_metrics_v2.parquet,374e15163c404aa19bf8453d170490862689d4b0db1c5d34b0e6dea8f075e1b8,<5
target_centrality,T:421660,0.0,performing_municipio,B,2023,aim3_target_metrics_v2.parquet,374e15163c404aa19bf8453d170490862689d4b0db1c5d34b0e6dea8f075e1b8,<5
target_centrality,T:421870,0.0,performing_municipio,B,2023,aim3_target_metrics_v2.parquet,374e15163c404aa19bf8453d170490862689d4b0db1c5d34b0e6dea8f075e1b8,<5
target_centrality,T:430510,137760.0,performing_municipio,B,2023,aim3_target_metrics_v2.parquet,374e15163c404aa19bf8453d170490862689d4b0db1c5d34b0e6dea8f075e1b8,72
target_centrality,T:430860,133210.0,performing_municipio,B,2023,aim3_target_metrics_v2.parquet,374e15163c404aa19bf8453d170490862689d4b0db1c5d34b0e6dea8f075e1b8,77
target_centrality,T:431410,3792.0,performing_municipio,B,2023,aim3_target_metrics_v2.parquet,374e15163c404aa19bf8453d170490862689d4b0db1c5d34b0e6dea8f075e1b8,13
target_centrality,T:431440,0.0,performing_municipio,B,2023,aim3_target_metrics_v2.parquet,374e15163c404aa19bf8453d170490862689d4b0db1c5d34b0e6dea8f075e1b8,8
target_centrality,T:431490,112137.0,performing_municipio,B,2023,aim3_target_metrics_v2.parquet,374e15163c404aa19bf8453d170490862689d4b0db1c5d34b0e6dea8f075e1b8,218
target_centrality,T:431560,0.0,performing_municipio,B,2023,aim3_target_metrics_v2.parquet,374e15163c404aa19bf8453d170490862689d4b0db1c5d34b0e6dea8f075e1b8,9
target_centrality,T:431680,0.0,performing_municipio,B,2023,aim3_target_metrics_v2.parquet,374e15163c404aa19bf8453d170490862689d4b0db1c5d34b0e6dea8f075e1b8,13
target_centrality,T:431690,53501.0,performing_municipio,B,2023,aim3_target_metrics_v2.parquet,374e15163c404aa19bf8453d170490862689d4b0db1c5d34b0e6dea8f075e1b8,135
target_centrality,T:500270,616.0,performing_municipio,B,2023,aim3_target_metrics_v2.parquet,374e15163c404aa19bf8453d170490862689d4b0db1c5d34b0e6dea8f075e1b8,59
target_centrality,T:500830,1171.0,performing_municipio,B,2023,aim3_target_metrics_v2.parquet,374e15163c404aa19bf8453d170490862689d4b0db1c5d34b0e6dea8f075e1b8,25
target_centrality,T:510340,984.0,performing_municipio,B,2023,aim3_target_metrics_v2.parquet,374e15163c404aa19bf8453d170490862689d4b0db1c5d34b0e6dea8f075e1b8,45
target_centrality,T:510525,0.0,performing_municipio,B,2023,aim3_target_metrics_v2.parquet,374e15163c404aa19bf8453d170490862689d4b0db1c5d34b0e6dea8f075e1b8,<5
target_centrality,T:510760,121.0,performing_municipio,B,2023,aim3_target_metrics_v2.parquet,374e15163c404aa19bf8453d170490862689d4b0db1c5d34b0e6dea8f075e1b8,25
target_centrality,T:510790,123.5,performing_municipio,B,2023,aim3_target_metrics_v2.parquet,374e15163c404aa19bf8453d170490862689d4b0db1c5d34b0e6dea8f075e1b8,7
target_centrality,T:510792,1245.5,performing_municipio,B,2023,aim3_target_metrics_v2.parquet,374e15163c404aa19bf8453d170490862689d4b0db1c5d34b0e6dea8f075e1b8,15
target_centrality,T:520140,0.0,performing_municipio,B,2023,aim3_target_metrics_v2.parquet,374e15163c404aa19bf8453d170490862689d4b0db1c5d34b0e6dea8f075e1b8,<5
target_centrality,T:520870,1724.5,performing_municipio,B,2023,aim3_target_metrics_v2.parquet,374e15163c404aa19bf8453d170490862689d4b0db1c5d34b0e6dea8f075e1b8,99
target_centrality,T:521310,0.0,performing_municipio,B,2023,aim3_target_metrics_v2.parquet,374e15163c404aa19bf8453d170490862689d4b0db1c5d34b0e6dea8f075e1b8,<5
target_centrality,T:521880,0.0,performing_municipio,B,2023,aim3_target_metrics_v2.parquet,374e15163c404aa19bf8453d170490862689d4b0db1c5d34b0e6dea8f075e1b8,<5
target_centrality,T:521930,1604.5,performing_municipio,B,2023,aim3_target_metrics_v2.parquet,374e15163c404aa19bf8453d170490862689d4b0db1c5d34b0e6dea8f075e1b8,80
target_centrality,T:522160,0.0,performing_municipio,B,2023,aim3_target_metrics_v2.parquet,374e15163c404aa19bf8453d170490862689d4b0db1c5d34b0e6dea8f075e1b8,<5
target_centrality,T:530010,20.0,performing_municipio,B,2023,aim3_target_metrics_v2.parquet,374e15163c404aa19bf8453d170490862689d4b0db1c5d34b0e6dea8f075e1b8,57
target_centrality,T:110020,33206.0,performing_municipio,B,2024,aim3_target_metrics_v2.parquet,374e15163c404aa19bf8453d170490862689d4b0db1c5d34b0e6dea8f075e1b8,40
target_centrality,T:110030,3042.0,performing_municipio,B,2024,aim3_target_metrics_v2.parquet,374e15163c404aa19bf8453d170490862689d4b0db1c5d34b0e6dea8f075e1b8,6
target_centrality,T:120020,6078.0,performing_municipio,B,2024,aim3_target_metrics_v2.parquet,374e15163c404aa19bf8453d170490862689d4b0db1c5d34b0e6dea8f075e1b8,9
target_centrality,T:130260,21.0,performing_municipio,B,2024,aim3_target_metrics_v2.parquet,374e15163c404aa19bf8453d170490862689d4b0db1c5d34b0e6dea8f075e1b8,83
target_centrality,T:150060,6078.0,performing_municipio,B,2024,aim3_target_metrics_v2.parquet,374e15163c404aa19bf8453d170490862689d4b0db1c5d34b0e6dea8f075e1b8,26
target_centrality,T:150140,73307.0,performing_municipio,B,2024,aim3_target_metrics_v2.parquet,374e15163c404aa19bf8453d170490862689d4b0db1c5d34b0e6dea8f075e1b8,104
target_centrality,T:150240,0.0,performing_municipio,B,2024,aim3_target_metrics_v2.parquet,374e15163c404aa19bf8453d170490862689d4b0db1c5d34b0e6dea8f075e1b8,<5
target_centrality,T:150420,82979.0,performing_municipio,B,2024,aim3_target_metrics_v2.parquet,374e15163c404aa19bf8453d170490862689d4b0db1c5d34b0e6dea8f075e1b8,21
target_centrality,T:150543,106338.0,performing_municipio,B,2024,aim3_target_metrics_v2.parquet,374e15163c404aa19bf8453d170490862689d4b0db1c5d34b0e6dea8f075e1b8,31
target_centrality,T:150680,13653.0,performing_municipio,B,2024,aim3_target_metrics_v2.parquet,374e15163c404aa19bf8453d170490862689d4b0db1c5d34b0e6dea8f075e1b8,41
target_centrality,T:160030,10.0,performing_municipio,B,2024,aim3_target_metrics_v2.parquet,374e15163c404aa19bf8453d170490862689d4b0db1c5d34b0e6dea8f075e1b8,53
target_centrality,T:170210,105.0,performing_municipio,B,2024,aim3_target_metrics_v2.parquet,374e15163c404aa19bf8453d170490862689d4b0db1c5d34b0e6dea8f075e1b8,11
target_centrality,T:172100,255.0,performing_municipio,B,2024,aim3_target_metrics_v2.parquet,374e15163c404aa19bf8453d170490862689d4b0db1c5d34b0e6dea8f075e1b8,50
target_centrality,T:210530,3.0,performing_municipio,B,2024,aim3_target_metrics_v2.parquet,374e15163c404aa19bf8453d170490862689d4b0db1c5d34b0e6dea8f075e1b8,8
target_centrality,T:211130,432329.0,performing_municipio,B,2024,aim3_target_metrics_v2.parquet,374e15163c404aa19bf8453d170490862689d4b0db1c5d34b0e6dea8f075e1b8,107
target_centrality,T:221100,136.0,performing_municipio,B,2024,aim3_target_metrics_v2.parquet,374e15163c404aa19bf8453d170490862689d4b0db1c5d34b0e6dea8f075e1b8,29
target_centrality,T:230440,122564.16666666667,performing_municipio,B,2024,aim3_target_metrics_v2.parquet,374e15163c404aa19bf8453d170490862689d4b0db1c5d34b0e6dea8f075e1b8,164
target_centrality,T:230730,13657.5,performing_municipio,B,2024,aim3_target_metrics_v2.parquet,374e15163c404aa19bf8453d170490862689d4b0db1c5d34b0e6dea8f075e1b8,51
target_centrality,T:231140,8362.666666666668,performing_municipio,B,2024,aim3_target_metrics_v2.parquet,374e15163c404aa19bf8453d170490862689d4b0db1c5d34b0e6dea8f075e1b8,21
target_centrality,T:231290,21203.0,performing_municipio,B,2024,aim3_target_metrics_v2.parquet,374e15163c404aa19bf8453d170490862689d4b0db1c5d34b0e6dea8f075e1b8,51
target_centrality,T:231340,0.0,performing_municipio,B,2024,aim3_target_metrics_v2.parquet,374e15163c404aa19bf8453d170490862689d4b0db1c5d34b0e6dea8f075e1b8,<5
target_centrality,T:240310,4945.0,performing_municipio,B,2024,aim3_target_metrics_v2.parquet,374e15163c404aa19bf8453d170490862689d4b0db1c5d34b0e6dea8f075e1b8,544
target_centrality,T:240810,99.0,performing_municipio,B,2024,aim3_target_metrics_v2.parquet,374e15163c404aa19bf8453d170490862689d4b0db1c5d34b0e6dea8f075e1b8,8
target_centrality,T:250400,189.0,performing_municipio,B,2024,aim3_target_metrics_v2.parquet,374e15163c404aa19bf8453d170490862689d4b0db1c5d34b0e6dea8f075e1b8,21
target_centrality,T:250750,75.0,performing_municipio,B,2024,aim3_target_metrics_v2.parquet,374e15163c404aa19bf8453d170490862689d4b0db1c5d34b0e6dea8f075e1b8,17
target_centrality,T:260410,96710.5,performing_municipio,B,2024,aim3_target_metrics_v2.parquet,374e15163c404aa19bf8453d170490862689d4b0db1c5d34b0e6dea8f075e1b8,259
target_centrality,T:261160,570975.0,performing_municipio,B,2024,aim3_target_metrics_v2.parquet,374e15163c404aa19bf8453d170490862689d4b0db1c5d34b0e6dea8f075e1b8,493
target_centrality,T:261390,12146.5,performing_municipio,B,2024,aim3_target_metrics_v2.parquet,374e15163c404aa19bf8453d170490862689d4b0db1c5d34b0e6dea8f075e1b8,23
target_centrality,T:270430,19696.0,performing_municipio,B,2024,aim3_target_metrics_v2.parquet,374e15163c404aa19bf8453d170490862689d4b0db1c5d34b0e6dea8f075e1b8,36
target_centrality,T:280030,49665.0,performing_municipio,B,2024,aim3_target_metrics_v2.parquet,374e15163c404aa19bf8453d170490862689d4b0db1c5d34b0e6dea8f075e1b8,73
target_centrality,T:291080,418630.5,performing_municipio,B,2024,aim3_target_metrics_v2.parquet,374e15163c404aa19bf8453d170490862689d4b0db1c5d34b0e6dea8f075e1b8,112
target_centrality,T:291360,100986.5,performing_municipio,B,2024,aim3_target_metrics_v2.parquet,374e15163c404aa19bf8453d170490862689d4b0db1c5d34b0e6dea8f075e1b8,34
target_centrality,T:291800,7644.0,performing_municipio,B,2024,aim3_target_metrics_v2.parquet,374e15163c404aa19bf8453d170490862689d4b0db1c5d34b0e6dea8f075e1b8,22
target_centrality,T:291840,6078.0,performing_municipio,B,2024,aim3_target_metrics_v2.parquet,374e15163c404aa19bf8453d170490862689d4b0db1c5d34b0e6dea8f075e1b8,17
target_centrality,T:292740,356650.5,performing_municipio,B,2024,aim3_target_metrics_v2.parquet,374e15163c404aa19bf8453d170490862689d4b0db1c5d34b0e6dea8f075e1b8,509
target_centrality,T:293135,10883.5,performing_municipio,B,2024,aim3_target_metrics_v2.parquet,374e15163c404aa19bf8453d170490862689d4b0db1c5d34b0e6dea8f075e1b8,26
target_centrality,T:293330,3041.0,performing_municipio,B,2024,aim3_target_metrics_v2.parquet,374e15163c404aa19bf8453d170490862689d4b0db1c5d34b0e6dea8f075e1b8,7
target_centrality,T:310160,78.0,performing_municipio,B,2024,aim3_target_metrics_v2.parquet,374e15163c404aa19bf8453d170490862689d4b0db1c5d34b0e6dea8f075e1b8,24
target_centrality,T:310350,12.0,performing_municipio,B,2024,aim3_target_metrics_v2.parquet,374e15163c404aa19bf8453d170490862689d4b0db1c5d34b0e6dea8f075e1b8,11
target_centrality,T:310620,126966.0,performing_municipio,B,2024,aim3_target_metrics_v2.parquet,374e15163c404aa19bf8453d170490862689d4b0db1c5d34b0e6dea8f075e1b8,256
target_centrality,T:310900,4560.0,performing_municipio,B,2024,aim3_target_metrics_v2.parquet,374e15163c404aa19bf8453d170490862689d4b0db1c5d34b0e6dea8f075e1b8,10
target_centrality,T:312770,24216.0,performing_municipio,B,2024,aim3_target_metrics_v2.parquet,374e15163c404aa19bf8453d170490862689d4b0db1c5d34b0e6dea8f075e1b8,42
target_centrality,T:313380,0.0,performing_municipio,B,2024,aim3_target_metrics_v2.parquet,374e15163c404aa19bf8453d170490862689d4b0db1c5d34b0e6dea8f075e1b8,<5
target_centrality,T:313670,231.0,performing_municipio,B,2024,aim3_target_metrics_v2.parquet,374e15163c404aa19bf8453d170490862689d4b0db1c5d34b0e6dea8f075e1b8,72
target_centrality,T:314330,78.0,performing_municipio,B,2024,aim3_target_metrics_v2.parquet,374e15163c404aa19bf8453d170490862689d4b0db1c5d34b0e6dea8f075e1b8,36
target_centrality,T:314390,0.0,performing_municipio,B,2024,aim3_target_metrics_v2.parquet,374e15163c404aa19bf8453d170490862689d4b0db1c5d34b0e6dea8f075e1b8,<5
target_centrality,T:314700,0.0,performing_municipio,B,2024,aim3_target_metrics_v2.parquet,374e15163c404aa19bf8453d170490862689d4b0db1c5d34b0e6dea8f075e1b8,<5
target_centrality,T:314790,6.0,performing_municipio,B,2024,aim3_target_metrics_v2.parquet,374e15163c404aa19bf8453d170490862689d4b0db1c5d34b0e6dea8f075e1b8,<5
target_centrality,T:315120,0.0,performing_municipio,B,2024,aim3_target_metrics_v2.parquet,374e15163c404aa19bf8453d170490862689d4b0db1c5d34b0e6dea8f075e1b8,<5
target_centrality,T:315180,0.0,performing_municipio,B,2024,aim3_target_metrics_v2.parquet,374e15163c404aa19bf8453d170490862689d4b0db1c5d34b0e6dea8f075e1b8,<5
target_centrality,T:315250,30204.0,performing_municipio,B,2024,aim3_target_metrics_v2.parquet,374e15163c404aa19bf8453d170490862689d4b0db1c5d34b0e6dea8f075e1b8,60
target_centrality,T:316720,7595.0,performing_municipio,B,2024,aim3_target_metrics_v2.parquet,374e15163c404aa19bf8453d170490862689d4b0db1c5d34b0e6dea8f075e1b8,26
target_centrality,T:316990,0.0,performing_municipio,B,2024,aim3_target_metrics_v2.parquet,374e15163c404aa19bf8453d170490862689d4b0db1c5d34b0e6dea8f075e1b8,<5
target_centrality,T:317020,75.0,performing_municipio,B,2024,aim3_target_metrics_v2.parquet,374e15163c404aa19bf8453d170490862689d4b0db1c5d34b0e6dea8f075e1b8,63
target_centrality,T:320120,19726.0,performing_municipio,B,2024,aim3_target_metrics_v2.parquet,374e15163c404aa19bf8453d170490862689d4b0db1c5d34b0e6dea8f075e1b8,73
target_centrality,T:320480,1521.0,performing_municipio,B,2024,aim3_target_metrics_v2.parquet,374e15163c404aa19bf8453d170490862689d4b0db1c5d34b0e6dea8f075e1b8,<5
target_centrality,T:320500,7575.0,performing_municipio,B,2024,aim3_target_metrics_v2.parquet,374e15163c404aa19bf8453d170490862689d4b0db1c5d34b0e6dea8f075e1b8,92
target_centrality,T:320520,0.0,performing_municipio,B,2024,aim3_target_metrics_v2.parquet,374e15163c404aa19bf8453d170490862689d4b0db1c5d34b0e6dea8f075e1b8,<5
target_centrality,T:320530,65682.0,performing_municipio,B,2024,aim3_target_metrics_v2.parquet,374e15163c404aa19bf8453d170490862689d4b0db1c5d34b0e6dea8f075e1b8,72
target_centrality,T:330010,0.0,performing_municipio,B,2024,aim3_target_metrics_v2.parquet,374e15163c404aa19bf8453d170490862689d4b0db1c5d34b0e6dea8f075e1b8,<5
target_centrality,T:330070,0.0,performing_municipio,B,2024,aim3_target_metrics_v2.parquet,374e15163c404aa19bf8453d170490862689d4b0db1c5d34b0e6dea8f075e1b8,10
target_centrality,T:330100,1.0,performing_municipio,B,2024,aim3_target_metrics_v2.parquet,374e15163c404aa19bf8453d170490862689d4b0db1c5d34b0e6dea8f075e1b8,6
target_centrality,T:330220,0.0,performing_municipio,B,2024,aim3_target_metrics_v2.parquet,374e15163c404aa19bf8453d170490862689d4b0db1c5d34b0e6dea8f075e1b8,<5
target_centrality,T:330240,6.0,performing_municipio,B,2024,aim3_target_metrics_v2.parquet,374e15163c404aa19bf8453d170490862689d4b0db1c5d34b0e6dea8f075e1b8,35
target_centrality,T:330330,49.0,performing_municipio,B,2024,aim3_target_metrics_v2.parquet,374e15163c404aa19bf8453d170490862689d4b0db1c5d34b0e6dea8f075e1b8,5
target_centrality,T:330350,96.0,performing_municipio,B,2024,aim3_target_metrics_v2.parquet,374e15163c404aa19bf8453d170490862689d4b0db1c5d34b0e6dea8f075e1b8,46
target_centrality,T:330390,26.0,performing_municipio,B,2024,aim3_target_metrics_v2.parquet,374e15163c404aa19bf8453d170490862689d4b0db1c5d34b0e6dea8f075e1b8,53
target_centrality,T:330455,255.0,performing_municipio,B,2024,aim3_target_metrics_v2.parquet,374e15163c404aa19bf8453d170490862689d4b0db1c5d34b0e6dea8f075e1b8,161
target_centrality,T:330490,148.0,performing_municipio,B,2024,aim3_target_metrics_v2.parquet,374e15163c404aa19bf8453d170490862689d4b0db1c5d34b0e6dea8f075e1b8,42
target_centrality,T:330630,1.0,performing_municipio,B,2024,aim3_target_metrics_v2.parquet,374e15163c404aa19bf8453d170490862689d4b0db1c5d34b0e6dea8f075e1b8,<5
target_centrality,T:350280,1.0,performing_municipio,B,2024,aim3_target_metrics_v2.parquet,374e15163c404aa19bf8453d170490862689d4b0db1c5d34b0e6dea8f075e1b8,7
target_centrality,T:350320,1521.0,performing_municipio,B,2024,aim3_target_metrics_v2.parquet,374e15163c404aa19bf8453d170490862689d4b0db1c5d34b0e6dea8f075e1b8,6
target_centrality,T:350330,0.0,performing_municipio,B,2024,aim3_target_metrics_v2.parquet,374e15163c404aa19bf8453d170490862689d4b0db1c5d34b0e6dea8f075e1b8,<5
target_centrality,T:350400,10626.0,performing_municipio,B,2024,aim3_target_metrics_v2.parquet,374e15163c404aa19bf8453d170490862689d4b0db1c5d34b0e6dea8f075e1b8,12
target_centrality,T:350550,308.0,performing_municipio,B,2024,aim3_target_metrics_v2.parquet,374e15163c404aa19bf8453d170490862689d4b0db1c5d34b0e6dea8f075e1b8,16
target_centrality,T:350570,1525.0,performing_municipio,B,2024,aim3_target_metrics_v2.parquet,374e15163c404aa19bf8453d170490862689d4b0db1c5d34b0e6dea8f075e1b8,48
target_centrality,T:350600,37697.0,performing_municipio,B,2024,aim3_target_metrics_v2.parquet,374e15163c404aa19bf8453d170490862689d4b0db1c5d34b0e6dea8f075e1b8,138
target_centrality,T:350750,45.0,performing_municipio,B,2024,aim3_target_metrics_v2.parquet,374e15163c404aa19bf8453d170490862689d4b0db1c5d34b0e6dea8f075e1b8,28
target_centrality,T:350760,14949.0,performing_municipio,B,2024,aim3_target_metrics_v2.parquet,374e15163c404aa19bf8453d170490862689d4b0db1c5d34b0e6dea8f075e1b8,31
target_centrality,T:350950,34929.0,performing_municipio,B,2024,aim3_target_metrics_v2.parquet,374e15163c404aa19bf8453d170490862689d4b0db1c5d34b0e6dea8f075e1b8,89
target_centrality,T:351050,0.0,performing_municipio,B,2024,aim3_target_metrics_v2.parquet,374e15163c404aa19bf8453d170490862689d4b0db1c5d34b0e6dea8f075e1b8,<5
target_centrality,T:351060,1521.0,performing_municipio,B,2024,aim3_target_metrics_v2.parquet,374e15163c404aa19bf8453d170490862689d4b0db1c5d34b0e6dea8f075e1b8,6
target_centrality,T:351110,309.0,performing_municipio,B,2024,aim3_target_metrics_v2.parquet,374e15163c404aa19bf8453d170490862689d4b0db1c5d34b0e6dea8f075e1b8,18
target_centrality,T:351340,9111.0,performing_municipio,B,2024,aim3_target_metrics_v2.parquet,374e15163c404aa19bf8453d170490862689d4b0db1c5d34b0e6dea8f075e1b8,38
target_centrality,T:351620,13654.0,performing_municipio,B,2024,aim3_target_metrics_v2.parquet,374e15163c404aa19bf8453d170490862689d4b0db1c5d34b0e6dea8f075e1b8,40
target_centrality,T:351640,1.0,performing_municipio,B,2024,aim3_target_metrics_v2.parquet,374e15163c404aa19bf8453d170490862689d4b0db1c5d34b0e6dea8f075e1b8,8
target_centrality,T:351840,0.0,performing_municipio,B,2024,aim3_target_metrics_v2.parquet,374e15163c404aa19bf8453d170490862689d4b0db1c5d34b0e6dea8f075e1b8,<5
target_centrality,T:351880,2442.0,performing_municipio,B,2024,aim3_target_metrics_v2.parquet,374e15163c404aa19bf8453d170490862689d4b0db1c5d34b0e6dea8f075e1b8,58
target_centrality,T:352220,0.0,performing_municipio,B,2024,aim3_target_metrics_v2.parquet,374e15163c404aa19bf8453d170490862689d4b0db1c5d34b0e6dea8f075e1b8,11
target_centrality,T:352310,2.5,performing_municipio,B,2024,aim3_target_metrics_v2.parquet,374e15163c404aa19bf8453d170490862689d4b0db1c5d34b0e6dea8f075e1b8,11
target_centrality,T:352440,1.0,performing_municipio,B,2024,aim3_target_metrics_v2.parquet,374e15163c404aa19bf8453d170490862689d4b0db1c5d34b0e6dea8f075e1b8,14
target_centrality,T:352530,9111.0,performing_municipio,B,2024,aim3_target_metrics_v2.parquet,374e15163c404aa19bf8453d170490862689d4b0db1c5d34b0e6dea8f075e1b8,16
target_centrality,T:352590,10608.0,performing_municipio,B,2024,aim3_target_metrics_v2.parquet,374e15163c404aa19bf8453d170490862689d4b0db1c5d34b0e6dea8f075e1b8,29
target_centrality,T:352690,4560.0,performing_municipio,B,2024,aim3_target_metrics_v2.parquet,374e15163c404aa19bf8453d170490862689d4b0db1c5d34b0e6dea8f075e1b8,44
target_centrality,T:352720,1521.0,performing_municipio,B,2024,aim3_target_metrics_v2.parquet,374e15163c404aa19bf8453d170490862689d4b0db1c5d34b0e6dea8f075e1b8,<5
target_centrality,T:352730,0.0,performing_municipio,B,2024,aim3_target_metrics_v2.parquet,374e15163c404aa19bf8453d170490862689d4b0db1c5d34b0e6dea8f075e1b8,<5
target_centrality,T:352900,16676.0,performing_municipio,B,2024,aim3_target_metrics_v2.parquet,374e15163c404aa19bf8453d170490862689d4b0db1c5d34b0e6dea8f075e1b8,30
target_centrality,T:353440,0.0,performing_municipio,B,2024,aim3_target_metrics_v2.parquet,374e15163c404aa19bf8453d170490862689d4b0db1c5d34b0e6dea8f075e1b8,6
target_centrality,T:353870,15155.0,performing_municipio,B,2024,aim3_target_metrics_v2.parquet,374e15163c404aa19bf8453d170490862689d4b0db1c5d34b0e6dea8f075e1b8,40
target_centrality,T:354140,1339.0,performing_municipio,B,2024,aim3_target_metrics_v2.parquet,374e15163c404aa19bf8453d170490862689d4b0db1c5d34b0e6dea8f075e1b8,77
target_centrality,T:354260,12140.0,performing_municipio,B,2024,aim3_target_metrics_v2.parquet,374e15163c404aa19bf8453d170490862689d4b0db1c5d34b0e6dea8f075e1b8,13
target_centrality,T:354340,92114.0,performing_municipio,B,2024,aim3_target_metrics_v2.parquet,374e15163c404aa19bf8453d170490862689d4b0db1c5d34b0e6dea8f075e1b8,63
target_centrality,T:354850,3044.0,performing_municipio,B,2024,aim3_target_metrics_v2.parquet,374e15163c404aa19bf8453d170490862689d4b0db1c5d34b0e6dea8f075e1b8,79
target_centrality,T:354870,0.0,performing_municipio,B,2024,aim3_target_metrics_v2.parquet,374e15163c404aa19bf8453d170490862689d4b0db1c5d34b0e6dea8f075e1b8,18
target_centrality,T:354880,0.0,performing_municipio,B,2024,aim3_target_metrics_v2.parquet,374e15163c404aa19bf8453d170490862689d4b0db1c5d34b0e6dea8f075e1b8,8
target_centrality,T:354890,4560.0,performing_municipio,B,2024,aim3_target_metrics_v2.parquet,374e15163c404aa19bf8453d170490862689d4b0db1c5d34b0e6dea8f075e1b8,17
target_centrality,T:354980,1428.0,performing_municipio,B,2024,aim3_target_metrics_v2.parquet,374e15163c404aa19bf8453d170490862689d4b0db1c5d34b0e6dea8f075e1b8,129
target_centrality,T:354990,13654.0,performing_municipio,B,2024,aim3_target_metrics_v2.parquet,374e15163c404aa19bf8453d170490862689d4b0db1c5d34b0e6dea8f075e1b8,39
target_centrality,T:355030,698132.5,performing_municipio,B,2024,aim3_target_metrics_v2.parquet,374e15163c404aa19bf8453d170490862689d4b0db1c5d34b0e6dea8f075e1b8,771
target_centrality,T:355220,36231.0,performing_municipio,B,2024,aim3_target_metrics_v2.parquet,374e15163c404aa19bf8453d170490862689d4b0db1c5d34b0e6dea8f075e1b8,81
target_centrality,T:355280,3041.0,performing_municipio,B,2024,aim3_target_metrics_v2.parquet,374e15163c404aa19bf8453d170490862689d4b0db1c5d34b0e6dea8f075e1b8,47
target_centrality,T:355410,19584.0,performing_municipio,B,2024,aim3_target_metrics_v2.parquet,374e15163c404aa19bf8453d170490862689d4b0db1c5d34b0e6dea8f075e1b8,27
target_centrality,T:355710,0.0,performing_municipio,B,2024,aim3_target_metrics_v2.parquet,374e15163c404aa19bf8453d170490862689d4b0db1c5d34b0e6dea8f075e1b8,<5
target_centrality,T:410140,64.0,performing_municipio,B,2024,aim3_target_metrics_v2.parquet,374e15163c404aa19bf8453d170490862689d4b0db1c5d34b0e6dea8f075e1b8,<5
target_centrality,T:410150,839.5,performing_municipio,B,2024,aim3_target_metrics_v2.parquet,374e15163c404aa19bf8453d170490862689d4b0db1c5d34b0e6dea8f075e1b8,61
target_centrality,T:410400,1550.5,performing_municipio,B,2024,aim3_target_metrics_v2.parquet,374e15163c404aa19bf8453d170490862689d4b0db1c5d34b0e6dea8f075e1b8,9
target_centrality,T:410430,16676.0,performing_municipio,B,2024,aim3_target_metrics_v2.parquet,374e15163c404aa19bf8453d170490862689d4b0db1c5d34b0e6dea8f075e1b8,23
target_centrality,T:410480,45195.0,performing_municipio,B,2024,aim3_target_metrics_v2.parquet,374e15163c404aa19bf8453d170490862689d4b0db1c5d34b0e6dea8f075e1b8,107
target_centrality,T:410590,3.0,performing_municipio,B,2024,aim3_target_metrics_v2.parquet,374e15163c404aa19bf8453d170490862689d4b0db1c5d34b0e6dea8f075e1b8,<5
target_centrality,T:410690,106146.5,performing_municipio,B,2024,aim3_target_metrics_v2.parquet,374e15163c404aa19bf8453d170490862689d4b0db1c5d34b0e6dea8f075e1b8,102
target_centrality,T:410830,21.0,performing_municipio,B,2024,aim3_target_metrics_v2.parquet,374e15163c404aa19bf8453d170490862689d4b0db1c5d34b0e6dea8f075e1b8,70
target_centrality,T:411370,1394.5,performing_municipio,B,2024,aim3_target_metrics_v2.parquet,374e15163c404aa19bf8453d170490862689d4b0db1c5d34b0e6dea8f075e1b8,65
target_centrality,T:411520,203403.0,performing_municipio,B,2024,aim3_target_metrics_v2.parquet,374e15163c404aa19bf8453d170490862689d4b0db1c5d34b0e6dea8f075e1b8,28
target_centrality,T:411990,12153.0,performing_municipio,B,2024,aim3_target_metrics_v2.parquet,374e15163c404aa19bf8453d170490862689d4b0db1c5d34b0e6dea8f075e1b8,33
target_centrality,T:412550,0.0,performing_municipio,B,2024,aim3_target_metrics_v2.parquet,374e15163c404aa19bf8453d170490862689d4b0db1c5d34b0e6dea8f075e1b8,5
target_centrality,T:412810,0.0,performing_municipio,B,2024,aim3_target_metrics_v2.parquet,374e15163c404aa19bf8453d170490862689d4b0db1c5d34b0e6dea8f075e1b8,<5
target_centrality,T:420240,4333.0,performing_municipio,B,2024,aim3_target_metrics_v2.parquet,374e15163c404aa19bf8453d170490862689d4b0db1c5d34b0e6dea8f075e1b8,10
target_centrality,T:420290,146956.83333333337,performing_municipio,B,2024,aim3_target_metrics_v2.parquet,374e15163c404aa19bf8453d170490862689d4b0db1c5d34b0e6dea8f075e1b8,92
target_centrality,T:420300,49754.0,performing_municipio,B,2024,aim3_target_metrics_v2.parquet,374e15163c404aa19bf8453d170490862689d4b0db1c5d34b0e6dea8f075e1b8,57
target_centrality,T:420460,3047.0,performing_municipio,B,2024,aim3_target_metrics_v2.parquet,374e15163c404aa19bf8453d170490862689d4b0db1c5d34b0e6dea8f075e1b8,14
target_centrality,T:420540,10629.0,performing_municipio,B,2024,aim3_target_metrics_v2.parquet,374e15163c404aa19bf8453d170490862689d4b0db1c5d34b0e6dea8f075e1b8,53
target_centrality,T:420900,13654.0,performing_municipio,B,2024,aim3_target_metrics_v2.parquet,374e15163c404aa19bf8453d170490862689d4b0db1c5d34b0e6dea8f075e1b8,22
target_centrality,T:420910,3042.0,performing_municipio,B,2024,aim3_target_metrics_v2.parquet,374e15163c404aa19bf8453d170490862689d4b0db1c5d34b0e6dea8f075e1b8,10
target_centrality,T:420930,13653.0,performing_municipio,B,2024,aim3_target_metrics_v2.parquet,374e15163c404aa19bf8453d170490862689d4b0db1c5d34b0e6dea8f075e1b8,38
target_centrality,T:421010,190711.16666666666,performing_municipio,B,2024,aim3_target_metrics_v2.parquet,374e15163c404aa19bf8453d170490862689d4b0db1c5d34b0e6dea8f075e1b8,82
target_centrality,T:421480,0.0,performing_municipio,B,2024,aim3_target_metrics_v2.parquet,374e15163c404aa19bf8453d170490862689d4b0db1c5d34b0e6dea8f075e1b8,<5
target_centrality,T:421660,4671.0,performing_municipio,B,2024,aim3_target_metrics_v2.parquet,374e15163c404aa19bf8453d170490862689d4b0db1c5d34b0e6dea8f075e1b8,11
target_centrality,T:421720,16634.0,performing_municipio,B,2024,aim3_target_metrics_v2.parquet,374e15163c404aa19bf8453d170490862689d4b0db1c5d34b0e6dea8f075e1b8,25
target_centrality,T:421770,3054.0,performing_municipio,B,2024,aim3_target_metrics_v2.parquet,374e15163c404aa19bf8453d170490862689d4b0db1c5d34b0e6dea8f075e1b8,7
target_centrality,T:421870,1521.0,performing_municipio,B,2024,aim3_target_metrics_v2.parquet,374e15163c404aa19bf8453d170490862689d4b0db1c5d34b0e6dea8f075e1b8,<5
target_centrality,T:430460,1582.0,performing_municipio,B,2024,aim3_target_metrics_v2.parquet,374e15163c404aa19bf8453d170490862689d4b0db1c5d34b0e6dea8f075e1b8,35
target_centrality,T:430510,1522.0,performing_municipio,B,2024,aim3_target_metrics_v2.parquet,374e15163c404aa19bf8453d170490862689d4b0db1c5d34b0e6dea8f075e1b8,27
target_centrality,T:430860,15166.5,performing_municipio,B,2024,aim3_target_metrics_v2.parquet,374e15163c404aa19bf8453d170490862689d4b0db1c5d34b0e6dea8f075e1b8,21
target_centrality,T:431410,183233.0,performing_municipio,B,2024,aim3_target_metrics_v2.parquet,374e15163c404aa19bf8453d170490862689d4b0db1c5d34b0e6dea8f075e1b8,26
target_centrality,T:431440,1.0,performing_municipio,B,2024,aim3_target_metrics_v2.parquet,374e15163c404aa19bf8453d170490862689d4b0db1c5d34b0e6dea8f075e1b8,10
target_centrality,T:431490,174643.5,performing_municipio,B,2024,aim3_target_metrics_v2.parquet,374e15163c404aa19bf8453d170490862689d4b0db1c5d34b0e6dea8f075e1b8,267
target_centrality,T:431560,0.0,performing_municipio,B,2024,aim3_target_metrics_v2.parquet,374e15163c404aa19bf8453d170490862689d4b0db1c5d34b0e6dea8f075e1b8,5
target_centrality,T:431680,0.0,performing_municipio,B,2024,aim3_target_metrics_v2.parquet,374e15163c404aa19bf8453d170490862689d4b0db1c5d34b0e6dea8f075e1b8,18
target_centrality,T:431690,80643.0,performing_municipio,B,2024,aim3_target_metrics_v2.parquet,374e15163c404aa19bf8453d170490862689d4b0db1c5d34b0e6dea8f075e1b8,149
target_centrality,T:500270,215673.0,performing_municipio,B,2024,aim3_target_metrics_v2.parquet,374e15163c404aa19bf8453d170490862689d4b0db1c5d34b0e6dea8f075e1b8,54
target_centrality,T:500660,0.0,performing_municipio,B,2024,aim3_target_metrics_v2.parquet,374e15163c404aa19bf8453d170490862689d4b0db1c5d34b0e6dea8f075e1b8,<5
target_centrality,T:500830,201327.0,performing_municipio,B,2024,aim3_target_metrics_v2.parquet,374e15163c404aa19bf8453d170490862689d4b0db1c5d34b0e6dea8f075e1b8,27
target_centrality,T:510340,91952.5,performing_municipio,B,2024,aim3_target_metrics_v2.parquet,374e15163c404aa19bf8453d170490862689d4b0db1c5d34b0e6dea8f075e1b8,60
target_centrality,T:510525,0.0,performing_municipio,B,2024,aim3_target_metrics_v2.parquet,374e15163c404aa19bf8453d170490862689d4b0db1c5d34b0e6dea8f075e1b8,11
target_centrality,T:510704,0.0,performing_municipio,B,2024,aim3_target_metrics_v2.parquet,374e15163c404aa19bf8453d170490862689d4b0db1c5d34b0e6dea8f075e1b8,<5
target_centrality,T:510760,1.0,performing_municipio,B,2024,aim3_target_metrics_v2.parquet,374e15163c404aa19bf8453d170490862689d4b0db1c5d34b0e6dea8f075e1b8,8
target_centrality,T:510790,6091.5,performing_municipio,B,2024,aim3_target_metrics_v2.parquet,374e15163c404aa19bf8453d170490862689d4b0db1c5d34b0e6dea8f075e1b8,27
target_centrality,T:510792,13643.0,performing_municipio,B,2024,aim3_target_metrics_v2.parquet,374e15163c404aa19bf8453d170490862689d4b0db1c5d34b0e6dea8f075e1b8,22
target_centrality,T:520140,0.0,performing_municipio,B,2024,aim3_target_metrics_v2.parquet,374e15163c404aa19bf8453d170490862689d4b0db1c5d34b0e6dea8f075e1b8,5
target_centrality,T:520870,421224.3333333334,performing_municipio,B,2024,aim3_target_metrics_v2.parquet,374e15163c404aa19bf8453d170490862689d4b0db1c5d34b0e6dea8f075e1b8,81
target_centrality,T:521150,450739.3333333334,performing_municipio,B,2024,aim3_target_metrics_v2.parquet,374e15163c404aa19bf8453d170490862689d4b0db1c5d34b0e6dea8f075e1b8,81
target_centrality,T:521250,0.0,performing_municipio,B,2024,aim3_target_metrics_v2.parquet,374e15163c404aa19bf8453d170490862689d4b0db1c5d34b0e6dea8f075e1b8,<5
target_centrality,T:521310,0.0,performing_municipio,B,2024,aim3_target_metrics_v2.parquet,374e15163c404aa19bf8453d170490862689d4b0db1c5d34b0e6dea8f075e1b8,<5
target_centrality,T:521880,0.0,performing_municipio,B,2024,aim3_target_metrics_v2.parquet,374e15163c404aa19bf8453d170490862689d4b0db1c5d34b0e6dea8f075e1b8,5
target_centrality,T:521930,13656.333333333334,performing_municipio,B,2024,aim3_target_metrics_v2.parquet,374e15163c404aa19bf8453d170490862689d4b0db1c5d34b0e6dea8f075e1b8,32
target_centrality,T:522160,3041.0,performing_municipio,B,2024,aim3_target_metrics_v2.parquet,374e15163c404aa19bf8453d170490862689d4b0db1c5d34b0e6dea8f075e1b8,<5
target_centrality,T:530010,565479.0,performing_municipio,B,2024,aim3_target_metrics_v2.parquet,374e15163c404aa19bf8453d170490862689d4b0db1c5d34b0e6dea8f075e1b8,65
target_centrality,T:110020,74652.0,performing_municipio,B,2025,aim3_target_metrics_v2.parquet,374e15163c404aa19bf8453d170490862689d4b0db1c5d34b0e6dea8f075e1b8,43
target_centrality,T:110030,59379.0,performing_municipio,B,2025,aim3_target_metrics_v2.parquet,374e15163c404aa19bf8453d170490862689d4b0db1c5d34b0e6dea8f075e1b8,13
target_centrality,T:120020,28.0,performing_municipio,B,2025,aim3_target_metrics_v2.parquet,374e15163c404aa19bf8453d170490862689d4b0db1c5d34b0e6dea8f075e1b8,22
target_centrality,T:130260,31710.0,performing_municipio,B,2025,aim3_target_metrics_v2.parquet,374e15163c404aa19bf8453d170490862689d4b0db1c5d34b0e6dea8f075e1b8,340
target_centrality,T:150060,4782.0,performing_municipio,B,2025,aim3_target_metrics_v2.parquet,374e15163c404aa19bf8453d170490862689d4b0db1c5d34b0e6dea8f075e1b8,14
target_centrality,T:150120,0.0,performing_municipio,B,2025,aim3_target_metrics_v2.parquet,374e15163c404aa19bf8453d170490862689d4b0db1c5d34b0e6dea8f075e1b8,<5
target_centrality,T:150140,202543.0,performing_municipio,B,2025,aim3_target_metrics_v2.parquet,374e15163c404aa19bf8453d170490862689d4b0db1c5d34b0e6dea8f075e1b8,176
target_centrality,T:150240,14319.0,performing_municipio,B,2025,aim3_target_metrics_v2.parquet,374e15163c404aa19bf8453d170490862689d4b0db1c5d34b0e6dea8f075e1b8,15
target_centrality,T:150360,14311.5,performing_municipio,B,2025,aim3_target_metrics_v2.parquet,374e15163c404aa19bf8453d170490862689d4b0db1c5d34b0e6dea8f075e1b8,11
target_centrality,T:150420,28545.0,performing_municipio,B,2025,aim3_target_metrics_v2.parquet,374e15163c404aa19bf8453d170490862689d4b0db1c5d34b0e6dea8f075e1b8,78
target_centrality,T:150543,15846.0,performing_municipio,B,2025,aim3_target_metrics_v2.parquet,374e15163c404aa19bf8453d170490862689d4b0db1c5d34b0e6dea8f075e1b8,37
target_centrality,T:150680,28479.5,performing_municipio,B,2025,aim3_target_metrics_v2.parquet,374e15163c404aa19bf8453d170490862689d4b0db1c5d34b0e6dea8f075e1b8,68
target_centrality,T:150810,0.0,performing_municipio,B,2025,aim3_target_metrics_v2.parquet,374e15163c404aa19bf8453d170490862689d4b0db1c5d34b0e6dea8f075e1b8,<5
target_centrality,T:160030,4782.0,performing_municipio,B,2025,aim3_target_metrics_v2.parquet,374e15163c404aa19bf8453d170490862689d4b0db1c5d34b0e6dea8f075e1b8,29
target_centrality,T:170210,78.0,performing_municipio,B,2025,aim3_target_metrics_v2.parquet,374e15163c404aa19bf8453d170490862689d4b0db1c5d34b0e6dea8f075e1b8,20
target_centrality,T:172100,55.0,performing_municipio,B,2025,aim3_target_metrics_v2.parquet,374e15163c404aa19bf8453d170490862689d4b0db1c5d34b0e6dea8f075e1b8,34
target_centrality,T:210530,237.0,performing_municipio,B,2025,aim3_target_metrics_v2.parquet,374e15163c404aa19bf8453d170490862689d4b0db1c5d34b0e6dea8f075e1b8,10
target_centrality,T:211130,875.0,performing_municipio,B,2025,aim3_target_metrics_v2.parquet,374e15163c404aa19bf8453d170490862689d4b0db1c5d34b0e6dea8f075e1b8,87
target_centrality,T:221100,351.0,performing_municipio,B,2025,aim3_target_metrics_v2.parquet,374e15163c404aa19bf8453d170490862689d4b0db1c5d34b0e6dea8f075e1b8,65
target_centrality,T:230440,162503.5,performing_municipio,B,2025,aim3_target_metrics_v2.parquet,374e15163c404aa19bf8453d170490862689d4b0db1c5d34b0e6dea8f075e1b8,304
target_centrality,T:230730,11151.0,performing_municipio,B,2025,aim3_target_metrics_v2.parquet,374e15163c404aa19bf8453d170490862689d4b0db1c5d34b0e6dea8f075e1b8,32
target_centrality,T:231140,47026.99999999999,performing_municipio,B,2025,aim3_target_metrics_v2.parquet,374e15163c404aa19bf8453d170490862689d4b0db1c5d34b0e6dea8f075e1b8,80
target_centrality,T:231290,18694.0,performing_municipio,B,2025,aim3_target_metrics_v2.parquet,374e15163c404aa19bf8453d170490862689d4b0db1c5d34b0e6dea8f075e1b8,61
target_centrality,T:231340,3191.5,performing_municipio,B,2025,aim3_target_metrics_v2.parquet,374e15163c404aa19bf8453d170490862689d4b0db1c5d34b0e6dea8f075e1b8,13
target_centrality,T:240310,270005.0,performing_municipio,B,2025,aim3_target_metrics_v2.parquet,374e15163c404aa19bf8453d170490862689d4b0db1c5d34b0e6dea8f075e1b8,501
target_centrality,T:240800,0.0,performing_municipio,B,2025,aim3_target_metrics_v2.parquet,374e15163c404aa19bf8453d170490862689d4b0db1c5d34b0e6dea8f075e1b8,<5
target_centrality,T:240810,3189.0,performing_municipio,B,2025,aim3_target_metrics_v2.parquet,374e15163c404aa19bf8453d170490862689d4b0db1c5d34b0e6dea8f075e1b8,23
target_centrality,T:250400,96852.5,performing_municipio,B,2025,aim3_target_metrics_v2.parquet,374e15163c404aa19bf8453d170490862689d4b0db1c5d34b0e6dea8f075e1b8,78
target_centrality,T:250750,22239.0,performing_municipio,B,2025,aim3_target_metrics_v2.parquet,374e15163c404aa19bf8453d170490862689d4b0db1c5d34b0e6dea8f075e1b8,54
target_centrality,T:251620,4786.5,performing_municipio,B,2025,aim3_target_metrics_v2.parquet,374e15163c404aa19bf8453d170490862689d4b0db1c5d34b0e6dea8f075e1b8,18
target_centrality,T:260120,3192.0,performing_municipio,B,2025,aim3_target_metrics_v2.parquet,374e15163c404aa19bf8453d170490862689d4b0db1c5d34b0e6dea8f075e1b8,19
target_centrality,T:260410,257994.5,performing_municipio,B,2025,aim3_target_metrics_v2.parquet,374e15163c404aa19bf8453d170490862689d4b0db1c5d34b0e6dea8f075e1b8,280
target_centrality,T:261070,0.0,performing_municipio,B,2025,aim3_target_metrics_v2.parquet,374e15163c404aa19bf8453d170490862689d4b0db1c5d34b0e6dea8f075e1b8,<5
target_centrality,T:261160,264165.5,performing_municipio,B,2025,aim3_target_metrics_v2.parquet,374e15163c404aa19bf8453d170490862689d4b0db1c5d34b0e6dea8f075e1b8,469
target_centrality,T:261390,28810.0,performing_municipio,B,2025,aim3_target_metrics_v2.parquet,374e15163c404aa19bf8453d170490862689d4b0db1c5d34b0e6dea8f075e1b8,63
target_centrality,T:270430,41145.0,performing_municipio,B,2025,aim3_target_metrics_v2.parquet,374e15163c404aa19bf8453d170490862689d4b0db1c5d34b0e6dea8f075e1b8,47
target_centrality,T:280030,42714.0,performing_municipio,B,2025,aim3_target_metrics_v2.parquet,374e15163c404aa19bf8453d170490862689d4b0db1c5d34b0e6dea8f075e1b8,67
target_centrality,T:290320,0.0,performing_municipio,B,2025,aim3_target_metrics_v2.parquet,374e15163c404aa19bf8453d170490862689d4b0db1c5d34b0e6dea8f075e1b8,<5
target_centrality,T:291080,416043.0,performing_municipio,B,2025,aim3_target_metrics_v2.parquet,374e15163c404aa19bf8453d170490862689d4b0db1c5d34b0e6dea8f075e1b8,150
target_centrality,T:291360,4790.0,performing_municipio,B,2025,aim3_target_metrics_v2.parquet,374e15163c404aa19bf8453d170490862689d4b0db1c5d34b0e6dea8f075e1b8,18
target_centrality,T:291800,7965.0,performing_municipio,B,2025,aim3_target_metrics_v2.parquet,374e15163c404aa19bf8453d170490862689d4b0db1c5d34b0e6dea8f075e1b8,23
target_centrality,T:291840,135938.0,performing_municipio,B,2025,aim3_target_metrics_v2.parquet,374e15163c404aa19bf8453d170490862689d4b0db1c5d34b0e6dea8f075e1b8,36
target_centrality,T:291920,1595.0,performing_municipio,B,2025,aim3_target_metrics_v2.parquet,374e15163c404aa19bf8453d170490862689d4b0db1c5d34b0e6dea8f075e1b8,5
target_centrality,T:292740,455276.0,performing_municipio,B,2025,aim3_target_metrics_v2.parquet,374e15163c404aa19bf8453d170490862689d4b0db1c5d34b0e6dea8f075e1b8,602
target_centrality,T:293135,23821.0,performing_municipio,B,2025,aim3_target_metrics_v2.parquet,374e15163c404aa19bf8453d170490862689d4b0db1c5d34b0e6dea8f075e1b8,73
target_centrality,T:293330,15912.0,performing_municipio,B,2025,aim3_target_metrics_v2.parquet,374e15163c404aa19bf8453d170490862689d4b0db1c5d34b0e6dea8f075e1b8,30
target_centrality,T:310160,90.0,performing_municipio,B,2025,aim3_target_metrics_v2.parquet,374e15163c404aa19bf8453d170490862689d4b0db1c5d34b0e6dea8f075e1b8,33
target_centrality,T:310350,7965.0,performing_municipio,B,2025,aim3_target_metrics_v2.parquet,374e15163c404aa19bf8453d170490862689d4b0db1c5d34b0e6dea8f075e1b8,18
target_centrality,T:310620,6935.5,performing_municipio,B,2025,aim3_target_metrics_v2.parquet,374e15163c404aa19bf8453d170490862689d4b0db1c5d34b0e6dea8f075e1b8,330
target_centrality,T:310900,0.0,performing_municipio,B,2025,aim3_target_metrics_v2.parquet,374e15163c404aa19bf8453d170490862689d4b0db1c5d34b0e6dea8f075e1b8,<5
target_centrality,T:312770,36.0,performing_municipio,B,2025,aim3_target_metrics_v2.parquet,374e15163c404aa19bf8453d170490862689d4b0db1c5d34b0e6dea8f075e1b8,29
target_centrality,T:313240,0.0,performing_municipio,B,2025,aim3_target_metrics_v2.parquet,374e15163c404aa19bf8453d170490862689d4b0db1c5d34b0e6dea8f075e1b8,<5
target_centrality,T:313380,0.0,performing_municipio,B,2025,aim3_target_metrics_v2.parquet,374e15163c404aa19bf8453d170490862689d4b0db1c5d34b0e6dea8f075e1b8,<5
target_centrality,T:313510,0.0,performing_municipio,B,2025,aim3_target_metrics_v2.parquet,374e15163c404aa19bf8453d170490862689d4b0db1c5d34b0e6dea8f075e1b8,<5
target_centrality,T:313670,3662.5,performing_municipio,B,2025,aim3_target_metrics_v2.parquet,374e15163c404aa19bf8453d170490862689d4b0db1c5d34b0e6dea8f075e1b8,101
target_centrality,T:314330,30132.0,performing_municipio,B,2025,aim3_target_metrics_v2.parquet,374e15163c404aa19bf8453d170490862689d4b0db1c5d34b0e6dea8f075e1b8,48
target_centrality,T:315120,0.0,performing_municipio,B,2025,aim3_target_metrics_v2.parquet,374e15163c404aa19bf8453d170490862689d4b0db1c5d34b0e6dea8f075e1b8,<5
target_centrality,T:315180,0.0,performing_municipio,B,2025,aim3_target_metrics_v2.parquet,374e15163c404aa19bf8453d170490862689d4b0db1c5d34b0e6dea8f075e1b8,<5
target_centrality,T:315250,231.0,performing_municipio,B,2025,aim3_target_metrics_v2.parquet,374e15163c404aa19bf8453d170490862689d4b0db1c5d34b0e6dea8f075e1b8,73
target_centrality,T:316720,36.0,performing_municipio,B,2025,aim3_target_metrics_v2.parquet,374e15163c404aa19bf8453d170490862689d4b0db1c5d34b0e6dea8f075e1b8,36
target_centrality,T:316860,0.0,performing_municipio,B,2025,aim3_target_metrics_v2.parquet,374e15163c404aa19bf8453d170490862689d4b0db1c5d34b0e6dea8f075e1b8,<5
target_centrality,T:316990,0.0,performing_municipio,B,2025,aim3_target_metrics_v2.parquet,374e15163c404aa19bf8453d170490862689d4b0db1c5d34b0e6dea8f075e1b8,<5
target_centrality,T:317010,1.0,performing_municipio,B,2025,aim3_target_metrics_v2.parquet,374e15163c404aa19bf8453d170490862689d4b0db1c5d34b0e6dea8f075e1b8,6
target_centrality,T:317020,353719.0,performing_municipio,B,2025,aim3_target_metrics_v2.parquet,374e15163c404aa19bf8453d170490862689d4b0db1c5d34b0e6dea8f075e1b8,55
target_centrality,T:317070,0.0,performing_municipio,B,2025,aim3_target_metrics_v2.parquet,374e15163c404aa19bf8453d170490862689d4b0db1c5d34b0e6dea8f075e1b8,<5
target_centrality,T:320120,20659.5,performing_municipio,B,2025,aim3_target_metrics_v2.parquet,374e15163c404aa19bf8453d170490862689d4b0db1c5d34b0e6dea8f075e1b8,35
target_centrality,T:320500,63839.5,performing_municipio,B,2025,aim3_target_metrics_v2.parquet,374e15163c404aa19bf8453d170490862689d4b0db1c5d34b0e6dea8f075e1b8,87
target_centrality,T:320520,0.0,performing_municipio,B,2025,aim3_target_metrics_v2.parquet,374e15163c404aa19bf8453d170490862689d4b0db1c5d34b0e6dea8f075e1b8,52
target_centrality,T:320530,53533.0,performing_municipio,B,2025,aim3_target_metrics_v2.parquet,374e15163c404aa19bf8453d170490862689d4b0db1c5d34b0e6dea8f075e1b8,74
target_centrality,T:330060,0.0,performing_municipio,B,2025,aim3_target_metrics_v2.parquet,374e15163c404aa19bf8453d170490862689d4b0db1c5d34b0e6dea8f075e1b8,<5
target_centrality,T:330100,0.0,performing_municipio,B,2025,aim3_target_metrics_v2.parquet,374e15163c404aa19bf8453d170490862689d4b0db1c5d34b0e6dea8f075e1b8,10
target_centrality,T:330170,0.0,performing_municipio,B,2025,aim3_target_metrics_v2.parquet,374e15163c404aa19bf8453d170490862689d4b0db1c5d34b0e6dea8f075e1b8,13
target_centrality,T:330240,1.0,performing_municipio,B,2025,aim3_target_metrics_v2.parquet,374e15163c404aa19bf8453d170490862689d4b0db1c5d34b0e6dea8f075e1b8,32
target_centrality,T:330330,8.5,performing_municipio,B,2025,aim3_target_metrics_v2.parquet,374e15163c404aa19bf8453d170490862689d4b0db1c5d34b0e6dea8f075e1b8,10
target_centrality,T:330350,3192.0,performing_municipio,B,2025,aim3_target_metrics_v2.parquet,374e15163c404aa19bf8453d170490862689d4b0db1c5d34b0e6dea8f075e1b8,36
target_centrality,T:330390,1.0,performing_municipio,B,2025,aim3_target_metrics_v2.parquet,374e15163c404aa19bf8453d170490862689d4b0db1c5d34b0e6dea8f075e1b8,38
target_centrality,T:330452,0.0,performing_municipio,B,2025,aim3_target_metrics_v2.parquet,374e15163c404aa19bf8453d170490862689d4b0db1c5d34b0e6dea8f075e1b8,<5
target_centrality,T:330455,342597.5,performing_municipio,B,2025,aim3_target_metrics_v2.parquet,374e15163c404aa19bf8453d170490862689d4b0db1c5d34b0e6dea8f075e1b8,221
target_centrality,T:330490,1598.0,performing_municipio,B,2025,aim3_target_metrics_v2.parquet,374e15163c404aa19bf8453d170490862689d4b0db1c5d34b0e6dea8f075e1b8,23
target_centrality,T:350280,20.0,performing_municipio,B,2025,aim3_target_metrics_v2.parquet,374e15163c404aa19bf8453d170490862689d4b0db1c5d34b0e6dea8f075e1b8,16
target_centrality,T:350320,3191.5,performing_municipio,B,2025,aim3_target_metrics_v2.parquet,374e15163c404aa19bf8453d170490862689d4b0db1c5d34b0e6dea8f075e1b8,18
target_centrality,T:350330,1.0,performing_municipio,B,2025,aim3_target_metrics_v2.parquet,374e15163c404aa19bf8453d170490862689d4b0db1c5d34b0e6dea8f075e1b8,5
target_centrality,T:350400,9555.0,performing_municipio,B,2025,aim3_target_metrics_v2.parquet,374e15163c404aa19bf8453d170490862689d4b0db1c5d34b0e6dea8f075e1b8,15
target_centrality,T:350550,189601.0,performing_municipio,B,2025,aim3_target_metrics_v2.parquet,374e15163c404aa19bf8453d170490862689d4b0db1c5d34b0e6dea8f075e1b8,28
target_centrality,T:350570,6382.0,performing_municipio,B,2025,aim3_target_metrics_v2.parquet,374e15163c404aa19bf8453d170490862689d4b0db1c5d34b0e6dea8f075e1b8,48
target_centrality,T:350600,56659.5,performing_municipio,B,2025,aim3_target_metrics_v2.parquet,374e15163c404aa19bf8453d170490862689d4b0db1c5d34b0e6dea8f075e1b8,132
target_centrality,T:350750,20657.0,performing_municipio,B,2025,aim3_target_metrics_v2.parquet,374e15163c404aa19bf8453d170490862689d4b0db1c5d34b0e6dea8f075e1b8,43
target_centrality,T:350760,225662.5,performing_municipio,B,2025,aim3_target_metrics_v2.parquet,374e15163c404aa19bf8453d170490862689d4b0db1c5d34b0e6dea8f075e1b8,54
target_centrality,T:350950,229692.0,performing_municipio,B,2025,aim3_target_metrics_v2.parquet,374e15163c404aa19bf8453d170490862689d4b0db1c5d34b0e6dea8f075e1b8,46
target_centrality,T:351050,0.0,performing_municipio,B,2025,aim3_target_metrics_v2.parquet,374e15163c404aa19bf8453d170490862689d4b0db1c5d34b0e6dea8f075e1b8,<5
target_centrality,T:351060,0.0,performing_municipio,B,2025,aim3_target_metrics_v2.parquet,374e15163c404aa19bf8453d170490862689d4b0db1c5d34b0e6dea8f075e1b8,<5
target_centrality,T:351110,9555.0,performing_municipio,B,2025,aim3_target_metrics_v2.parquet,374e15163c404aa19bf8453d170490862689d4b0db1c5d34b0e6dea8f075e1b8,14
target_centrality,T:351340,4426.0,performing_municipio,B,2025,aim3_target_metrics_v2.parquet,374e15163c404aa19bf8453d170490862689d4b0db1c5d34b0e6dea8f075e1b8,29
target_centrality,T:351380,0.0,performing_municipio,B,2025,aim3_target_metrics_v2.parquet,374e15163c404aa19bf8453d170490862689d4b0db1c5d34b0e6dea8f075e1b8,<5
target_centrality,T:351620,15905.0,performing_municipio,B,2025,aim3_target_metrics_v2.parquet,374e15163c404aa19bf8453d170490862689d4b0db1c5d34b0e6dea8f075e1b8,37
target_centrality,T:351640,1595.5,performing_municipio,B,2025,aim3_target_metrics_v2.parquet,374e15163c404aa19bf8453d170490862689d4b0db1c5d34b0e6dea8f075e1b8,<5
target_centrality,T:351840,0.0,performing_municipio,B,2025,aim3_target_metrics_v2.parquet,374e15163c404aa19bf8453d170490862689d4b0db1c5d34b0e6dea8f075e1b8,11
target_centrality,T:351880,0.0,performing_municipio,B,2025,aim3_target_metrics_v2.parquet,374e15163c404aa19bf8453d170490862689d4b0db1c5d34b0e6dea8f075e1b8,40
target_centrality,T:352220,4782.0,performing_municipio,B,2025,aim3_target_metrics_v2.parquet,374e15163c404aa19bf8453d170490862689d4b0db1c5d34b0e6dea8f075e1b8,15
target_centrality,T:352310,4828.833333333333,performing_municipio,B,2025,aim3_target_metrics_v2.parquet,374e15163c404aa19bf8453d170490862689d4b0db1c5d34b0e6dea8f075e1b8,48
target_centrality,T:352390,0.0,performing_municipio,B,2025,aim3_target_metrics_v2.parquet,374e15163c404aa19bf8453d170490862689d4b0db1c5d34b0e6dea8f075e1b8,14
target_centrality,T:352440,1595.0,performing_municipio,B,2025,aim3_target_metrics_v2.parquet,374e15163c404aa19bf8453d170490862689d4b0db1c5d34b0e6dea8f075e1b8,13
target_centrality,T:352480,0.0,performing_municipio,B,2025,aim3_target_metrics_v2.parquet,374e15163c404aa19bf8453d170490862689d4b0db1c5d34b0e6dea8f075e1b8,<5
target_centrality,T:352530,6374.5,performing_municipio,B,2025,aim3_target_metrics_v2.parquet,374e15163c404aa19bf8453d170490862689d4b0db1c5d34b0e6dea8f075e1b8,23
target_centrality,T:352590,105808.5,performing_municipio,B,2025,aim3_target_metrics_v2.parquet,374e15163c404aa19bf8453d170490862689d4b0db1c5d34b0e6dea8f075e1b8,92
target_centrality,T:352690,83373.0,performing_municipio,B,2025,aim3_target_metrics_v2.parquet,374e15163c404aa19bf8453d170490862689d4b0db1c5d34b0e6dea8f075e1b8,12
target_centrality,T:352720,0.0,performing_municipio,B,2025,aim3_target_metrics_v2.parquet,374e15163c404aa19bf8453d170490862689d4b0db1c5d34b0e6dea8f075e1b8,<5
target_centrality,T:352900,77822.0,performing_municipio,B,2025,aim3_target_metrics_v2.parquet,374e15163c404aa19bf8453d170490862689d4b0db1c5d34b0e6dea8f075e1b8,29
target_centrality,T:353060,1647.0,performing_municipio,B,2025,aim3_target_metrics_v2.parquet,374e15163c404aa19bf8453d170490862689d4b0db1c5d34b0e6dea8f075e1b8,12
target_centrality,T:353440,0.0,performing_municipio,B,2025,aim3_target_metrics_v2.parquet,374e15163c404aa19bf8453d170490862689d4b0db1c5d34b0e6dea8f075e1b8,7
target_centrality,T:353870,8563.5,performing_municipio,B,2025,aim3_target_metrics_v2.parquet,374e15163c404aa19bf8453d170490862689d4b0db1c5d34b0e6dea8f075e1b8,28
target_centrality,T:354140,304059.0,performing_municipio,B,2025,aim3_target_metrics_v2.parquet,374e15163c404aa19bf8453d170490862689d4b0db1c5d34b0e6dea8f075e1b8,61
target_centrality,T:354260,6.0,performing_municipio,B,2025,aim3_target_metrics_v2.parquet,374e15163c404aa19bf8453d170490862689d4b0db1c5d34b0e6dea8f075e1b8,<5
target_centrality,T:354340,45783.0,performing_municipio,B,2025,aim3_target_metrics_v2.parquet,374e15163c404aa19bf8453d170490862689d4b0db1c5d34b0e6dea8f075e1b8,30
target_centrality,T:354850,7174.0,performing_municipio,B,2025,aim3_target_metrics_v2.parquet,374e15163c404aa19bf8453d170490862689d4b0db1c5d34b0e6dea8f075e1b8,55
target_centrality,T:354870,0.0,performing_municipio,B,2025,aim3_target_metrics_v2.parquet,374e15163c404aa19bf8453d170490862689d4b0db1c5d34b0e6dea8f075e1b8,24
target_centrality,T:354880,0.0,performing_municipio,B,2025,aim3_target_metrics_v2.parquet,374e15163c404aa19bf8453d170490862689d4b0db1c5d34b0e6dea8f075e1b8,6
target_centrality,T:354890,79352.5,performing_municipio,B,2025,aim3_target_metrics_v2.parquet,374e15163c404aa19bf8453d170490862689d4b0db1c5d34b0e6dea8f075e1b8,31
target_centrality,T:354980,147154.0,performing_municipio,B,2025,aim3_target_metrics_v2.parquet,374e15163c404aa19bf8453d170490862689d4b0db1c5d34b0e6dea8f075e1b8,106
target_centrality,T:354990,43444.5,performing_municipio,B,2025,aim3_target_metrics_v2.parquet,374e15163c404aa19bf8453d170490862689d4b0db1c5d34b0e6dea8f075e1b8,56
target_centrality,T:355030,397022.6666666667,performing_municipio,B,2025,aim3_target_metrics_v2.parquet,374e15163c404aa19bf8453d170490862689d4b0db1c5d34b0e6dea8f075e1b8,501
target_centrality,T:355220,231.0,performing_municipio,B,2025,aim3_target_metrics_v2.parquet,374e15163c404aa19bf8453d170490862689d4b0db1c5d34b0e6dea8f075e1b8,64
target_centrality,T:355280,4778.0,performing_municipio,B,2025,aim3_target_metrics_v2.parquet,374e15163c404aa19bf8453d170490862689d4b0db1c5d34b0e6dea8f075e1b8,55
target_centrality,T:355410,6736.5,performing_municipio,B,2025,aim3_target_metrics_v2.parquet,374e15163c404aa19bf8453d170490862689d4b0db1c5d34b0e6dea8f075e1b8,26
target_centrality,T:355710,78845.0,performing_municipio,B,2025,aim3_target_metrics_v2.parquet,374e15163c404aa19bf8453d170490862689d4b0db1c5d34b0e6dea8f075e1b8,<5
target_centrality,T:410140,15.0,performing_municipio,B,2025,aim3_target_metrics_v2.parquet,374e15163c404aa19bf8453d170490862689d4b0db1c5d34b0e6dea8f075e1b8,13
target_centrality,T:410150,11520.5,performing_municipio,B,2025,aim3_target_metrics_v2.parquet,374e15163c404aa19bf8453d170490862689d4b0db1c5d34b0e6dea8f075e1b8,31
target_centrality,T:410400,4805.0,performing_municipio,B,2025,aim3_target_metrics_v2.parquet,374e15163c404aa19bf8453d170490862689d4b0db1c5d34b0e6dea8f075e1b8,12
target_centrality,T:410420,7980.5,performing_municipio,B,2025,aim3_target_metrics_v2.parquet,374e15163c404aa19bf8453d170490862689d4b0db1c5d34b0e6dea8f075e1b8,12
target_centrality,T:410430,25400.0,performing_municipio,B,2025,aim3_target_metrics_v2.parquet,374e15163c404aa19bf8453d170490862689d4b0db1c5d34b0e6dea8f075e1b8,50
target_centrality,T:410480,48944.0,performing_municipio,B,2025,aim3_target_metrics_v2.parquet,374e15163c404aa19bf8453d170490862689d4b0db1c5d34b0e6dea8f075e1b8,48
target_centrality,T:410590,1.0,performing_municipio,B,2025,aim3_target_metrics_v2.parquet,374e15163c404aa19bf8453d170490862689d4b0db1c5d34b0e6dea8f075e1b8,<5
target_centrality,T:410690,138192.5,performing_municipio,B,2025,aim3_target_metrics_v2.parquet,374e15163c404aa19bf8453d170490862689d4b0db1c5d34b0e6dea8f075e1b8,87
target_centrality,T:410830,11144.0,performing_municipio,B,2025,aim3_target_metrics_v2.parquet,374e15163c404aa19bf8453d170490862689d4b0db1c5d34b0e6dea8f075e1b8,74
target_centrality,T:411370,40875.5,performing_municipio,B,2025,aim3_target_metrics_v2.parquet,374e15163c404aa19bf8453d170490862689d4b0db1c5d34b0e6dea8f075e1b8,59
target_centrality,T:411520,65191.0,performing_municipio,B,2025,aim3_target_metrics_v2.parquet,374e15163c404aa19bf8453d170490862689d4b0db1c5d34b0e6dea8f075e1b8,39
target_centrality,T:411990,11117.0,performing_municipio,B,2025,aim3_target_metrics_v2.parquet,374e15163c404aa19bf8453d170490862689d4b0db1c5d34b0e6dea8f075e1b8,32
target_centrality,T:412550,1.0,performing_municipio,B,2025,aim3_target_metrics_v2.parquet,374e15163c404aa19bf8453d170490862689d4b0db1c5d34b0e6dea8f075e1b8,14
target_centrality,T:412770,0.0,performing_municipio,B,2025,aim3_target_metrics_v2.parquet,374e15163c404aa19bf8453d170490862689d4b0db1c5d34b0e6dea8f075e1b8,<5
target_centrality,T:420240,164.0,performing_municipio,B,2025,aim3_target_metrics_v2.parquet,374e15163c404aa19bf8453d170490862689d4b0db1c5d34b0e6dea8f075e1b8,27
target_centrality,T:420290,8523.666666666666,performing_municipio,B,2025,aim3_target_metrics_v2.parquet,374e15163c404aa19bf8453d170490862689d4b0db1c5d34b0e6dea8f075e1b8,148
target_centrality,T:420300,3261.0000000000005,performing_municipio,B,2025,aim3_target_metrics_v2.parquet,374e15163c404aa19bf8453d170490862689d4b0db1c5d34b0e6dea8f075e1b8,25
target_centrality,T:420460,164.0,performing_municipio,B,2025,aim3_target_metrics_v2.parquet,374e15163c404aa19bf8453d170490862689d4b0db1c5d34b0e6dea8f075e1b8,<5
target_centrality,T:420540,2320.0,performing_municipio,B,2025,aim3_target_metrics_v2.parquet,374e15163c404aa19bf8453d170490862689d4b0db1c5d34b0e6dea8f075e1b8,57
target_centrality,T:420890,164.5,performing_municipio,B,2025,aim3_target_metrics_v2.parquet,374e15163c404aa19bf8453d170490862689d4b0db1c5d34b0e6dea8f075e1b8,6
target_centrality,T:420900,1157.0,performing_municipio,B,2025,aim3_target_metrics_v2.parquet,374e15163c404aa19bf8453d170490862689d4b0db1c5d34b0e6dea8f075e1b8,15
target_centrality,T:420910,520.0,performing_municipio,B,2025,aim3_target_metrics_v2.parquet,374e15163c404aa19bf8453d170490862689d4b0db1c5d34b0e6dea8f075e1b8,34
target_centrality,T:420930,1440.0,performing_municipio,B,2025,aim3_target_metrics_v2.parquet,374e15163c404aa19bf8453d170490862689d4b0db1c5d34b0e6dea8f075e1b8,35
target_centrality,T:421010,3264.9999999999995,performing_municipio,B,2025,aim3_target_metrics_v2.parquet,374e15163c404aa19bf8453d170490862689d4b0db1c5d34b0e6dea8f075e1b8,72
target_centrality,T:421660,19.0,performing_municipio,B,2025,aim3_target_metrics_v2.parquet,374e15163c404aa19bf8453d170490862689d4b0db1c5d34b0e6dea8f075e1b8,8
target_centrality,T:421720,6089.0,performing_municipio,B,2025,aim3_target_metrics_v2.parquet,374e15163c404aa19bf8453d170490862689d4b0db1c5d34b0e6dea8f075e1b8,119
target_centrality,T:421770,879.5,performing_municipio,B,2025,aim3_target_metrics_v2.parquet,374e15163c404aa19bf8453d170490862689d4b0db1c5d34b0e6dea8f075e1b8,14
target_centrality,T:421870,1595.0,performing_municipio,B,2025,aim3_target_metrics_v2.parquet,374e15163c404aa19bf8453d170490862689d4b0db1c5d34b0e6dea8f075e1b8,<5
target_centrality,T:430460,738.0,performing_municipio,B,2025,aim3_target_metrics_v2.parquet,374e15163c404aa19bf8453d170490862689d4b0db1c5d34b0e6dea8f075e1b8,57
target_centrality,T:430510,517.0,performing_municipio,B,2025,aim3_target_metrics_v2.parquet,374e15163c404aa19bf8453d170490862689d4b0db1c5d34b0e6dea8f075e1b8,62
target_centrality,T:430700,1685.0,performing_municipio,B,2025,aim3_target_metrics_v2.parquet,374e15163c404aa19bf8453d170490862689d4b0db1c5d34b0e6dea8f075e1b8,22
target_centrality,T:430800,4354.666666666666,performing_municipio,B,2025,aim3_target_metrics_v2.parquet,374e15163c404aa19bf8453d170490862689d4b0db1c5d34b0e6dea8f075e1b8,48
target_centrality,T:430860,1783.8333333333335,performing_municipio,B,2025,aim3_target_metrics_v2.parquet,374e15163c404aa19bf8453d170490862689d4b0db1c5d34b0e6dea8f075e1b8,43
target_centrality,T:431020,4253.5,performing_municipio,B,2025,aim3_target_metrics_v2.parquet,374e15163c404aa19bf8453d170490862689d4b0db1c5d34b0e6dea8f075e1b8,60
target_centrality,T:431350,173.0,performing_municipio,B,2025,aim3_target_metrics_v2.parquet,374e15163c404aa19bf8453d170490862689d4b0db1c5d34b0e6dea8f075e1b8,<5
target_centrality,T:431405,0.3333333333333333,performing_municipio,B,2025,aim3_target_metrics_v2.parquet,374e15163c404aa19bf8453d170490862689d4b0db1c5d34b0e6dea8f075e1b8,<5
target_centrality,T:431410,1025.0,performing_municipio,B,2025,aim3_target_metrics_v2.parquet,374e15163c404aa19bf8453d170490862689d4b0db1c5d34b0e6dea8f075e1b8,27
target_centrality,T:431440,1.0,performing_municipio,B,2025,aim3_target_metrics_v2.parquet,374e15163c404aa19bf8453d170490862689d4b0db1c5d34b0e6dea8f075e1b8,11
target_centrality,T:431490,9238.166666666668,performing_municipio,B,2025,aim3_target_metrics_v2.parquet,374e15163c404aa19bf8453d170490862689d4b0db1c5d34b0e6dea8f075e1b8,264
target_centrality,T:431530,0.0,performing_municipio,B,2025,aim3_target_metrics_v2.parquet,374e15163c404aa19bf8453d170490862689d4b0db1c5d34b0e6dea8f075e1b8,<5
target_centrality,T:431560,173.0,performing_municipio,B,2025,aim3_target_metrics_v2.parquet,374e15163c404aa19bf8453d170490862689d4b0db1c5d34b0e6dea8f075e1b8,16
target_centrality,T:431680,0.0,performing_municipio,B,2025,aim3_target_metrics_v2.parquet,374e15163c404aa19bf8453d170490862689d4b0db1c5d34b0e6dea8f075e1b8,24
target_centrality,T:431690,6356.333333333333,performing_municipio,B,2025,aim3_target_metrics_v2.parquet,374e15163c404aa19bf8453d170490862689d4b0db1c5d34b0e6dea8f075e1b8,125
target_centrality,T:431750,0.0,performing_municipio,B,2025,aim3_target_metrics_v2.parquet,374e15163c404aa19bf8453d170490862689d4b0db1c5d34b0e6dea8f075e1b8,<5
target_centrality,T:431870,0.0,performing_municipio,B,2025,aim3_target_metrics_v2.parquet,374e15163c404aa19bf8453d170490862689d4b0db1c5d34b0e6dea8f075e1b8,<5
target_centrality,T:500270,19074.0,performing_municipio,B,2025,aim3_target_metrics_v2.parquet,374e15163c404aa19bf8453d170490862689d4b0db1c5d34b0e6dea8f075e1b8,64
target_centrality,T:500370,0.0,performing_municipio,B,2025,aim3_target_metrics_v2.parquet,374e15163c404aa19bf8453d170490862689d4b0db1c5d34b0e6dea8f075e1b8,<5
target_centrality,T:500660,6.0,performing_municipio,B,2025,aim3_target_metrics_v2.parquet,374e15163c404aa19bf8453d170490862689d4b0db1c5d34b0e6dea8f075e1b8,<5
target_centrality,T:500830,31619.0,performing_municipio,B,2025,aim3_target_metrics_v2.parquet,374e15163c404aa19bf8453d170490862689d4b0db1c5d34b0e6dea8f075e1b8,21
target_centrality,T:510340,108098.83333333334,performing_municipio,B,2025,aim3_target_metrics_v2.parquet,374e15163c404aa19bf8453d170490862689d4b0db1c5d34b0e6dea8f075e1b8,69
target_centrality,T:510525,0.0,performing_municipio,B,2025,aim3_target_metrics_v2.parquet,374e15163c404aa19bf8453d170490862689d4b0db1c5d34b0e6dea8f075e1b8,<5
target_centrality,T:510760,86865.0,performing_municipio,B,2025,aim3_target_metrics_v2.parquet,374e15163c404aa19bf8453d170490862689d4b0db1c5d34b0e6dea8f075e1b8,20
target_centrality,T:510790,4782.333333333333,performing_municipio,B,2025,aim3_target_metrics_v2.parquet,374e15163c404aa19bf8453d170490862689d4b0db1c5d34b0e6dea8f075e1b8,8
target_centrality,T:510792,36409.666666666664,performing_municipio,B,2025,aim3_target_metrics_v2.parquet,374e15163c404aa19bf8453d170490862689d4b0db1c5d34b0e6dea8f075e1b8,48
target_centrality,T:510840,4782.0,performing_municipio,B,2025,aim3_target_metrics_v2.parquet,374e15163c404aa19bf8453d170490862689d4b0db1c5d34b0e6dea8f075e1b8,26
target_centrality,T:520140,0.0,performing_municipio,B,2025,aim3_target_metrics_v2.parquet,374e15163c404aa19bf8453d170490862689d4b0db1c5d34b0e6dea8f075e1b8,22
target_centrality,T:520870,25465.0,performing_municipio,B,2025,aim3_target_metrics_v2.parquet,374e15163c404aa19bf8453d170490862689d4b0db1c5d34b0e6dea8f075e1b8,80
target_centrality,T:521150,442026.0,performing_municipio,B,2025,aim3_target_metrics_v2.parquet,374e15163c404aa19bf8453d170490862689d4b0db1c5d34b0e6dea8f075e1b8,114
target_centrality,T:521880,0.0,performing_municipio,B,2025,aim3_target_metrics_v2.parquet,374e15163c404aa19bf8453d170490862689d4b0db1c5d34b0e6dea8f075e1b8,44
target_centrality,T:521930,19421.5,performing_municipio,B,2025,aim3_target_metrics_v2.parquet,374e15163c404aa19bf8453d170490862689d4b0db1c5d34b0e6dea8f075e1b8,31
target_centrality,T:522160,33074.5,performing_municipio,B,2025,aim3_target_metrics_v2.parquet,374e15163c404aa19bf8453d170490862689d4b0db1c5d34b0e6dea8f075e1b8,49
target_centrality,T:530010,330972.0,performing_municipio,B,2025,aim3_target_metrics_v2.parquet,374e15163c404aa19bf8453d170490862689d4b0db1c5d34b0e6dea8f075e1b8,156
target_centrality,T:110020,106239.5,performing_municipio,B,pooled,aim3_target_metrics_v2.parquet,374e15163c404aa19bf8453d170490862689d4b0db1c5d34b0e6dea8f075e1b8,91
target_centrality,T:110030,44638.5,performing_municipio,B,pooled,aim3_target_metrics_v2.parquet,374e15163c404aa19bf8453d170490862689d4b0db1c5d34b0e6dea8f075e1b8,21
target_centrality,T:120020,27852.0,performing_municipio,B,pooled,aim3_target_metrics_v2.parquet,374e15163c404aa19bf8453d170490862689d4b0db1c5d34b0e6dea8f075e1b8,31
target_centrality,T:130260,119026.0,performing_municipio,B,pooled,aim3_target_metrics_v2.parquet,374e15163c404aa19bf8453d170490862689d4b0db1c5d34b0e6dea8f075e1b8,786
target_centrality,T:150060,20508.0,performing_municipio,B,pooled,aim3_target_metrics_v2.parquet,374e15163c404aa19bf8453d170490862689d4b0db1c5d34b0e6dea8f075e1b8,68
target_centrality,T:150080,0.0,performing_municipio,B,pooled,aim3_target_metrics_v2.parquet,374e15163c404aa19bf8453d170490862689d4b0db1c5d34b0e6dea8f075e1b8,<5
target_centrality,T:150120,0.0,performing_municipio,B,pooled,aim3_target_metrics_v2.parquet,374e15163c404aa19bf8453d170490862689d4b0db1c5d34b0e6dea8f075e1b8,<5
target_centrality,T:150140,277245.5,performing_municipio,B,pooled,aim3_target_metrics_v2.parquet,374e15163c404aa19bf8453d170490862689d4b0db1c5d34b0e6dea8f075e1b8,317
target_centrality,T:150240,24374.5,performing_municipio,B,pooled,aim3_target_metrics_v2.parquet,374e15163c404aa19bf8453d170490862689d4b0db1c5d34b0e6dea8f075e1b8,16
target_centrality,T:150360,13784.5,performing_municipio,B,pooled,aim3_target_metrics_v2.parquet,374e15163c404aa19bf8453d170490862689d4b0db1c5d34b0e6dea8f075e1b8,12
target_centrality,T:150420,98037.0,performing_municipio,B,pooled,aim3_target_metrics_v2.parquet,374e15163c404aa19bf8453d170490862689d4b0db1c5d34b0e6dea8f075e1b8,99
target_centrality,T:150543,56924.0,performing_municipio,B,pooled,aim3_target_metrics_v2.parquet,374e15163c404aa19bf8453d170490862689d4b0db1c5d34b0e6dea8f075e1b8,69
target_centrality,T:150680,135138.0,performing_municipio,B,pooled,aim3_target_metrics_v2.parquet,374e15163c404aa19bf8453d170490862689d4b0db1c5d34b0e6dea8f075e1b8,181
target_centrality,T:150810,0.0,performing_municipio,B,pooled,aim3_target_metrics_v2.parquet,374e15163c404aa19bf8453d170490862689d4b0db1c5d34b0e6dea8f075e1b8,<5
target_centrality,T:160030,24374.0,performing_municipio,B,pooled,aim3_target_metrics_v2.parquet,374e15163c404aa19bf8453d170490862689d4b0db1c5d34b0e6dea8f075e1b8,124
target_centrality,T:170210,510.0,performing_municipio,B,pooled,aim3_target_metrics_v2.parquet,374e15163c404aa19bf8453d170490862689d4b0db1c5d34b0e6dea8f075e1b8,40
target_centrality,T:172100,725.0,performing_municipio,B,pooled,aim3_target_metrics_v2.parquet,374e15163c404aa19bf8453d170490862689d4b0db1c5d34b0e6dea8f075e1b8,105
target_centrality,T:210530,17424.5,performing_municipio,B,pooled,aim3_target_metrics_v2.parquet,374e15163c404aa19bf8453d170490862689d4b0db1c5d34b0e6dea8f075e1b8,25
target_centrality,T:211130,592312.5,performing_municipio,B,pooled,aim3_target_metrics_v2.parquet,374e15163c404aa19bf8453d170490862689d4b0db1c5d34b0e6dea8f075e1b8,483
target_centrality,T:221100,256242.0,performing_municipio,B,pooled,aim3_target_metrics_v2.parquet,374e15163c404aa19bf8453d170490862689d4b0db1c5d34b0e6dea8f075e1b8,210
target_centrality,T:230440,619060.0,performing_municipio,B,pooled,aim3_target_metrics_v2.parquet,374e15163c404aa19bf8453d170490862689d4b0db1c5d34b0e6dea8f075e1b8,1633
target_centrality,T:230730,27853.0,performing_municipio,B,pooled,aim3_target_metrics_v2.parquet,374e15163c404aa19bf8453d170490862689d4b0db1c5d34b0e6dea8f075e1b8,88
target_centrality,T:231140,8087.0,performing_municipio,B,pooled,aim3_target_metrics_v2.parquet,374e15163c404aa19bf8453d170490862689d4b0db1c5d34b0e6dea8f075e1b8,101
target_centrality,T:231290,40432.0,performing_municipio,B,pooled,aim3_target_metrics_v2.parquet,374e15163c404aa19bf8453d170490862689d4b0db1c5d34b0e6dea8f075e1b8,134
target_centrality,T:231340,6969.0,performing_municipio,B,pooled,aim3_target_metrics_v2.parquet,374e15163c404aa19bf8453d170490862689d4b0db1c5d34b0e6dea8f075e1b8,17
target_centrality,T:240310,615781.5,performing_municipio,B,pooled,aim3_target_metrics_v2.parquet,374e15163c404aa19bf8453d170490862689d4b0db1c5d34b0e6dea8f075e1b8,2148
target_centrality,T:240800,0.0,performing_municipio,B,pooled,aim3_target_metrics_v2.parquet,374e15163c404aa19bf8453d170490862689d4b0db1c5d34b0e6dea8f075e1b8,<5
target_centrality,T:240810,0.5,performing_municipio,B,pooled,aim3_target_metrics_v2.parquet,374e15163c404aa19bf8453d170490862689d4b0db1c5d34b0e6dea8f075e1b8,84
target_centrality,T:250400,185095.5,performing_municipio,B,pooled,aim3_target_metrics_v2.parquet,374e15163c404aa19bf8453d170490862689d4b0db1c5d34b0e6dea8f075e1b8,107
target_centrality,T:250750,198284.0,performing_municipio,B,pooled,aim3_target_metrics_v2.parquet,374e15163c404aa19bf8453d170490862689d4b0db1c5d34b0e6dea8f075e1b8,154
target_centrality,T:251620,9538.5,performing_municipio,B,pooled,aim3_target_metrics_v2.parquet,374e15163c404aa19bf8453d170490862689d4b0db1c5d34b0e6dea8f075e1b8,18
target_centrality,T:260120,0.0,performing_municipio,B,pooled,aim3_target_metrics_v2.parquet,374e15163c404aa19bf8453d170490862689d4b0db1c5d34b0e6dea8f075e1b8,19
target_centrality,T:260410,328371.5,performing_municipio,B,pooled,aim3_target_metrics_v2.parquet,374e15163c404aa19bf8453d170490862689d4b0db1c5d34b0e6dea8f075e1b8,1141
target_centrality,T:261070,0.0,performing_municipio,B,pooled,aim3_target_metrics_v2.parquet,374e15163c404aa19bf8453d170490862689d4b0db1c5d34b0e6dea8f075e1b8,<5
target_centrality,T:261160,858151.5,performing_municipio,B,pooled,aim3_target_metrics_v2.parquet,374e15163c404aa19bf8453d170490862689d4b0db1c5d34b0e6dea8f075e1b8,1624
target_centrality,T:261390,21716.5,performing_municipio,B,pooled,aim3_target_metrics_v2.parquet,374e15163c404aa19bf8453d170490862689d4b0db1c5d34b0e6dea8f075e1b8,86
target_centrality,T:270430,121383.0,performing_municipio,B,pooled,aim3_target_metrics_v2.parquet,374e15163c404aa19bf8453d170490862689d4b0db1c5d34b0e6dea8f075e1b8,87
target_centrality,T:280030,202502.0,performing_municipio,B,pooled,aim3_target_metrics_v2.parquet,374e15163c404aa19bf8453d170490862689d4b0db1c5d34b0e6dea8f075e1b8,276
target_centrality,T:290320,3485.0,performing_municipio,B,pooled,aim3_target_metrics_v2.parquet,374e15163c404aa19bf8453d170490862689d4b0db1c5d34b0e6dea8f075e1b8,<5
target_centrality,T:291080,501107.5,performing_municipio,B,pooled,aim3_target_metrics_v2.parquet,374e15163c404aa19bf8453d170490862689d4b0db1c5d34b0e6dea8f075e1b8,303
target_centrality,T:291360,34954.0,performing_municipio,B,pooled,aim3_target_metrics_v2.parquet,374e15163c404aa19bf8453d170490862689d4b0db1c5d34b0e6dea8f075e1b8,68
target_centrality,T:291800,41755.0,performing_municipio,B,pooled,aim3_target_metrics_v2.parquet,374e15163c404aa19bf8453d170490862689d4b0db1c5d34b0e6dea8f075e1b8,103
target_centrality,T:291840,14818.5,performing_municipio,B,pooled,aim3_target_metrics_v2.parquet,374e15163c404aa19bf8453d170490862689d4b0db1c5d34b0e6dea8f075e1b8,58
target_centrality,T:291920,0.0,performing_municipio,B,pooled,aim3_target_metrics_v2.parquet,374e15163c404aa19bf8453d170490862689d4b0db1c5d34b0e6dea8f075e1b8,5
target_centrality,T:292740,1428185.5,performing_municipio,B,pooled,aim3_target_metrics_v2.parquet,374e15163c404aa19bf8453d170490862689d4b0db1c5d34b0e6dea8f075e1b8,2362
target_centrality,T:293135,125383.5,performing_municipio,B,pooled,aim3_target_metrics_v2.parquet,374e15163c404aa19bf8453d170490862689d4b0db1c5d34b0e6dea8f075e1b8,105
target_centrality,T:293330,10374.5,performing_municipio,B,pooled,aim3_target_metrics_v2.parquet,374e15163c404aa19bf8453d170490862689d4b0db1c5d34b0e6dea8f075e1b8,39
target_centrality,T:310160,71806.0,performing_municipio,B,pooled,aim3_target_metrics_v2.parquet,374e15163c404aa19bf8453d170490862689d4b0db1c5d34b0e6dea8f075e1b8,64
target_centrality,T:310350,3506.5,performing_municipio,B,pooled,aim3_target_metrics_v2.parquet,374e15163c404aa19bf8453d170490862689d4b0db1c5d34b0e6dea8f075e1b8,29
target_centrality,T:310620,808771.0,performing_municipio,B,pooled,aim3_target_metrics_v2.parquet,374e15163c404aa19bf8453d170490862689d4b0db1c5d34b0e6dea8f075e1b8,1187
target_centrality,T:310900,2.5,performing_municipio,B,pooled,aim3_target_metrics_v2.parquet,374e15163c404aa19bf8453d170490862689d4b0db1c5d34b0e6dea8f075e1b8,11
target_centrality,T:312770,102863.0,performing_municipio,B,pooled,aim3_target_metrics_v2.parquet,374e15163c404aa19bf8453d170490862689d4b0db1c5d34b0e6dea8f075e1b8,162
target_centrality,T:313130,0.0,performing_municipio,B,pooled,aim3_target_metrics_v2.parquet,374e15163c404aa19bf8453d170490862689d4b0db1c5d34b0e6dea8f075e1b8,<5
target_centrality,T:313240,7016.0,performing_municipio,B,pooled,aim3_target_metrics_v2.parquet,374e15163c404aa19bf8453d170490862689d4b0db1c5d34b0e6dea8f075e1b8,5
target_centrality,T:313380,0.0,performing_municipio,B,pooled,aim3_target_metrics_v2.parquet,374e15163c404aa19bf8453d170490862689d4b0db1c5d34b0e6dea8f075e1b8,<5
target_centrality,T:313510,0.0,performing_municipio,B,pooled,aim3_target_metrics_v2.parquet,374e15163c404aa19bf8453d170490862689d4b0db1c5d34b0e6dea8f075e1b8,<5
target_centrality,T:313670,175404.5,performing_municipio,B,pooled,aim3_target_metrics_v2.parquet,374e15163c404aa19bf8453d170490862689d4b0db1c5d34b0e6dea8f075e1b8,346
target_centrality,T:314330,86374.0,performing_municipio,B,pooled,aim3_target_metrics_v2.parquet,374e15163c404aa19bf8453d170490862689d4b0db1c5d34b0e6dea8f075e1b8,119
target_centrality,T:314390,0.0,performing_municipio,B,pooled,aim3_target_metrics_v2.parquet,374e15163c404aa19bf8453d170490862689d4b0db1c5d34b0e6dea8f075e1b8,<5
target_centrality,T:314700,0.0,performing_municipio,B,pooled,aim3_target_metrics_v2.parquet,374e15163c404aa19bf8453d170490862689d4b0db1c5d34b0e6dea8f075e1b8,6
target_centrality,T:314790,24374.0,performing_municipio,B,pooled,aim3_target_metrics_v2.parquet,374e15163c404aa19bf8453d170490862689d4b0db1c5d34b0e6dea8f075e1b8,12
target_centrality,T:315120,0.0,performing_municipio,B,pooled,aim3_target_metrics_v2.parquet,374e15163c404aa19bf8453d170490862689d4b0db1c5d34b0e6dea8f075e1b8,<5
target_centrality,T:315180,0.0,performing_municipio,B,pooled,aim3_target_metrics_v2.parquet,374e15163c404aa19bf8453d170490862689d4b0db1c5d34b0e6dea8f075e1b8,11
target_centrality,T:315250,306409.0,performing_municipio,B,pooled,aim3_target_metrics_v2.parquet,374e15163c404aa19bf8453d170490862689d4b0db1c5d34b0e6dea8f075e1b8,203
target_centrality,T:316720,233250.0,performing_municipio,B,pooled,aim3_target_metrics_v2.parquet,374e15163c404aa19bf8453d170490862689d4b0db1c5d34b0e6dea8f075e1b8,71
target_centrality,T:316860,0.0,performing_municipio,B,pooled,aim3_target_metrics_v2.parquet,374e15163c404aa19bf8453d170490862689d4b0db1c5d34b0e6dea8f075e1b8,<5
target_centrality,T:316990,3485.0,performing_municipio,B,pooled,aim3_target_metrics_v2.parquet,374e15163c404aa19bf8453d170490862689d4b0db1c5d34b0e6dea8f075e1b8,<5
target_centrality,T:317010,3485.0,performing_municipio,B,pooled,aim3_target_metrics_v2.parquet,374e15163c404aa19bf8453d170490862689d4b0db1c5d34b0e6dea8f075e1b8,10
target_centrality,T:317020,73229.5,performing_municipio,B,pooled,aim3_target_metrics_v2.parquet,374e15163c404aa19bf8453d170490862689d4b0db1c5d34b0e6dea8f075e1b8,289
target_centrality,T:317070,0.0,performing_municipio,B,pooled,aim3_target_metrics_v2.parquet,374e15163c404aa19bf8453d170490862689d4b0db1c5d34b0e6dea8f075e1b8,<5
target_centrality,T:320120,72975.33333333334,performing_municipio,B,pooled,aim3_target_metrics_v2.parquet,374e15163c404aa19bf8453d170490862689d4b0db1c5d34b0e6dea8f075e1b8,187
target_centrality,T:320480,3485.0,performing_municipio,B,pooled,aim3_target_metrics_v2.parquet,374e15163c404aa19bf8453d170490862689d4b0db1c5d34b0e6dea8f075e1b8,<5
target_centrality,T:320500,103990.83333333334,performing_municipio,B,pooled,aim3_target_metrics_v2.parquet,374e15163c404aa19bf8453d170490862689d4b0db1c5d34b0e6dea8f075e1b8,341
target_centrality,T:320520,0.0,performing_municipio,B,pooled,aim3_target_metrics_v2.parquet,374e15163c404aa19bf8453d170490862689d4b0db1c5d34b0e6dea8f075e1b8,53
target_centrality,T:320530,204645.83333333334,performing_municipio,B,pooled,aim3_target_metrics_v2.parquet,374e15163c404aa19bf8453d170490862689d4b0db1c5d34b0e6dea8f075e1b8,372
target_centrality,T:330010,0.0,performing_municipio,B,pooled,aim3_target_metrics_v2.parquet,374e15163c404aa19bf8453d170490862689d4b0db1c5d34b0e6dea8f075e1b8,<5
target_centrality,T:330060,0.0,performing_municipio,B,pooled,aim3_target_metrics_v2.parquet,374e15163c404aa19bf8453d170490862689d4b0db1c5d34b0e6dea8f075e1b8,<5
target_centrality,T:330070,0.0,performing_municipio,B,pooled,aim3_target_metrics_v2.parquet,374e15163c404aa19bf8453d170490862689d4b0db1c5d34b0e6dea8f075e1b8,10
target_centrality,T:330100,1.0,performing_municipio,B,pooled,aim3_target_metrics_v2.parquet,374e15163c404aa19bf8453d170490862689d4b0db1c5d34b0e6dea8f075e1b8,33
target_centrality,T:330170,0.0,performing_municipio,B,pooled,aim3_target_metrics_v2.parquet,374e15163c404aa19bf8453d170490862689d4b0db1c5d34b0e6dea8f075e1b8,16
target_centrality,T:330220,1.0,performing_municipio,B,pooled,aim3_target_metrics_v2.parquet,374e15163c404aa19bf8453d170490862689d4b0db1c5d34b0e6dea8f075e1b8,6
target_centrality,T:330240,17411.0,performing_municipio,B,pooled,aim3_target_metrics_v2.parquet,374e15163c404aa19bf8453d170490862689d4b0db1c5d34b0e6dea8f075e1b8,98
target_centrality,T:330330,3487.5,performing_municipio,B,pooled,aim3_target_metrics_v2.parquet,374e15163c404aa19bf8453d170490862689d4b0db1c5d34b0e6dea8f075e1b8,29
target_centrality,T:330350,6970.0,performing_municipio,B,pooled,aim3_target_metrics_v2.parquet,374e15163c404aa19bf8453d170490862689d4b0db1c5d34b0e6dea8f075e1b8,104
target_centrality,T:330390,6969.0,performing_municipio,B,pooled,aim3_target_metrics_v2.parquet,374e15163c404aa19bf8453d170490862689d4b0db1c5d34b0e6dea8f075e1b8,164
target_centrality,T:330452,0.0,performing_municipio,B,pooled,aim3_target_metrics_v2.parquet,374e15163c404aa19bf8453d170490862689d4b0db1c5d34b0e6dea8f075e1b8,<5
target_centrality,T:330455,701635.5,performing_municipio,B,pooled,aim3_target_metrics_v2.parquet,374e15163c404aa19bf8453d170490862689d4b0db1c5d34b0e6dea8f075e1b8,728
target_centrality,T:330490,194043.0,performing_municipio,B,pooled,aim3_target_metrics_v2.parquet,374e15163c404aa19bf8453d170490862689d4b0db1c5d34b0e6dea8f075e1b8,91
target_centrality,T:330630,3491.0,performing_municipio,B,pooled,aim3_target_metrics_v2.parquet,374e15163c404aa19bf8453d170490862689d4b0db1c5d34b0e6dea8f075e1b8,5
target_centrality,T:350280,20895.0,performing_municipio,B,pooled,aim3_target_metrics_v2.parquet,374e15163c404aa19bf8453d170490862689d4b0db1c5d34b0e6dea8f075e1b8,26
target_centrality,T:350320,12765.5,performing_municipio,B,pooled,aim3_target_metrics_v2.parquet,374e15163c404aa19bf8453d170490862689d4b0db1c5d34b0e6dea8f075e1b8,24
target_centrality,T:350330,3485.0,performing_municipio,B,pooled,aim3_target_metrics_v2.parquet,374e15163c404aa19bf8453d170490862689d4b0db1c5d34b0e6dea8f075e1b8,12
target_centrality,T:350400,40056.0,performing_municipio,B,pooled,aim3_target_metrics_v2.parquet,374e15163c404aa19bf8453d170490862689d4b0db1c5d34b0e6dea8f075e1b8,50
target_centrality,T:350550,173574.5,performing_municipio,B,pooled,aim3_target_metrics_v2.parquet,374e15163c404aa19bf8453d170490862689d4b0db1c5d34b0e6dea8f075e1b8,63
target_centrality,T:350570,3940.5,performing_municipio,B,pooled,aim3_target_metrics_v2.parquet,374e15163c404aa19bf8453d170490862689d4b0db1c5d34b0e6dea8f075e1b8,177
target_centrality,T:350600,180983.5,performing_municipio,B,pooled,aim3_target_metrics_v2.parquet,374e15163c404aa19bf8453d170490862689d4b0db1c5d34b0e6dea8f075e1b8,367
target_centrality,T:350750,82771.0,performing_municipio,B,pooled,aim3_target_metrics_v2.parquet,374e15163c404aa19bf8453d170490862689d4b0db1c5d34b0e6dea8f075e1b8,151
target_centrality,T:350760,839744.0,performing_municipio,B,pooled,aim3_target_metrics_v2.parquet,374e15163c404aa19bf8453d170490862689d4b0db1c5d34b0e6dea8f075e1b8,154
target_centrality,T:350950,645033.5,performing_municipio,B,pooled,aim3_target_metrics_v2.parquet,374e15163c404aa19bf8453d170490862689d4b0db1c5d34b0e6dea8f075e1b8,372
target_centrality,T:351050,3503.0,performing_municipio,B,pooled,aim3_target_metrics_v2.parquet,374e15163c404aa19bf8453d170490862689d4b0db1c5d34b0e6dea8f075e1b8,20
target_centrality,T:351060,0.0,performing_municipio,B,pooled,aim3_target_metrics_v2.parquet,374e15163c404aa19bf8453d170490862689d4b0db1c5d34b0e6dea8f075e1b8,24
target_centrality,T:351110,41754.0,performing_municipio,B,pooled,aim3_target_metrics_v2.parquet,374e15163c404aa19bf8453d170490862689d4b0db1c5d34b0e6dea8f075e1b8,68
target_centrality,T:351340,21526.0,performing_municipio,B,pooled,aim3_target_metrics_v2.parquet,374e15163c404aa19bf8453d170490862689d4b0db1c5d34b0e6dea8f075e1b8,110
target_centrality,T:351380,0.0,performing_municipio,B,pooled,aim3_target_metrics_v2.parquet,374e15163c404aa19bf8453d170490862689d4b0db1c5d34b0e6dea8f075e1b8,<5
target_centrality,T:351620,45375.0,performing_municipio,B,pooled,aim3_target_metrics_v2.parquet,374e15163c404aa19bf8453d170490862689d4b0db1c5d34b0e6dea8f075e1b8,160
target_centrality,T:351640,6972.0,performing_municipio,B,pooled,aim3_target_metrics_v2.parquet,374e15163c404aa19bf8453d170490862689d4b0db1c5d34b0e6dea8f075e1b8,32
target_centrality,T:351840,0.0,performing_municipio,B,pooled,aim3_target_metrics_v2.parquet,374e15163c404aa19bf8453d170490862689d4b0db1c5d34b0e6dea8f075e1b8,12
target_centrality,T:351880,161468.0,performing_municipio,B,pooled,aim3_target_metrics_v2.parquet,374e15163c404aa19bf8453d170490862689d4b0db1c5d34b0e6dea8f075e1b8,218
target_centrality,T:352220,3489.0,performing_municipio,B,pooled,aim3_target_metrics_v2.parquet,374e15163c404aa19bf8453d170490862689d4b0db1c5d34b0e6dea8f075e1b8,54
target_centrality,T:352310,3487.0,performing_municipio,B,pooled,aim3_target_metrics_v2.parquet,374e15163c404aa19bf8453d170490862689d4b0db1c5d34b0e6dea8f075e1b8,59
target_centrality,T:352390,0.0,performing_municipio,B,pooled,aim3_target_metrics_v2.parquet,374e15163c404aa19bf8453d170490862689d4b0db1c5d34b0e6dea8f075e1b8,14
target_centrality,T:352440,3486.0,performing_municipio,B,pooled,aim3_target_metrics_v2.parquet,374e15163c404aa19bf8453d170490862689d4b0db1c5d34b0e6dea8f075e1b8,70
target_centrality,T:352480,0.0,performing_municipio,B,pooled,aim3_target_metrics_v2.parquet,374e15163c404aa19bf8453d170490862689d4b0db1c5d34b0e6dea8f075e1b8,<5
target_centrality,T:352530,17423.5,performing_municipio,B,pooled,aim3_target_metrics_v2.parquet,374e15163c404aa19bf8453d170490862689d4b0db1c5d34b0e6dea8f075e1b8,94
target_centrality,T:352590,807810.0,performing_municipio,B,pooled,aim3_target_metrics_v2.parquet,374e15163c404aa19bf8453d170490862689d4b0db1c5d34b0e6dea8f075e1b8,218
target_centrality,T:352690,13933.0,performing_municipio,B,pooled,aim3_target_metrics_v2.parquet,374e15163c404aa19bf8453d170490862689d4b0db1c5d34b0e6dea8f075e1b8,93
target_centrality,T:352720,3485.0,performing_municipio,B,pooled,aim3_target_metrics_v2.parquet,374e15163c404aa19bf8453d170490862689d4b0db1c5d34b0e6dea8f075e1b8,6
target_centrality,T:352730,0.0,performing_municipio,B,pooled,aim3_target_metrics_v2.parquet,374e15163c404aa19bf8453d170490862689d4b0db1c5d34b0e6dea8f075e1b8,<5
target_centrality,T:352900,91654.0,performing_municipio,B,pooled,aim3_target_metrics_v2.parquet,374e15163c404aa19bf8453d170490862689d4b0db1c5d34b0e6dea8f075e1b8,85
target_centrality,T:353060,0.0,performing_municipio,B,pooled,aim3_target_metrics_v2.parquet,374e15163c404aa19bf8453d170490862689d4b0db1c5d34b0e6dea8f075e1b8,12
target_centrality,T:353440,0.0,performing_municipio,B,pooled,aim3_target_metrics_v2.parquet,374e15163c404aa19bf8453d170490862689d4b0db1c5d34b0e6dea8f075e1b8,18
target_centrality,T:353870,18990.0,performing_municipio,B,pooled,aim3_target_metrics_v2.parquet,374e15163c404aa19bf8453d170490862689d4b0db1c5d34b0e6dea8f075e1b8,156
target_centrality,T:354140,201643.0,performing_municipio,B,pooled,aim3_target_metrics_v2.parquet,374e15163c404aa19bf8453d170490862689d4b0db1c5d34b0e6dea8f075e1b8,367
target_centrality,T:354260,38281.0,performing_municipio,B,pooled,aim3_target_metrics_v2.parquet,374e15163c404aa19bf8453d170490862689d4b0db1c5d34b0e6dea8f075e1b8,26
target_centrality,T:354340,265882.0,performing_municipio,B,pooled,aim3_target_metrics_v2.parquet,374e15163c404aa19bf8453d170490862689d4b0db1c5d34b0e6dea8f075e1b8,185
target_centrality,T:354850,6969.0,performing_municipio,B,pooled,aim3_target_metrics_v2.parquet,374e15163c404aa19bf8453d170490862689d4b0db1c5d34b0e6dea8f075e1b8,180
target_centrality,T:354870,0.0,performing_municipio,B,pooled,aim3_target_metrics_v2.parquet,374e15163c404aa19bf8453d170490862689d4b0db1c5d34b0e6dea8f075e1b8,119
target_centrality,T:354880,0.0,performing_municipio,B,pooled,aim3_target_metrics_v2.parquet,374e15163c404aa19bf8453d170490862689d4b0db1c5d34b0e6dea8f075e1b8,21
target_centrality,T:354890,30478.5,performing_municipio,B,pooled,aim3_target_metrics_v2.parquet,374e15163c404aa19bf8453d170490862689d4b0db1c5d34b0e6dea8f075e1b8,48
target_centrality,T:354980,412406.5,performing_municipio,B,pooled,aim3_target_metrics_v2.parquet,374e15163c404aa19bf8453d170490862689d4b0db1c5d34b0e6dea8f075e1b8,545
target_centrality,T:354990,44744.5,performing_municipio,B,pooled,aim3_target_metrics_v2.parquet,374e15163c404aa19bf8453d170490862689d4b0db1c5d34b0e6dea8f075e1b8,172
target_centrality,T:355030,2456551.9999999995,performing_municipio,B,pooled,aim3_target_metrics_v2.parquet,374e15163c404aa19bf8453d170490862689d4b0db1c5d34b0e6dea8f075e1b8,2383
target_centrality,T:355220,193185.0,performing_municipio,B,pooled,aim3_target_metrics_v2.parquet,374e15163c404aa19bf8453d170490862689d4b0db1c5d34b0e6dea8f075e1b8,310
target_centrality,T:355280,4.0,performing_municipio,B,pooled,aim3_target_metrics_v2.parquet,374e15163c404aa19bf8453d170490862689d4b0db1c5d34b0e6dea8f075e1b8,157
target_centrality,T:355410,64636.5,performing_municipio,B,pooled,aim3_target_metrics_v2.parquet,374e15163c404aa19bf8453d170490862689d4b0db1c5d34b0e6dea8f075e1b8,119
target_centrality,T:355710,78740.0,performing_municipio,B,pooled,aim3_target_metrics_v2.parquet,374e15163c404aa19bf8453d170490862689d4b0db1c5d34b0e6dea8f075e1b8,11
target_centrality,T:410140,11979.0,performing_municipio,B,pooled,aim3_target_metrics_v2.parquet,374e15163c404aa19bf8453d170490862689d4b0db1c5d34b0e6dea8f075e1b8,17
target_centrality,T:410150,36367.0,performing_municipio,B,pooled,aim3_target_metrics_v2.parquet,374e15163c404aa19bf8453d170490862689d4b0db1c5d34b0e6dea8f075e1b8,134
target_centrality,T:410400,51042.5,performing_municipio,B,pooled,aim3_target_metrics_v2.parquet,374e15163c404aa19bf8453d170490862689d4b0db1c5d34b0e6dea8f075e1b8,60
target_centrality,T:410420,2.5,performing_municipio,B,pooled,aim3_target_metrics_v2.parquet,374e15163c404aa19bf8453d170490862689d4b0db1c5d34b0e6dea8f075e1b8,12
target_centrality,T:410430,66197.0,performing_municipio,B,pooled,aim3_target_metrics_v2.parquet,374e15163c404aa19bf8453d170490862689d4b0db1c5d34b0e6dea8f075e1b8,94
target_centrality,T:410480,209150.0,performing_municipio,B,pooled,aim3_target_metrics_v2.parquet,374e15163c404aa19bf8453d170490862689d4b0db1c5d34b0e6dea8f075e1b8,241
target_centrality,T:410590,10452.0,performing_municipio,B,pooled,aim3_target_metrics_v2.parquet,374e15163c404aa19bf8453d170490862689d4b0db1c5d34b0e6dea8f075e1b8,8
target_centrality,T:410690,989277.0,performing_municipio,B,pooled,aim3_target_metrics_v2.parquet,374e15163c404aa19bf8453d170490862689d4b0db1c5d34b0e6dea8f075e1b8,354
target_centrality,T:410830,17587.0,performing_municipio,B,pooled,aim3_target_metrics_v2.parquet,374e15163c404aa19bf8453d170490862689d4b0db1c5d34b0e6dea8f075e1b8,157
target_centrality,T:411370,235386.5,performing_municipio,B,pooled,aim3_target_metrics_v2.parquet,374e15163c404aa19bf8453d170490862689d4b0db1c5d34b0e6dea8f075e1b8,377
target_centrality,T:411520,99389.0,performing_municipio,B,pooled,aim3_target_metrics_v2.parquet,374e15163c404aa19bf8453d170490862689d4b0db1c5d34b0e6dea8f075e1b8,160
target_centrality,T:411990,102869.5,performing_municipio,B,pooled,aim3_target_metrics_v2.parquet,374e15163c404aa19bf8453d170490862689d4b0db1c5d34b0e6dea8f075e1b8,141
target_centrality,T:412550,0.0,performing_municipio,B,pooled,aim3_target_metrics_v2.parquet,374e15163c404aa19bf8453d170490862689d4b0db1c5d34b0e6dea8f075e1b8,19
target_centrality,T:412770,0.0,performing_municipio,B,pooled,aim3_target_metrics_v2.parquet,374e15163c404aa19bf8453d170490862689d4b0db1c5d34b0e6dea8f075e1b8,<5
target_centrality,T:412810,0.0,performing_municipio,B,pooled,aim3_target_metrics_v2.parquet,374e15163c404aa19bf8453d170490862689d4b0db1c5d34b0e6dea8f075e1b8,<5
target_centrality,T:420240,184595.5,performing_municipio,B,pooled,aim3_target_metrics_v2.parquet,374e15163c404aa19bf8453d170490862689d4b0db1c5d34b0e6dea8f075e1b8,42
target_centrality,T:420290,581282.5,performing_municipio,B,pooled,aim3_target_metrics_v2.parquet,374e15163c404aa19bf8453d170490862689d4b0db1c5d34b0e6dea8f075e1b8,248
target_centrality,T:420300,141314.5,performing_municipio,B,pooled,aim3_target_metrics_v2.parquet,374e15163c404aa19bf8453d170490862689d4b0db1c5d34b0e6dea8f075e1b8,153
target_centrality,T:420460,17416.0,performing_municipio,B,pooled,aim3_target_metrics_v2.parquet,374e15163c404aa19bf8453d170490862689d4b0db1c5d34b0e6dea8f075e1b8,29
target_centrality,T:420540,163472.0,performing_municipio,B,pooled,aim3_target_metrics_v2.parquet,374e15163c404aa19bf8453d170490862689d4b0db1c5d34b0e6dea8f075e1b8,260
target_centrality,T:420890,3485.0,performing_municipio,B,pooled,aim3_target_metrics_v2.parquet,374e15163c404aa19bf8453d170490862689d4b0db1c5d34b0e6dea8f075e1b8,6
target_centrality,T:420900,41762.5,performing_municipio,B,pooled,aim3_target_metrics_v2.parquet,374e15163c404aa19bf8453d170490862689d4b0db1c5d34b0e6dea8f075e1b8,73
target_centrality,T:420910,103975.0,performing_municipio,B,pooled,aim3_target_metrics_v2.parquet,374e15163c404aa19bf8453d170490862689d4b0db1c5d34b0e6dea8f075e1b8,169
target_centrality,T:420930,41754.0,performing_municipio,B,pooled,aim3_target_metrics_v2.parquet,374e15163c404aa19bf8453d170490862689d4b0db1c5d34b0e6dea8f075e1b8,76
target_centrality,T:421010,572809.5,performing_municipio,B,pooled,aim3_target_metrics_v2.parquet,374e15163c404aa19bf8453d170490862689d4b0db1c5d34b0e6dea8f075e1b8,172
target_centrality,T:421480,1.0,performing_municipio,B,pooled,aim3_target_metrics_v2.parquet,374e15163c404aa19bf8453d170490862689d4b0db1c5d34b0e6dea8f075e1b8,<5
target_centrality,T:421660,14323.0,performing_municipio,B,pooled,aim3_target_metrics_v2.parquet,374e15163c404aa19bf8453d170490862689d4b0db1c5d34b0e6dea8f075e1b8,29
target_centrality,T:421720,141859.0,performing_municipio,B,pooled,aim3_target_metrics_v2.parquet,374e15163c404aa19bf8453d170490862689d4b0db1c5d34b0e6dea8f075e1b8,144
target_centrality,T:421770,6900.5,performing_municipio,B,pooled,aim3_target_metrics_v2.parquet,374e15163c404aa19bf8453d170490862689d4b0db1c5d34b0e6dea8f075e1b8,21
target_centrality,T:421870,6288.0,performing_municipio,B,pooled,aim3_target_metrics_v2.parquet,374e15163c404aa19bf8453d170490862689d4b0db1c5d34b0e6dea8f075e1b8,5
target_centrality,T:430210,0.0,performing_municipio,B,pooled,aim3_target_metrics_v2.parquet,374e15163c404aa19bf8453d170490862689d4b0db1c5d34b0e6dea8f075e1b8,<5
target_centrality,T:430460,13933.0,performing_municipio,B,pooled,aim3_target_metrics_v2.parquet,374e15163c404aa19bf8453d170490862689d4b0db1c5d34b0e6dea8f075e1b8,92
target_centrality,T:430510,288444.5,performing_municipio,B,pooled,aim3_target_metrics_v2.parquet,374e15163c404aa19bf8453d170490862689d4b0db1c5d34b0e6dea8f075e1b8,228
target_centrality,T:430700,31330.0,performing_municipio,B,pooled,aim3_target_metrics_v2.parquet,374e15163c404aa19bf8453d170490862689d4b0db1c5d34b0e6dea8f075e1b8,22
target_centrality,T:430800,16201.5,performing_municipio,B,pooled,aim3_target_metrics_v2.parquet,374e15163c404aa19bf8453d170490862689d4b0db1c5d34b0e6dea8f075e1b8,48
target_centrality,T:430860,100021.5,performing_municipio,B,pooled,aim3_target_metrics_v2.parquet,374e15163c404aa19bf8453d170490862689d4b0db1c5d34b0e6dea8f075e1b8,195
target_centrality,T:431020,51142.5,performing_municipio,B,pooled,aim3_target_metrics_v2.parquet,374e15163c404aa19bf8453d170490862689d4b0db1c5d34b0e6dea8f075e1b8,60
target_centrality,T:431350,0.0,performing_municipio,B,pooled,aim3_target_metrics_v2.parquet,374e15163c404aa19bf8453d170490862689d4b0db1c5d34b0e6dea8f075e1b8,<5
target_centrality,T:431405,0.0,performing_municipio,B,pooled,aim3_target_metrics_v2.parquet,374e15163c404aa19bf8453d170490862689d4b0db1c5d34b0e6dea8f075e1b8,<5
target_centrality,T:431410,66902.5,performing_municipio,B,pooled,aim3_target_metrics_v2.parquet,374e15163c404aa19bf8453d170490862689d4b0db1c5d34b0e6dea8f075e1b8,103
target_centrality,T:431440,6970.0,performing_municipio,B,pooled,aim3_target_metrics_v2.parquet,374e15163c404aa19bf8453d170490862689d4b0db1c5d34b0e6dea8f075e1b8,35
target_centrality,T:431490,559080.0,performing_municipio,B,pooled,aim3_target_metrics_v2.parquet,374e15163c404aa19bf8453d170490862689d4b0db1c5d34b0e6dea8f075e1b8,1095
target_centrality,T:431530,0.0,performing_municipio,B,pooled,aim3_target_metrics_v2.parquet,374e15163c404aa19bf8453d170490862689d4b0db1c5d34b0e6dea8f075e1b8,<5
target_centrality,T:431560,3489.0,performing_municipio,B,pooled,aim3_target_metrics_v2.parquet,374e15163c404aa19bf8453d170490862689d4b0db1c5d34b0e6dea8f075e1b8,32
target_centrality,T:431680,0.0,performing_municipio,B,pooled,aim3_target_metrics_v2.parquet,374e15163c404aa19bf8453d170490862689d4b0db1c5d34b0e6dea8f075e1b8,66
target_centrality,T:431690,560514.5,performing_municipio,B,pooled,aim3_target_metrics_v2.parquet,374e15163c404aa19bf8453d170490862689d4b0db1c5d34b0e6dea8f075e1b8,482
target_centrality,T:431750,0.0,performing_municipio,B,pooled,aim3_target_metrics_v2.parquet,374e15163c404aa19bf8453d170490862689d4b0db1c5d34b0e6dea8f075e1b8,<5
target_centrality,T:431870,0.0,performing_municipio,B,pooled,aim3_target_metrics_v2.parquet,374e15163c404aa19bf8453d170490862689d4b0db1c5d34b0e6dea8f075e1b8,<5
target_centrality,T:500270,98202.5,performing_municipio,B,pooled,aim3_target_metrics_v2.parquet,374e15163c404aa19bf8453d170490862689d4b0db1c5d34b0e6dea8f075e1b8,213
target_centrality,T:500370,0.0,performing_municipio,B,pooled,aim3_target_metrics_v2.parquet,374e15163c404aa19bf8453d170490862689d4b0db1c5d34b0e6dea8f075e1b8,<5
target_centrality,T:500660,14141.0,performing_municipio,B,pooled,aim3_target_metrics_v2.parquet,374e15163c404aa19bf8453d170490862689d4b0db1c5d34b0e6dea8f075e1b8,11
target_centrality,T:500830,111090.5,performing_municipio,B,pooled,aim3_target_metrics_v2.parquet,374e15163c404aa19bf8453d170490862689d4b0db1c5d34b0e6dea8f075e1b8,84
target_centrality,T:510340,295337.5,performing_municipio,B,pooled,aim3_target_metrics_v2.parquet,374e15163c404aa19bf8453d170490862689d4b0db1c5d34b0e6dea8f075e1b8,238
target_centrality,T:510525,0.0,performing_municipio,B,pooled,aim3_target_metrics_v2.parquet,374e15163c404aa19bf8453d170490862689d4b0db1c5d34b0e6dea8f075e1b8,20
target_centrality,T:510704,0.0,performing_municipio,B,pooled,aim3_target_metrics_v2.parquet,374e15163c404aa19bf8453d170490862689d4b0db1c5d34b0e6dea8f075e1b8,<5
target_centrality,T:510760,13898.0,performing_municipio,B,pooled,aim3_target_metrics_v2.parquet,374e15163c404aa19bf8453d170490862689d4b0db1c5d34b0e6dea8f075e1b8,64
target_centrality,T:510790,19767.0,performing_municipio,B,pooled,aim3_target_metrics_v2.parquet,374e15163c404aa19bf8453d170490862689d4b0db1c5d34b0e6dea8f075e1b8,42
target_centrality,T:510792,196797.5,performing_municipio,B,pooled,aim3_target_metrics_v2.parquet,374e15163c404aa19bf8453d170490862689d4b0db1c5d34b0e6dea8f075e1b8,85
target_centrality,T:510840,6969.0,performing_municipio,B,pooled,aim3_target_metrics_v2.parquet,374e15163c404aa19bf8453d170490862689d4b0db1c5d34b0e6dea8f075e1b8,26
target_centrality,T:520140,0.0,performing_municipio,B,pooled,aim3_target_metrics_v2.parquet,374e15163c404aa19bf8453d170490862689d4b0db1c5d34b0e6dea8f075e1b8,33
target_centrality,T:520870,512611.5,performing_municipio,B,pooled,aim3_target_metrics_v2.parquet,374e15163c404aa19bf8453d170490862689d4b0db1c5d34b0e6dea8f075e1b8,349
target_centrality,T:521150,174970.0000000011,performing_municipio,B,pooled,aim3_target_metrics_v2.parquet,374e15163c404aa19bf8453d170490862689d4b0db1c5d34b0e6dea8f075e1b8,195
target_centrality,T:521250,0.0,performing_municipio,B,pooled,aim3_target_metrics_v2.parquet,374e15163c404aa19bf8453d170490862689d4b0db1c5d34b0e6dea8f075e1b8,<5
target_centrality,T:521310,0.0,performing_municipio,B,pooled,aim3_target_metrics_v2.parquet,374e15163c404aa19bf8453d170490862689d4b0db1c5d34b0e6dea8f075e1b8,5
target_centrality,T:521880,0.0,performing_municipio,B,pooled,aim3_target_metrics_v2.parquet,374e15163c404aa19bf8453d170490862689d4b0db1c5d34b0e6dea8f075e1b8,50
target_centrality,T:521930,336701.0,performing_municipio,B,pooled,aim3_target_metrics_v2.parquet,374e15163c404aa19bf8453d170490862689d4b0db1c5d34b0e6dea8f075e1b8,206
target_centrality,T:522160,48300.5,performing_municipio,B,pooled,aim3_target_metrics_v2.parquet,374e15163c404aa19bf8453d170490862689d4b0db1c5d34b0e6dea8f075e1b8,55
target_centrality,T:530010,626823.0000000002,performing_municipio,B,pooled,aim3_target_metrics_v2.parquet,374e15163c404aa19bf8453d170490862689d4b0db1c5d34b0e6dea8f075e1b8,338
